<?xml version="1.0" encoding="UTF-8"?>
<XML>
  <!--Data from the SSDC Cosmic Ray Database www.ssdc.asi.it-->
  <!--Before using these data please consult the original publication-->
  <HEADER>
    <PARTICLE>He</PARTICLE>
    <MISSION>AMS-02</MISSION>
    <UNITS>
      <flux>(m^2 s sr GV)^(-1)</flux>
      <rigidity>GV</rigidity>
      <time>UTC</time>
    </UNITS>
    <DOI>10.1103/PhysRevLett.121.051101</DOI>
    <JOURNAL>PRL</JOURNAL>
    <YEAR>2018</YEAR>
    <VOLUME>121</VOLUME>
    <PAGE>051101</PAGE>
    <TITLE>Observation of Fine Time Structures in the Cosmic Proton and Helium Fluxes with the Alpha Magnetic Spectrometer on the International Space Station</TITLE>
    <AUTHORS>Aguilar M., et al.</AUTHORS>
    <!--Columns (variables) listed inside ORIGINAL_COLUMNS are reported in this file as in the original publication. Please always consult the original publication.-->
    <ORIGINAL_COLUMNS>time_min,time_max,rigidity_min,rigidity_max,flux,flux_statistical_error_low,flux_statistical_error_high,flux_systematical_error_low,flux_systematical_error_high</ORIGINAL_COLUMNS>
    <ADS_LINK>null</ADS_LINK>
  </HEADER>
  <DATA>
    <time_min>2011-05-15T00:00:00</time_min>
    <time_max>2011-06-10T23:59:59</time_max>
    <rigidity_min>2.15</rigidity_min>
    <rigidity_max>2.4</rigidity_max>
    <flux>66.68</flux>
    <flux_statistical_error_low>0.54</flux_statistical_error_low>
    <flux_statistical_error_high>0.54</flux_statistical_error_high>
    <flux_systematical_error_low>1.38</flux_systematical_error_low>
    <flux_systematical_error_high>1.38</flux_systematical_error_high>
  </DATA>
  <DATA>
    <time_min>2011-06-11T00:00:00</time_min>
    <time_max>2011-07-07T23:59:59</time_max>
    <rigidity_min>2.15</rigidity_min>
    <rigidity_max>2.4</rigidity_max>
    <flux>63.89</flux>
    <flux_statistical_error_low>0.39</flux_statistical_error_low>
    <flux_statistical_error_high>0.39</flux_statistical_error_high>
    <flux_systematical_error_low>1.25</flux_systematical_error_low>
    <flux_systematical_error_high>1.25</flux_systematical_error_high>
  </DATA>
  <DATA>
    <time_min>2011-07-08T00:00:00</time_min>
    <time_max>2011-08-03T23:59:59</time_max>
    <rigidity_min>2.15</rigidity_min>
    <rigidity_max>2.4</rigidity_max>
    <flux>66.02</flux>
    <flux_statistical_error_low>0.38</flux_statistical_error_low>
    <flux_statistical_error_high>0.38</flux_statistical_error_high>
    <flux_systematical_error_low>1.31</flux_systematical_error_low>
    <flux_systematical_error_high>1.31</flux_systematical_error_high>
  </DATA>
  <DATA>
    <time_min>2011-08-04T00:00:00</time_min>
    <time_max>2011-08-30T23:59:59</time_max>
    <rigidity_min>2.15</rigidity_min>
    <rigidity_max>2.4</rigidity_max>
    <flux>65.52</flux>
    <flux_statistical_error_low>0.35</flux_statistical_error_low>
    <flux_statistical_error_high>0.35</flux_statistical_error_high>
    <flux_systematical_error_low>1.23</flux_systematical_error_low>
    <flux_systematical_error_high>1.23</flux_systematical_error_high>
  </DATA>
  <DATA>
    <time_min>2011-08-31T00:00:00</time_min>
    <time_max>2011-09-26T23:59:59</time_max>
    <rigidity_min>2.15</rigidity_min>
    <rigidity_max>2.4</rigidity_max>
    <flux>65.8</flux>
    <flux_statistical_error_low>0.35</flux_statistical_error_low>
    <flux_statistical_error_high>0.35</flux_statistical_error_high>
    <flux_systematical_error_low>1.24</flux_systematical_error_low>
    <flux_systematical_error_high>1.24</flux_systematical_error_high>
  </DATA>
  <DATA>
    <time_min>2011-09-27T00:00:00</time_min>
    <time_max>2011-10-23T23:59:59</time_max>
    <rigidity_min>2.15</rigidity_min>
    <rigidity_max>2.4</rigidity_max>
    <flux>60.94</flux>
    <flux_statistical_error_low>0.33</flux_statistical_error_low>
    <flux_statistical_error_high>0.33</flux_statistical_error_high>
    <flux_systematical_error_low>1.16</flux_systematical_error_low>
    <flux_systematical_error_high>1.16</flux_systematical_error_high>
  </DATA>
  <DATA>
    <time_min>2011-10-24T00:00:00</time_min>
    <time_max>2011-11-19T23:59:59</time_max>
    <rigidity_min>2.15</rigidity_min>
    <rigidity_max>2.4</rigidity_max>
    <flux>65.12</flux>
    <flux_statistical_error_low>0.34</flux_statistical_error_low>
    <flux_statistical_error_high>0.34</flux_statistical_error_high>
    <flux_systematical_error_low>1.24</flux_systematical_error_low>
    <flux_systematical_error_high>1.24</flux_systematical_error_high>
  </DATA>
  <DATA>
    <time_min>2011-11-20T00:00:00</time_min>
    <time_max>2011-12-16T23:59:59</time_max>
    <rigidity_min>2.15</rigidity_min>
    <rigidity_max>2.4</rigidity_max>
    <flux>68.21</flux>
    <flux_statistical_error_low>0.36</flux_statistical_error_low>
    <flux_statistical_error_high>0.36</flux_statistical_error_high>
    <flux_systematical_error_low>1.3</flux_systematical_error_low>
    <flux_systematical_error_high>1.3</flux_systematical_error_high>
  </DATA>
  <DATA>
    <time_min>2011-12-17T00:00:00</time_min>
    <time_max>2012-01-12T23:59:59</time_max>
    <rigidity_min>2.15</rigidity_min>
    <rigidity_max>2.4</rigidity_max>
    <flux>69.51</flux>
    <flux_statistical_error_low>0.36</flux_statistical_error_low>
    <flux_statistical_error_high>0.36</flux_statistical_error_high>
    <flux_systematical_error_low>1.3</flux_systematical_error_low>
    <flux_systematical_error_high>1.3</flux_systematical_error_high>
  </DATA>
  <DATA>
    <time_min>2012-01-13T00:00:00</time_min>
    <time_max>2012-02-08T23:59:59</time_max>
    <rigidity_min>2.15</rigidity_min>
    <rigidity_max>2.4</rigidity_max>
    <flux>66.36</flux>
    <flux_statistical_error_low>0.36</flux_statistical_error_low>
    <flux_statistical_error_high>0.36</flux_statistical_error_high>
    <flux_systematical_error_low>1.27</flux_systematical_error_low>
    <flux_systematical_error_high>1.27</flux_systematical_error_high>
  </DATA>
  <DATA>
    <time_min>2012-02-09T00:00:00</time_min>
    <time_max>2012-03-06T23:59:59</time_max>
    <rigidity_min>2.15</rigidity_min>
    <rigidity_max>2.4</rigidity_max>
    <flux>64.47</flux>
    <flux_statistical_error_low>0.35</flux_statistical_error_low>
    <flux_statistical_error_high>0.35</flux_statistical_error_high>
    <flux_systematical_error_low>1.25</flux_systematical_error_low>
    <flux_systematical_error_high>1.25</flux_systematical_error_high>
  </DATA>
  <DATA>
    <time_min>2012-03-07T00:00:00</time_min>
    <time_max>2012-04-02T23:59:59</time_max>
    <rigidity_min>2.15</rigidity_min>
    <rigidity_max>2.4</rigidity_max>
    <flux>53.73</flux>
    <flux_statistical_error_low>0.33</flux_statistical_error_low>
    <flux_statistical_error_high>0.33</flux_statistical_error_high>
    <flux_systematical_error_low>1.05</flux_systematical_error_low>
    <flux_systematical_error_high>1.05</flux_systematical_error_high>
  </DATA>
  <DATA>
    <time_min>2012-04-03T00:00:00</time_min>
    <time_max>2012-04-29T23:59:59</time_max>
    <rigidity_min>2.15</rigidity_min>
    <rigidity_max>2.4</rigidity_max>
    <flux>61.16</flux>
    <flux_statistical_error_low>0.33</flux_statistical_error_low>
    <flux_statistical_error_high>0.33</flux_statistical_error_high>
    <flux_systematical_error_low>1.16</flux_systematical_error_low>
    <flux_systematical_error_high>1.16</flux_systematical_error_high>
  </DATA>
  <DATA>
    <time_min>2012-04-30T00:00:00</time_min>
    <time_max>2012-05-26T23:59:59</time_max>
    <rigidity_min>2.15</rigidity_min>
    <rigidity_max>2.4</rigidity_max>
    <flux>63.77</flux>
    <flux_statistical_error_low>0.35</flux_statistical_error_low>
    <flux_statistical_error_high>0.35</flux_statistical_error_high>
    <flux_systematical_error_low>1.22</flux_systematical_error_low>
    <flux_systematical_error_high>1.22</flux_systematical_error_high>
  </DATA>
  <DATA>
    <time_min>2012-05-27T00:00:00</time_min>
    <time_max>2012-06-22T23:59:59</time_max>
    <rigidity_min>2.15</rigidity_min>
    <rigidity_max>2.4</rigidity_max>
    <flux>59.45</flux>
    <flux_statistical_error_low>0.33</flux_statistical_error_low>
    <flux_statistical_error_high>0.33</flux_statistical_error_high>
    <flux_systematical_error_low>1.15</flux_systematical_error_low>
    <flux_systematical_error_high>1.15</flux_systematical_error_high>
  </DATA>
  <DATA>
    <time_min>2012-06-23T00:00:00</time_min>
    <time_max>2012-07-19T23:59:59</time_max>
    <rigidity_min>2.15</rigidity_min>
    <rigidity_max>2.4</rigidity_max>
    <flux>58.34</flux>
    <flux_statistical_error_low>0.33</flux_statistical_error_low>
    <flux_statistical_error_high>0.33</flux_statistical_error_high>
    <flux_systematical_error_low>1.13</flux_systematical_error_low>
    <flux_systematical_error_high>1.13</flux_systematical_error_high>
  </DATA>
  <DATA>
    <time_min>2012-07-20T00:00:00</time_min>
    <time_max>2012-08-15T23:59:59</time_max>
    <rigidity_min>2.15</rigidity_min>
    <rigidity_max>2.4</rigidity_max>
    <flux>49.9</flux>
    <flux_statistical_error_low>0.29</flux_statistical_error_low>
    <flux_statistical_error_high>0.29</flux_statistical_error_high>
    <flux_systematical_error_low>0.96</flux_systematical_error_low>
    <flux_systematical_error_high>0.96</flux_systematical_error_high>
  </DATA>
  <DATA>
    <time_min>2012-08-16T00:00:00</time_min>
    <time_max>2012-09-11T23:59:59</time_max>
    <rigidity_min>2.15</rigidity_min>
    <rigidity_max>2.4</rigidity_max>
    <flux>50.21</flux>
    <flux_statistical_error_low>0.29</flux_statistical_error_low>
    <flux_statistical_error_high>0.29</flux_statistical_error_high>
    <flux_systematical_error_low>0.96</flux_systematical_error_low>
    <flux_systematical_error_high>0.96</flux_systematical_error_high>
  </DATA>
  <DATA>
    <time_min>2012-09-12T00:00:00</time_min>
    <time_max>2012-10-08T23:59:59</time_max>
    <rigidity_min>2.15</rigidity_min>
    <rigidity_max>2.4</rigidity_max>
    <flux>53.75</flux>
    <flux_statistical_error_low>0.3</flux_statistical_error_low>
    <flux_statistical_error_high>0.3</flux_statistical_error_high>
    <flux_systematical_error_low>1.03</flux_systematical_error_low>
    <flux_systematical_error_high>1.03</flux_systematical_error_high>
  </DATA>
  <DATA>
    <time_min>2012-10-09T00:00:00</time_min>
    <time_max>2012-11-04T23:59:59</time_max>
    <rigidity_min>2.15</rigidity_min>
    <rigidity_max>2.4</rigidity_max>
    <flux>51.75</flux>
    <flux_statistical_error_low>0.31</flux_statistical_error_low>
    <flux_statistical_error_high>0.31</flux_statistical_error_high>
    <flux_systematical_error_low>1.01</flux_systematical_error_low>
    <flux_systematical_error_high>1.01</flux_systematical_error_high>
  </DATA>
  <DATA>
    <time_min>2012-11-05T00:00:00</time_min>
    <time_max>2012-12-01T23:59:59</time_max>
    <rigidity_min>2.15</rigidity_min>
    <rigidity_max>2.4</rigidity_max>
    <flux>51.94</flux>
    <flux_statistical_error_low>0.3</flux_statistical_error_low>
    <flux_statistical_error_high>0.3</flux_statistical_error_high>
    <flux_systematical_error_low>1.0</flux_systematical_error_low>
    <flux_systematical_error_high>1.0</flux_systematical_error_high>
  </DATA>
  <DATA>
    <time_min>2012-12-02T00:00:00</time_min>
    <time_max>2012-12-28T23:59:59</time_max>
    <rigidity_min>2.15</rigidity_min>
    <rigidity_max>2.4</rigidity_max>
    <flux>53.11</flux>
    <flux_statistical_error_low>0.3</flux_statistical_error_low>
    <flux_statistical_error_high>0.3</flux_statistical_error_high>
    <flux_systematical_error_low>1.06</flux_systematical_error_low>
    <flux_systematical_error_high>1.06</flux_systematical_error_high>
  </DATA>
  <DATA>
    <time_min>2012-12-29T00:00:00</time_min>
    <time_max>2013-01-24T23:59:59</time_max>
    <rigidity_min>2.15</rigidity_min>
    <rigidity_max>2.4</rigidity_max>
    <flux>56.28</flux>
    <flux_statistical_error_low>0.31</flux_statistical_error_low>
    <flux_statistical_error_high>0.31</flux_statistical_error_high>
    <flux_systematical_error_low>1.1</flux_systematical_error_low>
    <flux_systematical_error_high>1.1</flux_systematical_error_high>
  </DATA>
  <DATA>
    <time_min>2013-01-25T00:00:00</time_min>
    <time_max>2013-02-20T23:59:59</time_max>
    <rigidity_min>2.15</rigidity_min>
    <rigidity_max>2.4</rigidity_max>
    <flux>58.09</flux>
    <flux_statistical_error_low>0.32</flux_statistical_error_low>
    <flux_statistical_error_high>0.32</flux_statistical_error_high>
    <flux_systematical_error_low>1.12</flux_systematical_error_low>
    <flux_systematical_error_high>1.12</flux_systematical_error_high>
  </DATA>
  <DATA>
    <time_min>2013-02-21T00:00:00</time_min>
    <time_max>2013-03-19T23:59:59</time_max>
    <rigidity_min>2.15</rigidity_min>
    <rigidity_max>2.4</rigidity_max>
    <flux>57.86</flux>
    <flux_statistical_error_low>0.32</flux_statistical_error_low>
    <flux_statistical_error_high>0.32</flux_statistical_error_high>
    <flux_systematical_error_low>1.14</flux_systematical_error_low>
    <flux_systematical_error_high>1.14</flux_systematical_error_high>
  </DATA>
  <DATA>
    <time_min>2013-03-20T00:00:00</time_min>
    <time_max>2013-04-15T23:59:59</time_max>
    <rigidity_min>2.15</rigidity_min>
    <rigidity_max>2.4</rigidity_max>
    <flux>54.58</flux>
    <flux_statistical_error_low>0.31</flux_statistical_error_low>
    <flux_statistical_error_high>0.31</flux_statistical_error_high>
    <flux_systematical_error_low>1.05</flux_systematical_error_low>
    <flux_systematical_error_high>1.05</flux_systematical_error_high>
  </DATA>
  <DATA>
    <time_min>2013-04-16T00:00:00</time_min>
    <time_max>2013-05-12T23:59:59</time_max>
    <rigidity_min>2.15</rigidity_min>
    <rigidity_max>2.4</rigidity_max>
    <flux>53.77</flux>
    <flux_statistical_error_low>0.3</flux_statistical_error_low>
    <flux_statistical_error_high>0.3</flux_statistical_error_high>
    <flux_systematical_error_low>1.04</flux_systematical_error_low>
    <flux_systematical_error_high>1.04</flux_systematical_error_high>
  </DATA>
  <DATA>
    <time_min>2013-05-13T00:00:00</time_min>
    <time_max>2013-06-08T23:59:59</time_max>
    <rigidity_min>2.15</rigidity_min>
    <rigidity_max>2.4</rigidity_max>
    <flux>44.73</flux>
    <flux_statistical_error_low>0.28</flux_statistical_error_low>
    <flux_statistical_error_high>0.28</flux_statistical_error_high>
    <flux_systematical_error_low>0.87</flux_systematical_error_low>
    <flux_systematical_error_high>0.87</flux_systematical_error_high>
  </DATA>
  <DATA>
    <time_min>2013-06-09T00:00:00</time_min>
    <time_max>2013-07-05T23:59:59</time_max>
    <rigidity_min>2.15</rigidity_min>
    <rigidity_max>2.4</rigidity_max>
    <flux>45.56</flux>
    <flux_statistical_error_low>0.28</flux_statistical_error_low>
    <flux_statistical_error_high>0.28</flux_statistical_error_high>
    <flux_systematical_error_low>0.88</flux_systematical_error_low>
    <flux_systematical_error_high>0.88</flux_systematical_error_high>
  </DATA>
  <DATA>
    <time_min>2013-07-06T00:00:00</time_min>
    <time_max>2013-08-01T23:59:59</time_max>
    <rigidity_min>2.15</rigidity_min>
    <rigidity_max>2.4</rigidity_max>
    <flux>45.54</flux>
    <flux_statistical_error_low>0.28</flux_statistical_error_low>
    <flux_statistical_error_high>0.28</flux_statistical_error_high>
    <flux_systematical_error_low>0.88</flux_systematical_error_low>
    <flux_systematical_error_high>0.88</flux_systematical_error_high>
  </DATA>
  <DATA>
    <time_min>2013-08-02T00:00:00</time_min>
    <time_max>2013-08-28T23:59:59</time_max>
    <rigidity_min>2.15</rigidity_min>
    <rigidity_max>2.4</rigidity_max>
    <flux>46.1</flux>
    <flux_statistical_error_low>0.27</flux_statistical_error_low>
    <flux_statistical_error_high>0.27</flux_statistical_error_high>
    <flux_systematical_error_low>0.91</flux_systematical_error_low>
    <flux_systematical_error_high>0.91</flux_systematical_error_high>
  </DATA>
  <DATA>
    <time_min>2013-08-29T00:00:00</time_min>
    <time_max>2013-09-24T23:59:59</time_max>
    <rigidity_min>2.15</rigidity_min>
    <rigidity_max>2.4</rigidity_max>
    <flux>44.35</flux>
    <flux_statistical_error_low>0.28</flux_statistical_error_low>
    <flux_statistical_error_high>0.28</flux_statistical_error_high>
    <flux_systematical_error_low>0.86</flux_systematical_error_low>
    <flux_systematical_error_high>0.86</flux_systematical_error_high>
  </DATA>
  <DATA>
    <time_min>2013-09-25T00:00:00</time_min>
    <time_max>2013-10-21T23:59:59</time_max>
    <rigidity_min>2.15</rigidity_min>
    <rigidity_max>2.4</rigidity_max>
    <flux>45.7</flux>
    <flux_statistical_error_low>0.28</flux_statistical_error_low>
    <flux_statistical_error_high>0.28</flux_statistical_error_high>
    <flux_systematical_error_low>0.88</flux_systematical_error_low>
    <flux_systematical_error_high>0.88</flux_systematical_error_high>
  </DATA>
  <DATA>
    <time_min>2013-10-22T00:00:00</time_min>
    <time_max>2013-11-17T23:59:59</time_max>
    <rigidity_min>2.15</rigidity_min>
    <rigidity_max>2.4</rigidity_max>
    <flux>46.48</flux>
    <flux_statistical_error_low>0.3</flux_statistical_error_low>
    <flux_statistical_error_high>0.3</flux_statistical_error_high>
    <flux_systematical_error_low>0.91</flux_systematical_error_low>
    <flux_systematical_error_high>0.91</flux_systematical_error_high>
  </DATA>
  <DATA>
    <time_min>2013-11-18T00:00:00</time_min>
    <time_max>2013-12-14T23:59:59</time_max>
    <rigidity_min>2.15</rigidity_min>
    <rigidity_max>2.4</rigidity_max>
    <flux>45.71</flux>
    <flux_statistical_error_low>0.28</flux_statistical_error_low>
    <flux_statistical_error_high>0.28</flux_statistical_error_high>
    <flux_systematical_error_low>0.91</flux_systematical_error_low>
    <flux_systematical_error_high>0.91</flux_systematical_error_high>
  </DATA>
  <DATA>
    <time_min>2013-12-15T00:00:00</time_min>
    <time_max>2014-01-10T23:59:59</time_max>
    <rigidity_min>2.15</rigidity_min>
    <rigidity_max>2.4</rigidity_max>
    <flux>45.28</flux>
    <flux_statistical_error_low>0.27</flux_statistical_error_low>
    <flux_statistical_error_high>0.27</flux_statistical_error_high>
    <flux_systematical_error_low>0.92</flux_systematical_error_low>
    <flux_systematical_error_high>0.92</flux_systematical_error_high>
  </DATA>
  <DATA>
    <time_min>2014-01-11T00:00:00</time_min>
    <time_max>2014-02-06T23:59:59</time_max>
    <rigidity_min>2.15</rigidity_min>
    <rigidity_max>2.4</rigidity_max>
    <flux>45.63</flux>
    <flux_statistical_error_low>0.28</flux_statistical_error_low>
    <flux_statistical_error_high>0.28</flux_statistical_error_high>
    <flux_systematical_error_low>0.88</flux_systematical_error_low>
    <flux_systematical_error_high>0.88</flux_systematical_error_high>
  </DATA>
  <DATA>
    <time_min>2014-02-07T00:00:00</time_min>
    <time_max>2014-03-05T23:59:59</time_max>
    <rigidity_min>2.15</rigidity_min>
    <rigidity_max>2.4</rigidity_max>
    <flux>41.98</flux>
    <flux_statistical_error_low>0.26</flux_statistical_error_low>
    <flux_statistical_error_high>0.26</flux_statistical_error_high>
    <flux_systematical_error_low>0.85</flux_systematical_error_low>
    <flux_systematical_error_high>0.85</flux_systematical_error_high>
  </DATA>
  <DATA>
    <time_min>2014-03-06T00:00:00</time_min>
    <time_max>2014-04-01T23:59:59</time_max>
    <rigidity_min>2.15</rigidity_min>
    <rigidity_max>2.4</rigidity_max>
    <flux>43.64</flux>
    <flux_statistical_error_low>0.27</flux_statistical_error_low>
    <flux_statistical_error_high>0.27</flux_statistical_error_high>
    <flux_systematical_error_low>0.88</flux_systematical_error_low>
    <flux_systematical_error_high>0.88</flux_systematical_error_high>
  </DATA>
  <DATA>
    <time_min>2014-04-02T00:00:00</time_min>
    <time_max>2014-04-28T23:59:59</time_max>
    <rigidity_min>2.15</rigidity_min>
    <rigidity_max>2.4</rigidity_max>
    <flux>44.01</flux>
    <flux_statistical_error_low>0.27</flux_statistical_error_low>
    <flux_statistical_error_high>0.27</flux_statistical_error_high>
    <flux_systematical_error_low>0.91</flux_systematical_error_low>
    <flux_systematical_error_high>0.91</flux_systematical_error_high>
  </DATA>
  <DATA>
    <time_min>2014-04-29T00:00:00</time_min>
    <time_max>2014-05-25T23:59:59</time_max>
    <rigidity_min>2.15</rigidity_min>
    <rigidity_max>2.4</rigidity_max>
    <flux>47.55</flux>
    <flux_statistical_error_low>0.29</flux_statistical_error_low>
    <flux_statistical_error_high>0.29</flux_statistical_error_high>
    <flux_systematical_error_low>0.96</flux_systematical_error_low>
    <flux_systematical_error_high>0.96</flux_systematical_error_high>
  </DATA>
  <DATA>
    <time_min>2014-05-26T00:00:00</time_min>
    <time_max>2014-06-21T23:59:59</time_max>
    <rigidity_min>2.15</rigidity_min>
    <rigidity_max>2.4</rigidity_max>
    <flux>46.34</flux>
    <flux_statistical_error_low>0.28</flux_statistical_error_low>
    <flux_statistical_error_high>0.28</flux_statistical_error_high>
    <flux_systematical_error_low>0.89</flux_systematical_error_low>
    <flux_systematical_error_high>0.89</flux_systematical_error_high>
  </DATA>
  <DATA>
    <time_min>2014-06-22T00:00:00</time_min>
    <time_max>2014-07-18T23:59:59</time_max>
    <rigidity_min>2.15</rigidity_min>
    <rigidity_max>2.4</rigidity_max>
    <flux>44.68</flux>
    <flux_statistical_error_low>0.27</flux_statistical_error_low>
    <flux_statistical_error_high>0.27</flux_statistical_error_high>
    <flux_systematical_error_low>0.89</flux_systematical_error_low>
    <flux_systematical_error_high>0.89</flux_systematical_error_high>
  </DATA>
  <DATA>
    <time_min>2014-07-19T00:00:00</time_min>
    <time_max>2014-08-14T23:59:59</time_max>
    <rigidity_min>2.15</rigidity_min>
    <rigidity_max>2.4</rigidity_max>
    <flux>49.04</flux>
    <flux_statistical_error_low>0.29</flux_statistical_error_low>
    <flux_statistical_error_high>0.29</flux_statistical_error_high>
    <flux_systematical_error_low>1.0</flux_systematical_error_low>
    <flux_systematical_error_high>1.0</flux_systematical_error_high>
  </DATA>
  <DATA>
    <time_min>2014-08-15T00:00:00</time_min>
    <time_max>2014-09-10T23:59:59</time_max>
    <rigidity_min>2.15</rigidity_min>
    <rigidity_max>2.4</rigidity_max>
    <flux>52.59</flux>
    <flux_statistical_error_low>0.3</flux_statistical_error_low>
    <flux_statistical_error_high>0.3</flux_statistical_error_high>
    <flux_systematical_error_low>1.04</flux_systematical_error_low>
    <flux_systematical_error_high>1.04</flux_systematical_error_high>
  </DATA>
  <DATA>
    <time_min>2014-09-11T00:00:00</time_min>
    <time_max>2014-10-07T23:59:59</time_max>
    <rigidity_min>2.15</rigidity_min>
    <rigidity_max>2.4</rigidity_max>
    <flux>52.19</flux>
    <flux_statistical_error_low>0.36</flux_statistical_error_low>
    <flux_statistical_error_high>0.36</flux_statistical_error_high>
    <flux_systematical_error_low>1.1</flux_systematical_error_low>
    <flux_systematical_error_high>1.1</flux_systematical_error_high>
  </DATA>
  <DATA>
    <time_min>2014-12-01T00:00:00</time_min>
    <time_max>2014-12-27T23:59:59</time_max>
    <rigidity_min>2.15</rigidity_min>
    <rigidity_max>2.4</rigidity_max>
    <flux>51.27</flux>
    <flux_statistical_error_low>0.3</flux_statistical_error_low>
    <flux_statistical_error_high>0.3</flux_statistical_error_high>
    <flux_systematical_error_low>1.03</flux_systematical_error_low>
    <flux_systematical_error_high>1.03</flux_systematical_error_high>
  </DATA>
  <DATA>
    <time_min>2014-12-28T00:00:00</time_min>
    <time_max>2015-01-23T23:59:59</time_max>
    <rigidity_min>2.15</rigidity_min>
    <rigidity_max>2.4</rigidity_max>
    <flux>50.56</flux>
    <flux_statistical_error_low>0.3</flux_statistical_error_low>
    <flux_statistical_error_high>0.3</flux_statistical_error_high>
    <flux_systematical_error_low>1.01</flux_systematical_error_low>
    <flux_systematical_error_high>1.01</flux_systematical_error_high>
  </DATA>
  <DATA>
    <time_min>2015-01-24T00:00:00</time_min>
    <time_max>2015-02-19T23:59:59</time_max>
    <rigidity_min>2.15</rigidity_min>
    <rigidity_max>2.4</rigidity_max>
    <flux>50.54</flux>
    <flux_statistical_error_low>0.29</flux_statistical_error_low>
    <flux_statistical_error_high>0.29</flux_statistical_error_high>
    <flux_systematical_error_low>1.03</flux_systematical_error_low>
    <flux_systematical_error_high>1.03</flux_systematical_error_high>
  </DATA>
  <DATA>
    <time_min>2015-02-20T00:00:00</time_min>
    <time_max>2015-03-18T23:59:59</time_max>
    <rigidity_min>2.15</rigidity_min>
    <rigidity_max>2.4</rigidity_max>
    <flux>48.02</flux>
    <flux_statistical_error_low>0.29</flux_statistical_error_low>
    <flux_statistical_error_high>0.29</flux_statistical_error_high>
    <flux_systematical_error_low>0.95</flux_systematical_error_low>
    <flux_systematical_error_high>0.95</flux_systematical_error_high>
  </DATA>
  <DATA>
    <time_min>2015-03-19T00:00:00</time_min>
    <time_max>2015-04-14T23:59:59</time_max>
    <rigidity_min>2.15</rigidity_min>
    <rigidity_max>2.4</rigidity_max>
    <flux>44.1</flux>
    <flux_statistical_error_low>0.28</flux_statistical_error_low>
    <flux_statistical_error_high>0.28</flux_statistical_error_high>
    <flux_systematical_error_low>0.88</flux_systematical_error_low>
    <flux_systematical_error_high>0.88</flux_systematical_error_high>
  </DATA>
  <DATA>
    <time_min>2015-04-15T00:00:00</time_min>
    <time_max>2015-05-11T23:59:59</time_max>
    <rigidity_min>2.15</rigidity_min>
    <rigidity_max>2.4</rigidity_max>
    <flux>45.43</flux>
    <flux_statistical_error_low>0.28</flux_statistical_error_low>
    <flux_statistical_error_high>0.28</flux_statistical_error_high>
    <flux_systematical_error_low>0.93</flux_systematical_error_low>
    <flux_systematical_error_high>0.93</flux_systematical_error_high>
  </DATA>
  <DATA>
    <time_min>2015-05-12T00:00:00</time_min>
    <time_max>2015-06-07T23:59:59</time_max>
    <rigidity_min>2.15</rigidity_min>
    <rigidity_max>2.4</rigidity_max>
    <flux>50.88</flux>
    <flux_statistical_error_low>0.3</flux_statistical_error_low>
    <flux_statistical_error_high>0.3</flux_statistical_error_high>
    <flux_systematical_error_low>1.03</flux_systematical_error_low>
    <flux_systematical_error_high>1.03</flux_systematical_error_high>
  </DATA>
  <DATA>
    <time_min>2015-06-08T00:00:00</time_min>
    <time_max>2015-07-04T23:59:59</time_max>
    <rigidity_min>2.15</rigidity_min>
    <rigidity_max>2.4</rigidity_max>
    <flux>50.98</flux>
    <flux_statistical_error_low>0.3</flux_statistical_error_low>
    <flux_statistical_error_high>0.3</flux_statistical_error_high>
    <flux_systematical_error_low>1.01</flux_systematical_error_low>
    <flux_systematical_error_high>1.01</flux_systematical_error_high>
  </DATA>
  <DATA>
    <time_min>2015-07-05T00:00:00</time_min>
    <time_max>2015-07-31T23:59:59</time_max>
    <rigidity_min>2.15</rigidity_min>
    <rigidity_max>2.4</rigidity_max>
    <flux>54.98</flux>
    <flux_statistical_error_low>0.31</flux_statistical_error_low>
    <flux_statistical_error_high>0.31</flux_statistical_error_high>
    <flux_systematical_error_low>1.1</flux_systematical_error_low>
    <flux_systematical_error_high>1.1</flux_systematical_error_high>
  </DATA>
  <DATA>
    <time_min>2015-08-01T00:00:00</time_min>
    <time_max>2015-08-27T23:59:59</time_max>
    <rigidity_min>2.15</rigidity_min>
    <rigidity_max>2.4</rigidity_max>
    <flux>55.58</flux>
    <flux_statistical_error_low>0.32</flux_statistical_error_low>
    <flux_statistical_error_high>0.32</flux_statistical_error_high>
    <flux_systematical_error_low>1.11</flux_systematical_error_low>
    <flux_systematical_error_high>1.11</flux_systematical_error_high>
  </DATA>
  <DATA>
    <time_min>2015-08-28T00:00:00</time_min>
    <time_max>2015-09-23T23:59:59</time_max>
    <rigidity_min>2.15</rigidity_min>
    <rigidity_max>2.4</rigidity_max>
    <flux>56.17</flux>
    <flux_statistical_error_low>0.33</flux_statistical_error_low>
    <flux_statistical_error_high>0.33</flux_statistical_error_high>
    <flux_systematical_error_low>1.1</flux_systematical_error_low>
    <flux_systematical_error_high>1.1</flux_systematical_error_high>
  </DATA>
  <DATA>
    <time_min>2015-09-24T00:00:00</time_min>
    <time_max>2015-10-20T23:59:59</time_max>
    <rigidity_min>2.15</rigidity_min>
    <rigidity_max>2.4</rigidity_max>
    <flux>57.98</flux>
    <flux_statistical_error_low>0.33</flux_statistical_error_low>
    <flux_statistical_error_high>0.33</flux_statistical_error_high>
    <flux_systematical_error_low>1.17</flux_systematical_error_low>
    <flux_systematical_error_high>1.17</flux_systematical_error_high>
  </DATA>
  <DATA>
    <time_min>2015-10-21T00:00:00</time_min>
    <time_max>2015-11-16T23:59:59</time_max>
    <rigidity_min>2.15</rigidity_min>
    <rigidity_max>2.4</rigidity_max>
    <flux>58.26</flux>
    <flux_statistical_error_low>0.33</flux_statistical_error_low>
    <flux_statistical_error_high>0.33</flux_statistical_error_high>
    <flux_systematical_error_low>1.14</flux_systematical_error_low>
    <flux_systematical_error_high>1.14</flux_systematical_error_high>
  </DATA>
  <DATA>
    <time_min>2015-11-17T00:00:00</time_min>
    <time_max>2015-12-13T23:59:59</time_max>
    <rigidity_min>2.15</rigidity_min>
    <rigidity_max>2.4</rigidity_max>
    <flux>62.02</flux>
    <flux_statistical_error_low>0.33</flux_statistical_error_low>
    <flux_statistical_error_high>0.33</flux_statistical_error_high>
    <flux_systematical_error_low>1.26</flux_systematical_error_low>
    <flux_systematical_error_high>1.26</flux_systematical_error_high>
  </DATA>
  <DATA>
    <time_min>2015-12-14T00:00:00</time_min>
    <time_max>2016-01-09T23:59:59</time_max>
    <rigidity_min>2.15</rigidity_min>
    <rigidity_max>2.4</rigidity_max>
    <flux>65.24</flux>
    <flux_statistical_error_low>0.35</flux_statistical_error_low>
    <flux_statistical_error_high>0.35</flux_statistical_error_high>
    <flux_systematical_error_low>1.29</flux_systematical_error_low>
    <flux_systematical_error_high>1.29</flux_systematical_error_high>
  </DATA>
  <DATA>
    <time_min>2016-01-10T00:00:00</time_min>
    <time_max>2016-02-05T23:59:59</time_max>
    <rigidity_min>2.15</rigidity_min>
    <rigidity_max>2.4</rigidity_max>
    <flux>68.97</flux>
    <flux_statistical_error_low>0.36</flux_statistical_error_low>
    <flux_statistical_error_high>0.36</flux_statistical_error_high>
    <flux_systematical_error_low>1.43</flux_systematical_error_low>
    <flux_systematical_error_high>1.43</flux_systematical_error_high>
  </DATA>
  <DATA>
    <time_min>2016-02-06T00:00:00</time_min>
    <time_max>2016-03-03T23:59:59</time_max>
    <rigidity_min>2.15</rigidity_min>
    <rigidity_max>2.4</rigidity_max>
    <flux>70.07</flux>
    <flux_statistical_error_low>0.36</flux_statistical_error_low>
    <flux_statistical_error_high>0.36</flux_statistical_error_high>
    <flux_systematical_error_low>1.36</flux_systematical_error_low>
    <flux_systematical_error_high>1.36</flux_systematical_error_high>
  </DATA>
  <DATA>
    <time_min>2016-03-04T00:00:00</time_min>
    <time_max>2016-03-30T23:59:59</time_max>
    <rigidity_min>2.15</rigidity_min>
    <rigidity_max>2.4</rigidity_max>
    <flux>70.86</flux>
    <flux_statistical_error_low>0.37</flux_statistical_error_low>
    <flux_statistical_error_high>0.37</flux_statistical_error_high>
    <flux_systematical_error_low>1.44</flux_systematical_error_low>
    <flux_systematical_error_high>1.44</flux_systematical_error_high>
  </DATA>
  <DATA>
    <time_min>2016-03-31T00:00:00</time_min>
    <time_max>2016-04-26T23:59:59</time_max>
    <rigidity_min>2.15</rigidity_min>
    <rigidity_max>2.4</rigidity_max>
    <flux>71.0</flux>
    <flux_statistical_error_low>0.37</flux_statistical_error_low>
    <flux_statistical_error_high>0.37</flux_statistical_error_high>
    <flux_systematical_error_low>1.37</flux_systematical_error_low>
    <flux_systematical_error_high>1.37</flux_systematical_error_high>
  </DATA>
  <DATA>
    <time_min>2016-04-27T00:00:00</time_min>
    <time_max>2016-05-23T23:59:59</time_max>
    <rigidity_min>2.15</rigidity_min>
    <rigidity_max>2.4</rigidity_max>
    <flux>72.41</flux>
    <flux_statistical_error_low>0.38</flux_statistical_error_low>
    <flux_statistical_error_high>0.38</flux_statistical_error_high>
    <flux_systematical_error_low>1.47</flux_systematical_error_low>
    <flux_systematical_error_high>1.47</flux_systematical_error_high>
  </DATA>
  <DATA>
    <time_min>2016-05-24T00:00:00</time_min>
    <time_max>2016-06-19T23:59:59</time_max>
    <rigidity_min>2.15</rigidity_min>
    <rigidity_max>2.4</rigidity_max>
    <flux>75.22</flux>
    <flux_statistical_error_low>0.38</flux_statistical_error_low>
    <flux_statistical_error_high>0.38</flux_statistical_error_high>
    <flux_systematical_error_low>1.47</flux_systematical_error_low>
    <flux_systematical_error_high>1.47</flux_systematical_error_high>
  </DATA>
  <DATA>
    <time_min>2016-06-20T00:00:00</time_min>
    <time_max>2016-07-16T23:59:59</time_max>
    <rigidity_min>2.15</rigidity_min>
    <rigidity_max>2.4</rigidity_max>
    <flux>75.02</flux>
    <flux_statistical_error_low>0.38</flux_statistical_error_low>
    <flux_statistical_error_high>0.38</flux_statistical_error_high>
    <flux_systematical_error_low>1.46</flux_systematical_error_low>
    <flux_systematical_error_high>1.46</flux_systematical_error_high>
  </DATA>
  <DATA>
    <time_min>2016-07-17T00:00:00</time_min>
    <time_max>2016-08-12T23:59:59</time_max>
    <rigidity_min>2.15</rigidity_min>
    <rigidity_max>2.4</rigidity_max>
    <flux>75.07</flux>
    <flux_statistical_error_low>0.38</flux_statistical_error_low>
    <flux_statistical_error_high>0.38</flux_statistical_error_high>
    <flux_systematical_error_low>1.47</flux_systematical_error_low>
    <flux_systematical_error_high>1.47</flux_systematical_error_high>
  </DATA>
  <DATA>
    <time_min>2016-08-13T00:00:00</time_min>
    <time_max>2016-09-08T23:59:59</time_max>
    <rigidity_min>2.15</rigidity_min>
    <rigidity_max>2.4</rigidity_max>
    <flux>77.12</flux>
    <flux_statistical_error_low>0.4</flux_statistical_error_low>
    <flux_statistical_error_high>0.4</flux_statistical_error_high>
    <flux_systematical_error_low>1.51</flux_systematical_error_low>
    <flux_systematical_error_high>1.51</flux_systematical_error_high>
  </DATA>
  <DATA>
    <time_min>2016-09-09T00:00:00</time_min>
    <time_max>2016-10-05T23:59:59</time_max>
    <rigidity_min>2.15</rigidity_min>
    <rigidity_max>2.4</rigidity_max>
    <flux>79.4</flux>
    <flux_statistical_error_low>0.41</flux_statistical_error_low>
    <flux_statistical_error_high>0.41</flux_statistical_error_high>
    <flux_systematical_error_low>1.57</flux_systematical_error_low>
    <flux_systematical_error_high>1.57</flux_systematical_error_high>
  </DATA>
  <DATA>
    <time_min>2016-10-06T00:00:00</time_min>
    <time_max>2016-11-01T23:59:59</time_max>
    <rigidity_min>2.15</rigidity_min>
    <rigidity_max>2.4</rigidity_max>
    <flux>82.1</flux>
    <flux_statistical_error_low>0.43</flux_statistical_error_low>
    <flux_statistical_error_high>0.43</flux_statistical_error_high>
    <flux_systematical_error_low>1.63</flux_systematical_error_low>
    <flux_systematical_error_high>1.63</flux_systematical_error_high>
  </DATA>
  <DATA>
    <time_min>2016-11-02T00:00:00</time_min>
    <time_max>2016-11-28T23:59:59</time_max>
    <rigidity_min>2.15</rigidity_min>
    <rigidity_max>2.4</rigidity_max>
    <flux>84.8</flux>
    <flux_statistical_error_low>0.42</flux_statistical_error_low>
    <flux_statistical_error_high>0.42</flux_statistical_error_high>
    <flux_systematical_error_low>1.65</flux_systematical_error_low>
    <flux_systematical_error_high>1.65</flux_systematical_error_high>
  </DATA>
  <DATA>
    <time_min>2016-11-29T00:00:00</time_min>
    <time_max>2016-12-25T23:59:59</time_max>
    <rigidity_min>2.15</rigidity_min>
    <rigidity_max>2.4</rigidity_max>
    <flux>85.58</flux>
    <flux_statistical_error_low>0.42</flux_statistical_error_low>
    <flux_statistical_error_high>0.42</flux_statistical_error_high>
    <flux_systematical_error_low>1.65</flux_systematical_error_low>
    <flux_systematical_error_high>1.65</flux_systematical_error_high>
  </DATA>
  <DATA>
    <time_min>2016-12-26T00:00:00</time_min>
    <time_max>2017-01-21T23:59:59</time_max>
    <rigidity_min>2.15</rigidity_min>
    <rigidity_max>2.4</rigidity_max>
    <flux>86.7</flux>
    <flux_statistical_error_low>0.43</flux_statistical_error_low>
    <flux_statistical_error_high>0.43</flux_statistical_error_high>
    <flux_systematical_error_low>1.68</flux_systematical_error_low>
    <flux_systematical_error_high>1.68</flux_systematical_error_high>
  </DATA>
  <DATA>
    <time_min>2017-01-22T00:00:00</time_min>
    <time_max>2017-02-17T23:59:59</time_max>
    <rigidity_min>2.15</rigidity_min>
    <rigidity_max>2.4</rigidity_max>
    <flux>87.92</flux>
    <flux_statistical_error_low>0.42</flux_statistical_error_low>
    <flux_statistical_error_high>0.42</flux_statistical_error_high>
    <flux_systematical_error_low>1.74</flux_systematical_error_low>
    <flux_systematical_error_high>1.74</flux_systematical_error_high>
  </DATA>
  <DATA>
    <time_min>2017-02-18T00:00:00</time_min>
    <time_max>2017-03-16T23:59:59</time_max>
    <rigidity_min>2.15</rigidity_min>
    <rigidity_max>2.4</rigidity_max>
    <flux>89.46</flux>
    <flux_statistical_error_low>0.49</flux_statistical_error_low>
    <flux_statistical_error_high>0.49</flux_statistical_error_high>
    <flux_systematical_error_low>1.78</flux_systematical_error_low>
    <flux_systematical_error_high>1.78</flux_systematical_error_high>
  </DATA>
  <DATA>
    <time_min>2017-03-17T00:00:00</time_min>
    <time_max>2017-04-12T23:59:59</time_max>
    <rigidity_min>2.15</rigidity_min>
    <rigidity_max>2.4</rigidity_max>
    <flux>89.52</flux>
    <flux_statistical_error_low>0.45</flux_statistical_error_low>
    <flux_statistical_error_high>0.45</flux_statistical_error_high>
    <flux_systematical_error_low>1.86</flux_systematical_error_low>
    <flux_systematical_error_high>1.86</flux_systematical_error_high>
  </DATA>
  <DATA>
    <time_min>2017-04-13T00:00:00</time_min>
    <time_max>2017-05-09T23:59:59</time_max>
    <rigidity_min>2.15</rigidity_min>
    <rigidity_max>2.4</rigidity_max>
    <flux>87.85</flux>
    <flux_statistical_error_low>0.45</flux_statistical_error_low>
    <flux_statistical_error_high>0.45</flux_statistical_error_high>
    <flux_systematical_error_low>1.72</flux_systematical_error_low>
    <flux_systematical_error_high>1.72</flux_systematical_error_high>
  </DATA>
</XML>
