<?xml version="1.0" encoding="UTF-8"?>
<XML>
  <!--Data from the SSDC Cosmic Ray Database www.ssdc.asi.it-->
  <!--Before using these data please consult the original publication-->
  <HEADER>
    <PARTICLE>He</PARTICLE>
    <MISSION>AMS-02</MISSION>
    <UNITS>
      <flux>(m^2 s sr GV)^(-1)</flux>
      <rigidity>GV</rigidity>
      <time>UTC</time>
    </UNITS>
    <DOI>10.1103/PhysRevLett.121.051101</DOI>
    <JOURNAL>PRL</JOURNAL>
    <YEAR>2018</YEAR>
    <VOLUME>121</VOLUME>
    <PAGE>051101</PAGE>
    <TITLE>Observation of Fine Time Structures in the Cosmic Proton and Helium Fluxes with the Alpha Magnetic Spectrometer on the International Space Station</TITLE>
    <AUTHORS>Aguilar M., et al.</AUTHORS>
    <!--Columns (variables) listed inside ORIGINAL_COLUMNS are reported in this file as in the original publication. Please always consult the original publication.-->
    <ORIGINAL_COLUMNS>time_min,time_max,rigidity_min,rigidity_max,flux,flux_statistical_error_low,flux_statistical_error_high,flux_systematical_error_low,flux_systematical_error_high</ORIGINAL_COLUMNS>
    <ADS_LINK>null</ADS_LINK>
  </HEADER>
  <DATA>
    <time_min>2011-05-15T00:00:00</time_min>
    <time_max>2011-06-10T23:59:59</time_max>
    <rigidity_min>1.92</rigidity_min>
    <rigidity_max>2.15</rigidity_max>
    <flux>72.35</flux>
    <flux_statistical_error_low>0.64</flux_statistical_error_low>
    <flux_statistical_error_high>0.64</flux_statistical_error_high>
    <flux_systematical_error_low>1.72</flux_systematical_error_low>
    <flux_systematical_error_high>1.72</flux_systematical_error_high>
  </DATA>
  <DATA>
    <time_min>2011-06-11T00:00:00</time_min>
    <time_max>2011-07-07T23:59:59</time_max>
    <rigidity_min>1.92</rigidity_min>
    <rigidity_max>2.15</rigidity_max>
    <flux>69.74</flux>
    <flux_statistical_error_low>0.45</flux_statistical_error_low>
    <flux_statistical_error_high>0.45</flux_statistical_error_high>
    <flux_systematical_error_low>1.56</flux_systematical_error_low>
    <flux_systematical_error_high>1.56</flux_systematical_error_high>
  </DATA>
  <DATA>
    <time_min>2011-07-08T00:00:00</time_min>
    <time_max>2011-08-03T23:59:59</time_max>
    <rigidity_min>1.92</rigidity_min>
    <rigidity_max>2.15</rigidity_max>
    <flux>70.81</flux>
    <flux_statistical_error_low>0.44</flux_statistical_error_low>
    <flux_statistical_error_high>0.44</flux_statistical_error_high>
    <flux_systematical_error_low>1.61</flux_systematical_error_low>
    <flux_systematical_error_high>1.61</flux_systematical_error_high>
  </DATA>
  <DATA>
    <time_min>2011-08-04T00:00:00</time_min>
    <time_max>2011-08-30T23:59:59</time_max>
    <rigidity_min>1.92</rigidity_min>
    <rigidity_max>2.15</rigidity_max>
    <flux>70.82</flux>
    <flux_statistical_error_low>0.41</flux_statistical_error_low>
    <flux_statistical_error_high>0.41</flux_statistical_error_high>
    <flux_systematical_error_low>1.52</flux_systematical_error_low>
    <flux_systematical_error_high>1.52</flux_systematical_error_high>
  </DATA>
  <DATA>
    <time_min>2011-08-31T00:00:00</time_min>
    <time_max>2011-09-26T23:59:59</time_max>
    <rigidity_min>1.92</rigidity_min>
    <rigidity_max>2.15</rigidity_max>
    <flux>71.2</flux>
    <flux_statistical_error_low>0.41</flux_statistical_error_low>
    <flux_statistical_error_high>0.41</flux_statistical_error_high>
    <flux_systematical_error_low>1.52</flux_systematical_error_low>
    <flux_systematical_error_high>1.52</flux_systematical_error_high>
  </DATA>
  <DATA>
    <time_min>2011-09-27T00:00:00</time_min>
    <time_max>2011-10-23T23:59:59</time_max>
    <rigidity_min>1.92</rigidity_min>
    <rigidity_max>2.15</rigidity_max>
    <flux>64.9</flux>
    <flux_statistical_error_low>0.38</flux_statistical_error_low>
    <flux_statistical_error_high>0.38</flux_statistical_error_high>
    <flux_systematical_error_low>1.4</flux_systematical_error_low>
    <flux_systematical_error_high>1.4</flux_systematical_error_high>
  </DATA>
  <DATA>
    <time_min>2011-10-24T00:00:00</time_min>
    <time_max>2011-11-19T23:59:59</time_max>
    <rigidity_min>1.92</rigidity_min>
    <rigidity_max>2.15</rigidity_max>
    <flux>70.23</flux>
    <flux_statistical_error_low>0.4</flux_statistical_error_low>
    <flux_statistical_error_high>0.4</flux_statistical_error_high>
    <flux_systematical_error_low>1.52</flux_systematical_error_low>
    <flux_systematical_error_high>1.52</flux_systematical_error_high>
  </DATA>
  <DATA>
    <time_min>2011-11-20T00:00:00</time_min>
    <time_max>2011-12-16T23:59:59</time_max>
    <rigidity_min>1.92</rigidity_min>
    <rigidity_max>2.15</rigidity_max>
    <flux>72.59</flux>
    <flux_statistical_error_low>0.42</flux_statistical_error_low>
    <flux_statistical_error_high>0.42</flux_statistical_error_high>
    <flux_systematical_error_low>1.57</flux_systematical_error_low>
    <flux_systematical_error_high>1.57</flux_systematical_error_high>
  </DATA>
  <DATA>
    <time_min>2011-12-17T00:00:00</time_min>
    <time_max>2012-01-12T23:59:59</time_max>
    <rigidity_min>1.92</rigidity_min>
    <rigidity_max>2.15</rigidity_max>
    <flux>74.59</flux>
    <flux_statistical_error_low>0.42</flux_statistical_error_low>
    <flux_statistical_error_high>0.42</flux_statistical_error_high>
    <flux_systematical_error_low>1.59</flux_systematical_error_low>
    <flux_systematical_error_high>1.59</flux_systematical_error_high>
  </DATA>
  <DATA>
    <time_min>2012-01-13T00:00:00</time_min>
    <time_max>2012-02-08T23:59:59</time_max>
    <rigidity_min>1.92</rigidity_min>
    <rigidity_max>2.15</rigidity_max>
    <flux>71.82</flux>
    <flux_statistical_error_low>0.42</flux_statistical_error_low>
    <flux_statistical_error_high>0.42</flux_statistical_error_high>
    <flux_systematical_error_low>1.56</flux_systematical_error_low>
    <flux_systematical_error_high>1.56</flux_systematical_error_high>
  </DATA>
  <DATA>
    <time_min>2012-02-09T00:00:00</time_min>
    <time_max>2012-03-06T23:59:59</time_max>
    <rigidity_min>1.92</rigidity_min>
    <rigidity_max>2.15</rigidity_max>
    <flux>69.27</flux>
    <flux_statistical_error_low>0.4</flux_statistical_error_low>
    <flux_statistical_error_high>0.4</flux_statistical_error_high>
    <flux_systematical_error_low>1.52</flux_systematical_error_low>
    <flux_systematical_error_high>1.52</flux_systematical_error_high>
  </DATA>
  <DATA>
    <time_min>2012-03-07T00:00:00</time_min>
    <time_max>2012-04-02T23:59:59</time_max>
    <rigidity_min>1.92</rigidity_min>
    <rigidity_max>2.15</rigidity_max>
    <flux>57.18</flux>
    <flux_statistical_error_low>0.38</flux_statistical_error_low>
    <flux_statistical_error_high>0.38</flux_statistical_error_high>
    <flux_systematical_error_low>1.28</flux_systematical_error_low>
    <flux_systematical_error_high>1.28</flux_systematical_error_high>
  </DATA>
  <DATA>
    <time_min>2012-04-03T00:00:00</time_min>
    <time_max>2012-04-29T23:59:59</time_max>
    <rigidity_min>1.92</rigidity_min>
    <rigidity_max>2.15</rigidity_max>
    <flux>65.45</flux>
    <flux_statistical_error_low>0.39</flux_statistical_error_low>
    <flux_statistical_error_high>0.39</flux_statistical_error_high>
    <flux_systematical_error_low>1.41</flux_systematical_error_low>
    <flux_systematical_error_high>1.41</flux_systematical_error_high>
  </DATA>
  <DATA>
    <time_min>2012-04-30T00:00:00</time_min>
    <time_max>2012-05-26T23:59:59</time_max>
    <rigidity_min>1.92</rigidity_min>
    <rigidity_max>2.15</rigidity_max>
    <flux>67.2</flux>
    <flux_statistical_error_low>0.4</flux_statistical_error_low>
    <flux_statistical_error_high>0.4</flux_statistical_error_high>
    <flux_systematical_error_low>1.46</flux_systematical_error_low>
    <flux_systematical_error_high>1.46</flux_systematical_error_high>
  </DATA>
  <DATA>
    <time_min>2012-05-27T00:00:00</time_min>
    <time_max>2012-06-22T23:59:59</time_max>
    <rigidity_min>1.92</rigidity_min>
    <rigidity_max>2.15</rigidity_max>
    <flux>63.35</flux>
    <flux_statistical_error_low>0.39</flux_statistical_error_low>
    <flux_statistical_error_high>0.39</flux_statistical_error_high>
    <flux_systematical_error_low>1.4</flux_systematical_error_low>
    <flux_systematical_error_high>1.4</flux_systematical_error_high>
  </DATA>
  <DATA>
    <time_min>2012-06-23T00:00:00</time_min>
    <time_max>2012-07-19T23:59:59</time_max>
    <rigidity_min>1.92</rigidity_min>
    <rigidity_max>2.15</rigidity_max>
    <flux>61.04</flux>
    <flux_statistical_error_low>0.38</flux_statistical_error_low>
    <flux_statistical_error_high>0.38</flux_statistical_error_high>
    <flux_systematical_error_low>1.35</flux_systematical_error_low>
    <flux_systematical_error_high>1.35</flux_systematical_error_high>
  </DATA>
  <DATA>
    <time_min>2012-07-20T00:00:00</time_min>
    <time_max>2012-08-15T23:59:59</time_max>
    <rigidity_min>1.92</rigidity_min>
    <rigidity_max>2.15</rigidity_max>
    <flux>52.17</flux>
    <flux_statistical_error_low>0.34</flux_statistical_error_low>
    <flux_statistical_error_high>0.34</flux_statistical_error_high>
    <flux_systematical_error_low>1.15</flux_systematical_error_low>
    <flux_systematical_error_high>1.15</flux_systematical_error_high>
  </DATA>
  <DATA>
    <time_min>2012-08-16T00:00:00</time_min>
    <time_max>2012-09-11T23:59:59</time_max>
    <rigidity_min>1.92</rigidity_min>
    <rigidity_max>2.15</rigidity_max>
    <flux>52.47</flux>
    <flux_statistical_error_low>0.33</flux_statistical_error_low>
    <flux_statistical_error_high>0.33</flux_statistical_error_high>
    <flux_systematical_error_low>1.14</flux_systematical_error_low>
    <flux_systematical_error_high>1.14</flux_systematical_error_high>
  </DATA>
  <DATA>
    <time_min>2012-09-12T00:00:00</time_min>
    <time_max>2012-10-08T23:59:59</time_max>
    <rigidity_min>1.92</rigidity_min>
    <rigidity_max>2.15</rigidity_max>
    <flux>55.8</flux>
    <flux_statistical_error_low>0.35</flux_statistical_error_low>
    <flux_statistical_error_high>0.35</flux_statistical_error_high>
    <flux_systematical_error_low>1.22</flux_systematical_error_low>
    <flux_systematical_error_high>1.22</flux_systematical_error_high>
  </DATA>
  <DATA>
    <time_min>2012-10-09T00:00:00</time_min>
    <time_max>2012-11-04T23:59:59</time_max>
    <rigidity_min>1.92</rigidity_min>
    <rigidity_max>2.15</rigidity_max>
    <flux>53.75</flux>
    <flux_statistical_error_low>0.36</flux_statistical_error_low>
    <flux_statistical_error_high>0.36</flux_statistical_error_high>
    <flux_systematical_error_low>1.2</flux_systematical_error_low>
    <flux_systematical_error_high>1.2</flux_systematical_error_high>
  </DATA>
  <DATA>
    <time_min>2012-11-05T00:00:00</time_min>
    <time_max>2012-12-01T23:59:59</time_max>
    <rigidity_min>1.92</rigidity_min>
    <rigidity_max>2.15</rigidity_max>
    <flux>55.52</flux>
    <flux_statistical_error_low>0.35</flux_statistical_error_low>
    <flux_statistical_error_high>0.35</flux_statistical_error_high>
    <flux_systematical_error_low>1.22</flux_systematical_error_low>
    <flux_systematical_error_high>1.22</flux_systematical_error_high>
  </DATA>
  <DATA>
    <time_min>2012-12-02T00:00:00</time_min>
    <time_max>2012-12-28T23:59:59</time_max>
    <rigidity_min>1.92</rigidity_min>
    <rigidity_max>2.15</rigidity_max>
    <flux>56.18</flux>
    <flux_statistical_error_low>0.34</flux_statistical_error_low>
    <flux_statistical_error_high>0.34</flux_statistical_error_high>
    <flux_systematical_error_low>1.27</flux_systematical_error_low>
    <flux_systematical_error_high>1.27</flux_systematical_error_high>
  </DATA>
  <DATA>
    <time_min>2012-12-29T00:00:00</time_min>
    <time_max>2013-01-24T23:59:59</time_max>
    <rigidity_min>1.92</rigidity_min>
    <rigidity_max>2.15</rigidity_max>
    <flux>59.15</flux>
    <flux_statistical_error_low>0.36</flux_statistical_error_low>
    <flux_statistical_error_high>0.36</flux_statistical_error_high>
    <flux_systematical_error_low>1.32</flux_systematical_error_low>
    <flux_systematical_error_high>1.32</flux_systematical_error_high>
  </DATA>
  <DATA>
    <time_min>2013-01-25T00:00:00</time_min>
    <time_max>2013-02-20T23:59:59</time_max>
    <rigidity_min>1.92</rigidity_min>
    <rigidity_max>2.15</rigidity_max>
    <flux>60.88</flux>
    <flux_statistical_error_low>0.37</flux_statistical_error_low>
    <flux_statistical_error_high>0.37</flux_statistical_error_high>
    <flux_systematical_error_low>1.33</flux_systematical_error_low>
    <flux_systematical_error_high>1.33</flux_systematical_error_high>
  </DATA>
  <DATA>
    <time_min>2013-02-21T00:00:00</time_min>
    <time_max>2013-03-19T23:59:59</time_max>
    <rigidity_min>1.92</rigidity_min>
    <rigidity_max>2.15</rigidity_max>
    <flux>59.93</flux>
    <flux_statistical_error_low>0.37</flux_statistical_error_low>
    <flux_statistical_error_high>0.37</flux_statistical_error_high>
    <flux_systematical_error_low>1.34</flux_systematical_error_low>
    <flux_systematical_error_high>1.34</flux_systematical_error_high>
  </DATA>
  <DATA>
    <time_min>2013-03-20T00:00:00</time_min>
    <time_max>2013-04-15T23:59:59</time_max>
    <rigidity_min>1.92</rigidity_min>
    <rigidity_max>2.15</rigidity_max>
    <flux>57.09</flux>
    <flux_statistical_error_low>0.36</flux_statistical_error_low>
    <flux_statistical_error_high>0.36</flux_statistical_error_high>
    <flux_systematical_error_low>1.25</flux_systematical_error_low>
    <flux_systematical_error_high>1.25</flux_systematical_error_high>
  </DATA>
  <DATA>
    <time_min>2013-04-16T00:00:00</time_min>
    <time_max>2013-05-12T23:59:59</time_max>
    <rigidity_min>1.92</rigidity_min>
    <rigidity_max>2.15</rigidity_max>
    <flux>56.86</flux>
    <flux_statistical_error_low>0.35</flux_statistical_error_low>
    <flux_statistical_error_high>0.35</flux_statistical_error_high>
    <flux_systematical_error_low>1.25</flux_systematical_error_low>
    <flux_systematical_error_high>1.25</flux_systematical_error_high>
  </DATA>
  <DATA>
    <time_min>2013-05-13T00:00:00</time_min>
    <time_max>2013-06-08T23:59:59</time_max>
    <rigidity_min>1.92</rigidity_min>
    <rigidity_max>2.15</rigidity_max>
    <flux>47.03</flux>
    <flux_statistical_error_low>0.33</flux_statistical_error_low>
    <flux_statistical_error_high>0.33</flux_statistical_error_high>
    <flux_systematical_error_low>1.04</flux_systematical_error_low>
    <flux_systematical_error_high>1.04</flux_systematical_error_high>
  </DATA>
  <DATA>
    <time_min>2013-06-09T00:00:00</time_min>
    <time_max>2013-07-05T23:59:59</time_max>
    <rigidity_min>1.92</rigidity_min>
    <rigidity_max>2.15</rigidity_max>
    <flux>47.25</flux>
    <flux_statistical_error_low>0.32</flux_statistical_error_low>
    <flux_statistical_error_high>0.32</flux_statistical_error_high>
    <flux_systematical_error_low>1.04</flux_systematical_error_low>
    <flux_systematical_error_high>1.04</flux_systematical_error_high>
  </DATA>
  <DATA>
    <time_min>2013-07-06T00:00:00</time_min>
    <time_max>2013-08-01T23:59:59</time_max>
    <rigidity_min>1.92</rigidity_min>
    <rigidity_max>2.15</rigidity_max>
    <flux>47.85</flux>
    <flux_statistical_error_low>0.32</flux_statistical_error_low>
    <flux_statistical_error_high>0.32</flux_statistical_error_high>
    <flux_systematical_error_low>1.05</flux_systematical_error_low>
    <flux_systematical_error_high>1.05</flux_systematical_error_high>
  </DATA>
  <DATA>
    <time_min>2013-08-02T00:00:00</time_min>
    <time_max>2013-08-28T23:59:59</time_max>
    <rigidity_min>1.92</rigidity_min>
    <rigidity_max>2.15</rigidity_max>
    <flux>47.44</flux>
    <flux_statistical_error_low>0.31</flux_statistical_error_low>
    <flux_statistical_error_high>0.31</flux_statistical_error_high>
    <flux_systematical_error_low>1.07</flux_systematical_error_low>
    <flux_systematical_error_high>1.07</flux_systematical_error_high>
  </DATA>
  <DATA>
    <time_min>2013-08-29T00:00:00</time_min>
    <time_max>2013-09-24T23:59:59</time_max>
    <rigidity_min>1.92</rigidity_min>
    <rigidity_max>2.15</rigidity_max>
    <flux>45.34</flux>
    <flux_statistical_error_low>0.32</flux_statistical_error_low>
    <flux_statistical_error_high>0.32</flux_statistical_error_high>
    <flux_systematical_error_low>1.0</flux_systematical_error_low>
    <flux_systematical_error_high>1.0</flux_systematical_error_high>
  </DATA>
  <DATA>
    <time_min>2013-09-25T00:00:00</time_min>
    <time_max>2013-10-21T23:59:59</time_max>
    <rigidity_min>1.92</rigidity_min>
    <rigidity_max>2.15</rigidity_max>
    <flux>46.48</flux>
    <flux_statistical_error_low>0.32</flux_statistical_error_low>
    <flux_statistical_error_high>0.32</flux_statistical_error_high>
    <flux_systematical_error_low>1.03</flux_systematical_error_low>
    <flux_systematical_error_high>1.03</flux_systematical_error_high>
  </DATA>
  <DATA>
    <time_min>2013-10-22T00:00:00</time_min>
    <time_max>2013-11-17T23:59:59</time_max>
    <rigidity_min>1.92</rigidity_min>
    <rigidity_max>2.15</rigidity_max>
    <flux>46.79</flux>
    <flux_statistical_error_low>0.34</flux_statistical_error_low>
    <flux_statistical_error_high>0.34</flux_statistical_error_high>
    <flux_systematical_error_low>1.04</flux_systematical_error_low>
    <flux_systematical_error_high>1.04</flux_systematical_error_high>
  </DATA>
  <DATA>
    <time_min>2013-11-18T00:00:00</time_min>
    <time_max>2013-12-14T23:59:59</time_max>
    <rigidity_min>1.92</rigidity_min>
    <rigidity_max>2.15</rigidity_max>
    <flux>46.58</flux>
    <flux_statistical_error_low>0.31</flux_statistical_error_low>
    <flux_statistical_error_high>0.31</flux_statistical_error_high>
    <flux_systematical_error_low>1.05</flux_systematical_error_low>
    <flux_systematical_error_high>1.05</flux_systematical_error_high>
  </DATA>
  <DATA>
    <time_min>2013-12-15T00:00:00</time_min>
    <time_max>2014-01-10T23:59:59</time_max>
    <rigidity_min>1.92</rigidity_min>
    <rigidity_max>2.15</rigidity_max>
    <flux>45.27</flux>
    <flux_statistical_error_low>0.31</flux_statistical_error_low>
    <flux_statistical_error_high>0.31</flux_statistical_error_high>
    <flux_systematical_error_low>1.05</flux_systematical_error_low>
    <flux_systematical_error_high>1.05</flux_systematical_error_high>
  </DATA>
  <DATA>
    <time_min>2014-01-11T00:00:00</time_min>
    <time_max>2014-02-06T23:59:59</time_max>
    <rigidity_min>1.92</rigidity_min>
    <rigidity_max>2.15</rigidity_max>
    <flux>46.8</flux>
    <flux_statistical_error_low>0.31</flux_statistical_error_low>
    <flux_statistical_error_high>0.31</flux_statistical_error_high>
    <flux_systematical_error_low>1.03</flux_systematical_error_low>
    <flux_systematical_error_high>1.03</flux_systematical_error_high>
  </DATA>
  <DATA>
    <time_min>2014-02-07T00:00:00</time_min>
    <time_max>2014-03-05T23:59:59</time_max>
    <rigidity_min>1.92</rigidity_min>
    <rigidity_max>2.15</rigidity_max>
    <flux>43.26</flux>
    <flux_statistical_error_low>0.3</flux_statistical_error_low>
    <flux_statistical_error_high>0.3</flux_statistical_error_high>
    <flux_systematical_error_low>1.0</flux_systematical_error_low>
    <flux_systematical_error_high>1.0</flux_systematical_error_high>
  </DATA>
  <DATA>
    <time_min>2014-03-06T00:00:00</time_min>
    <time_max>2014-04-01T23:59:59</time_max>
    <rigidity_min>1.92</rigidity_min>
    <rigidity_max>2.15</rigidity_max>
    <flux>44.12</flux>
    <flux_statistical_error_low>0.31</flux_statistical_error_low>
    <flux_statistical_error_high>0.31</flux_statistical_error_high>
    <flux_systematical_error_low>1.01</flux_systematical_error_low>
    <flux_systematical_error_high>1.01</flux_systematical_error_high>
  </DATA>
  <DATA>
    <time_min>2014-04-02T00:00:00</time_min>
    <time_max>2014-04-28T23:59:59</time_max>
    <rigidity_min>1.92</rigidity_min>
    <rigidity_max>2.15</rigidity_max>
    <flux>45.52</flux>
    <flux_statistical_error_low>0.31</flux_statistical_error_low>
    <flux_statistical_error_high>0.31</flux_statistical_error_high>
    <flux_systematical_error_low>1.08</flux_systematical_error_low>
    <flux_systematical_error_high>1.08</flux_systematical_error_high>
  </DATA>
  <DATA>
    <time_min>2014-04-29T00:00:00</time_min>
    <time_max>2014-05-25T23:59:59</time_max>
    <rigidity_min>1.92</rigidity_min>
    <rigidity_max>2.15</rigidity_max>
    <flux>48.23</flux>
    <flux_statistical_error_low>0.32</flux_statistical_error_low>
    <flux_statistical_error_high>0.32</flux_statistical_error_high>
    <flux_systematical_error_low>1.11</flux_systematical_error_low>
    <flux_systematical_error_high>1.11</flux_systematical_error_high>
  </DATA>
  <DATA>
    <time_min>2014-05-26T00:00:00</time_min>
    <time_max>2014-06-21T23:59:59</time_max>
    <rigidity_min>1.92</rigidity_min>
    <rigidity_max>2.15</rigidity_max>
    <flux>48.01</flux>
    <flux_statistical_error_low>0.32</flux_statistical_error_low>
    <flux_statistical_error_high>0.32</flux_statistical_error_high>
    <flux_systematical_error_low>1.05</flux_systematical_error_low>
    <flux_systematical_error_high>1.05</flux_systematical_error_high>
  </DATA>
  <DATA>
    <time_min>2014-06-22T00:00:00</time_min>
    <time_max>2014-07-18T23:59:59</time_max>
    <rigidity_min>1.92</rigidity_min>
    <rigidity_max>2.15</rigidity_max>
    <flux>46.16</flux>
    <flux_statistical_error_low>0.31</flux_statistical_error_low>
    <flux_statistical_error_high>0.31</flux_statistical_error_high>
    <flux_systematical_error_low>1.06</flux_systematical_error_low>
    <flux_systematical_error_high>1.06</flux_systematical_error_high>
  </DATA>
  <DATA>
    <time_min>2014-07-19T00:00:00</time_min>
    <time_max>2014-08-14T23:59:59</time_max>
    <rigidity_min>1.92</rigidity_min>
    <rigidity_max>2.15</rigidity_max>
    <flux>50.33</flux>
    <flux_statistical_error_low>0.33</flux_statistical_error_low>
    <flux_statistical_error_high>0.33</flux_statistical_error_high>
    <flux_systematical_error_low>1.17</flux_systematical_error_low>
    <flux_systematical_error_high>1.17</flux_systematical_error_high>
  </DATA>
  <DATA>
    <time_min>2014-08-15T00:00:00</time_min>
    <time_max>2014-09-10T23:59:59</time_max>
    <rigidity_min>1.92</rigidity_min>
    <rigidity_max>2.15</rigidity_max>
    <flux>53.92</flux>
    <flux_statistical_error_low>0.34</flux_statistical_error_low>
    <flux_statistical_error_high>0.34</flux_statistical_error_high>
    <flux_systematical_error_low>1.21</flux_systematical_error_low>
    <flux_systematical_error_high>1.21</flux_systematical_error_high>
  </DATA>
  <DATA>
    <time_min>2014-09-11T00:00:00</time_min>
    <time_max>2014-10-07T23:59:59</time_max>
    <rigidity_min>1.92</rigidity_min>
    <rigidity_max>2.15</rigidity_max>
    <flux>53.41</flux>
    <flux_statistical_error_low>0.41</flux_statistical_error_low>
    <flux_statistical_error_high>0.41</flux_statistical_error_high>
    <flux_systematical_error_low>1.28</flux_systematical_error_low>
    <flux_systematical_error_high>1.28</flux_systematical_error_high>
  </DATA>
  <DATA>
    <time_min>2014-12-01T00:00:00</time_min>
    <time_max>2014-12-27T23:59:59</time_max>
    <rigidity_min>1.92</rigidity_min>
    <rigidity_max>2.15</rigidity_max>
    <flux>53.72</flux>
    <flux_statistical_error_low>0.34</flux_statistical_error_low>
    <flux_statistical_error_high>0.34</flux_statistical_error_high>
    <flux_systematical_error_low>1.22</flux_systematical_error_low>
    <flux_systematical_error_high>1.22</flux_systematical_error_high>
  </DATA>
  <DATA>
    <time_min>2014-12-28T00:00:00</time_min>
    <time_max>2015-01-23T23:59:59</time_max>
    <rigidity_min>1.92</rigidity_min>
    <rigidity_max>2.15</rigidity_max>
    <flux>53.06</flux>
    <flux_statistical_error_low>0.34</flux_statistical_error_low>
    <flux_statistical_error_high>0.34</flux_statistical_error_high>
    <flux_systematical_error_low>1.2</flux_systematical_error_low>
    <flux_systematical_error_high>1.2</flux_systematical_error_high>
  </DATA>
  <DATA>
    <time_min>2015-01-24T00:00:00</time_min>
    <time_max>2015-02-19T23:59:59</time_max>
    <rigidity_min>1.92</rigidity_min>
    <rigidity_max>2.15</rigidity_max>
    <flux>52.23</flux>
    <flux_statistical_error_low>0.34</flux_statistical_error_low>
    <flux_statistical_error_high>0.34</flux_statistical_error_high>
    <flux_systematical_error_low>1.21</flux_systematical_error_low>
    <flux_systematical_error_high>1.21</flux_systematical_error_high>
  </DATA>
  <DATA>
    <time_min>2015-02-20T00:00:00</time_min>
    <time_max>2015-03-18T23:59:59</time_max>
    <rigidity_min>1.92</rigidity_min>
    <rigidity_max>2.15</rigidity_max>
    <flux>50.23</flux>
    <flux_statistical_error_low>0.33</flux_statistical_error_low>
    <flux_statistical_error_high>0.33</flux_statistical_error_high>
    <flux_systematical_error_low>1.13</flux_systematical_error_low>
    <flux_systematical_error_high>1.13</flux_systematical_error_high>
  </DATA>
  <DATA>
    <time_min>2015-03-19T00:00:00</time_min>
    <time_max>2015-04-14T23:59:59</time_max>
    <rigidity_min>1.92</rigidity_min>
    <rigidity_max>2.15</rigidity_max>
    <flux>46.44</flux>
    <flux_statistical_error_low>0.32</flux_statistical_error_low>
    <flux_statistical_error_high>0.32</flux_statistical_error_high>
    <flux_systematical_error_low>1.05</flux_systematical_error_low>
    <flux_systematical_error_high>1.05</flux_systematical_error_high>
  </DATA>
  <DATA>
    <time_min>2015-04-15T00:00:00</time_min>
    <time_max>2015-05-11T23:59:59</time_max>
    <rigidity_min>1.92</rigidity_min>
    <rigidity_max>2.15</rigidity_max>
    <flux>47.5</flux>
    <flux_statistical_error_low>0.32</flux_statistical_error_low>
    <flux_statistical_error_high>0.32</flux_statistical_error_high>
    <flux_systematical_error_low>1.11</flux_systematical_error_low>
    <flux_systematical_error_high>1.11</flux_systematical_error_high>
  </DATA>
  <DATA>
    <time_min>2015-05-12T00:00:00</time_min>
    <time_max>2015-06-07T23:59:59</time_max>
    <rigidity_min>1.92</rigidity_min>
    <rigidity_max>2.15</rigidity_max>
    <flux>53.01</flux>
    <flux_statistical_error_low>0.34</flux_statistical_error_low>
    <flux_statistical_error_high>0.34</flux_statistical_error_high>
    <flux_systematical_error_low>1.22</flux_systematical_error_low>
    <flux_systematical_error_high>1.22</flux_systematical_error_high>
  </DATA>
  <DATA>
    <time_min>2015-06-08T00:00:00</time_min>
    <time_max>2015-07-04T23:59:59</time_max>
    <rigidity_min>1.92</rigidity_min>
    <rigidity_max>2.15</rigidity_max>
    <flux>53.18</flux>
    <flux_statistical_error_low>0.34</flux_statistical_error_low>
    <flux_statistical_error_high>0.34</flux_statistical_error_high>
    <flux_systematical_error_low>1.2</flux_systematical_error_low>
    <flux_systematical_error_high>1.2</flux_systematical_error_high>
  </DATA>
  <DATA>
    <time_min>2015-07-05T00:00:00</time_min>
    <time_max>2015-07-31T23:59:59</time_max>
    <rigidity_min>1.92</rigidity_min>
    <rigidity_max>2.15</rigidity_max>
    <flux>57.23</flux>
    <flux_statistical_error_low>0.36</flux_statistical_error_low>
    <flux_statistical_error_high>0.36</flux_statistical_error_high>
    <flux_systematical_error_low>1.29</flux_systematical_error_low>
    <flux_systematical_error_high>1.29</flux_systematical_error_high>
  </DATA>
  <DATA>
    <time_min>2015-08-01T00:00:00</time_min>
    <time_max>2015-08-27T23:59:59</time_max>
    <rigidity_min>1.92</rigidity_min>
    <rigidity_max>2.15</rigidity_max>
    <flux>58.84</flux>
    <flux_statistical_error_low>0.37</flux_statistical_error_low>
    <flux_statistical_error_high>0.37</flux_statistical_error_high>
    <flux_systematical_error_low>1.33</flux_systematical_error_low>
    <flux_systematical_error_high>1.33</flux_systematical_error_high>
  </DATA>
  <DATA>
    <time_min>2015-08-28T00:00:00</time_min>
    <time_max>2015-09-23T23:59:59</time_max>
    <rigidity_min>1.92</rigidity_min>
    <rigidity_max>2.15</rigidity_max>
    <flux>58.97</flux>
    <flux_statistical_error_low>0.38</flux_statistical_error_low>
    <flux_statistical_error_high>0.38</flux_statistical_error_high>
    <flux_systematical_error_low>1.31</flux_systematical_error_low>
    <flux_systematical_error_high>1.31</flux_systematical_error_high>
  </DATA>
  <DATA>
    <time_min>2015-09-24T00:00:00</time_min>
    <time_max>2015-10-20T23:59:59</time_max>
    <rigidity_min>1.92</rigidity_min>
    <rigidity_max>2.15</rigidity_max>
    <flux>60.83</flux>
    <flux_statistical_error_low>0.38</flux_statistical_error_low>
    <flux_statistical_error_high>0.38</flux_statistical_error_high>
    <flux_systematical_error_low>1.39</flux_systematical_error_low>
    <flux_systematical_error_high>1.39</flux_systematical_error_high>
  </DATA>
  <DATA>
    <time_min>2015-10-21T00:00:00</time_min>
    <time_max>2015-11-16T23:59:59</time_max>
    <rigidity_min>1.92</rigidity_min>
    <rigidity_max>2.15</rigidity_max>
    <flux>62.49</flux>
    <flux_statistical_error_low>0.38</flux_statistical_error_low>
    <flux_statistical_error_high>0.38</flux_statistical_error_high>
    <flux_systematical_error_low>1.39</flux_systematical_error_low>
    <flux_systematical_error_high>1.39</flux_systematical_error_high>
  </DATA>
  <DATA>
    <time_min>2015-11-17T00:00:00</time_min>
    <time_max>2015-12-13T23:59:59</time_max>
    <rigidity_min>1.92</rigidity_min>
    <rigidity_max>2.15</rigidity_max>
    <flux>67.16</flux>
    <flux_statistical_error_low>0.39</flux_statistical_error_low>
    <flux_statistical_error_high>0.39</flux_statistical_error_high>
    <flux_systematical_error_low>1.54</flux_systematical_error_low>
    <flux_systematical_error_high>1.54</flux_systematical_error_high>
  </DATA>
  <DATA>
    <time_min>2015-12-14T00:00:00</time_min>
    <time_max>2016-01-09T23:59:59</time_max>
    <rigidity_min>1.92</rigidity_min>
    <rigidity_max>2.15</rigidity_max>
    <flux>69.37</flux>
    <flux_statistical_error_low>0.41</flux_statistical_error_low>
    <flux_statistical_error_high>0.41</flux_statistical_error_high>
    <flux_systematical_error_low>1.56</flux_systematical_error_low>
    <flux_systematical_error_high>1.56</flux_systematical_error_high>
  </DATA>
  <DATA>
    <time_min>2016-01-10T00:00:00</time_min>
    <time_max>2016-02-05T23:59:59</time_max>
    <rigidity_min>1.92</rigidity_min>
    <rigidity_max>2.15</rigidity_max>
    <flux>73.9</flux>
    <flux_statistical_error_low>0.42</flux_statistical_error_low>
    <flux_statistical_error_high>0.42</flux_statistical_error_high>
    <flux_systematical_error_low>1.73</flux_systematical_error_low>
    <flux_systematical_error_high>1.73</flux_systematical_error_high>
  </DATA>
  <DATA>
    <time_min>2016-02-06T00:00:00</time_min>
    <time_max>2016-03-03T23:59:59</time_max>
    <rigidity_min>1.92</rigidity_min>
    <rigidity_max>2.15</rigidity_max>
    <flux>75.39</flux>
    <flux_statistical_error_low>0.43</flux_statistical_error_low>
    <flux_statistical_error_high>0.43</flux_statistical_error_high>
    <flux_systematical_error_low>1.66</flux_systematical_error_low>
    <flux_systematical_error_high>1.66</flux_systematical_error_high>
  </DATA>
  <DATA>
    <time_min>2016-03-04T00:00:00</time_min>
    <time_max>2016-03-30T23:59:59</time_max>
    <rigidity_min>1.92</rigidity_min>
    <rigidity_max>2.15</rigidity_max>
    <flux>77.24</flux>
    <flux_statistical_error_low>0.44</flux_statistical_error_low>
    <flux_statistical_error_high>0.44</flux_statistical_error_high>
    <flux_systematical_error_low>1.78</flux_systematical_error_low>
    <flux_systematical_error_high>1.78</flux_systematical_error_high>
  </DATA>
  <DATA>
    <time_min>2016-03-31T00:00:00</time_min>
    <time_max>2016-04-26T23:59:59</time_max>
    <rigidity_min>1.92</rigidity_min>
    <rigidity_max>2.15</rigidity_max>
    <flux>76.36</flux>
    <flux_statistical_error_low>0.43</flux_statistical_error_low>
    <flux_statistical_error_high>0.43</flux_statistical_error_high>
    <flux_systematical_error_low>1.67</flux_systematical_error_low>
    <flux_systematical_error_high>1.67</flux_systematical_error_high>
  </DATA>
  <DATA>
    <time_min>2016-04-27T00:00:00</time_min>
    <time_max>2016-05-23T23:59:59</time_max>
    <rigidity_min>1.92</rigidity_min>
    <rigidity_max>2.15</rigidity_max>
    <flux>78.96</flux>
    <flux_statistical_error_low>0.46</flux_statistical_error_low>
    <flux_statistical_error_high>0.46</flux_statistical_error_high>
    <flux_systematical_error_low>1.81</flux_systematical_error_low>
    <flux_systematical_error_high>1.81</flux_systematical_error_high>
  </DATA>
  <DATA>
    <time_min>2016-05-24T00:00:00</time_min>
    <time_max>2016-06-19T23:59:59</time_max>
    <rigidity_min>1.92</rigidity_min>
    <rigidity_max>2.15</rigidity_max>
    <flux>82.79</flux>
    <flux_statistical_error_low>0.45</flux_statistical_error_low>
    <flux_statistical_error_high>0.45</flux_statistical_error_high>
    <flux_systematical_error_low>1.84</flux_systematical_error_low>
    <flux_systematical_error_high>1.84</flux_systematical_error_high>
  </DATA>
  <DATA>
    <time_min>2016-06-20T00:00:00</time_min>
    <time_max>2016-07-16T23:59:59</time_max>
    <rigidity_min>1.92</rigidity_min>
    <rigidity_max>2.15</rigidity_max>
    <flux>81.29</flux>
    <flux_statistical_error_low>0.45</flux_statistical_error_low>
    <flux_statistical_error_high>0.45</flux_statistical_error_high>
    <flux_systematical_error_low>1.79</flux_systematical_error_low>
    <flux_systematical_error_high>1.79</flux_systematical_error_high>
  </DATA>
  <DATA>
    <time_min>2016-07-17T00:00:00</time_min>
    <time_max>2016-08-12T23:59:59</time_max>
    <rigidity_min>1.92</rigidity_min>
    <rigidity_max>2.15</rigidity_max>
    <flux>81.53</flux>
    <flux_statistical_error_low>0.45</flux_statistical_error_low>
    <flux_statistical_error_high>0.45</flux_statistical_error_high>
    <flux_systematical_error_low>1.81</flux_systematical_error_low>
    <flux_systematical_error_high>1.81</flux_systematical_error_high>
  </DATA>
  <DATA>
    <time_min>2016-08-13T00:00:00</time_min>
    <time_max>2016-09-08T23:59:59</time_max>
    <rigidity_min>1.92</rigidity_min>
    <rigidity_max>2.15</rigidity_max>
    <flux>84.02</flux>
    <flux_statistical_error_low>0.47</flux_statistical_error_low>
    <flux_statistical_error_high>0.47</flux_statistical_error_high>
    <flux_systematical_error_low>1.87</flux_systematical_error_low>
    <flux_systematical_error_high>1.87</flux_systematical_error_high>
  </DATA>
  <DATA>
    <time_min>2016-09-09T00:00:00</time_min>
    <time_max>2016-10-05T23:59:59</time_max>
    <rigidity_min>1.92</rigidity_min>
    <rigidity_max>2.15</rigidity_max>
    <flux>87.05</flux>
    <flux_statistical_error_low>0.49</flux_statistical_error_low>
    <flux_statistical_error_high>0.49</flux_statistical_error_high>
    <flux_systematical_error_low>1.95</flux_systematical_error_low>
    <flux_systematical_error_high>1.95</flux_systematical_error_high>
  </DATA>
  <DATA>
    <time_min>2016-10-06T00:00:00</time_min>
    <time_max>2016-11-01T23:59:59</time_max>
    <rigidity_min>1.92</rigidity_min>
    <rigidity_max>2.15</rigidity_max>
    <flux>89.67</flux>
    <flux_statistical_error_low>0.51</flux_statistical_error_low>
    <flux_statistical_error_high>0.51</flux_statistical_error_high>
    <flux_systematical_error_low>2.02</flux_systematical_error_low>
    <flux_systematical_error_high>2.02</flux_systematical_error_high>
  </DATA>
  <DATA>
    <time_min>2016-11-02T00:00:00</time_min>
    <time_max>2016-11-28T23:59:59</time_max>
    <rigidity_min>1.92</rigidity_min>
    <rigidity_max>2.15</rigidity_max>
    <flux>94.15</flux>
    <flux_statistical_error_low>0.51</flux_statistical_error_low>
    <flux_statistical_error_high>0.51</flux_statistical_error_high>
    <flux_systematical_error_low>2.07</flux_systematical_error_low>
    <flux_systematical_error_high>2.07</flux_systematical_error_high>
  </DATA>
  <DATA>
    <time_min>2016-11-29T00:00:00</time_min>
    <time_max>2016-12-25T23:59:59</time_max>
    <rigidity_min>1.92</rigidity_min>
    <rigidity_max>2.15</rigidity_max>
    <flux>95.26</flux>
    <flux_statistical_error_low>0.5</flux_statistical_error_low>
    <flux_statistical_error_high>0.5</flux_statistical_error_high>
    <flux_systematical_error_low>2.07</flux_systematical_error_low>
    <flux_systematical_error_high>2.07</flux_systematical_error_high>
  </DATA>
  <DATA>
    <time_min>2016-12-26T00:00:00</time_min>
    <time_max>2017-01-21T23:59:59</time_max>
    <rigidity_min>1.92</rigidity_min>
    <rigidity_max>2.15</rigidity_max>
    <flux>95.49</flux>
    <flux_statistical_error_low>0.51</flux_statistical_error_low>
    <flux_statistical_error_high>0.51</flux_statistical_error_high>
    <flux_systematical_error_low>2.1</flux_systematical_error_low>
    <flux_systematical_error_high>2.1</flux_systematical_error_high>
  </DATA>
  <DATA>
    <time_min>2017-01-22T00:00:00</time_min>
    <time_max>2017-02-17T23:59:59</time_max>
    <rigidity_min>1.92</rigidity_min>
    <rigidity_max>2.15</rigidity_max>
    <flux>98.18</flux>
    <flux_statistical_error_low>0.51</flux_statistical_error_low>
    <flux_statistical_error_high>0.51</flux_statistical_error_high>
    <flux_systematical_error_low>2.19</flux_systematical_error_low>
    <flux_systematical_error_high>2.19</flux_systematical_error_high>
  </DATA>
  <DATA>
    <time_min>2017-02-18T00:00:00</time_min>
    <time_max>2017-03-16T23:59:59</time_max>
    <rigidity_min>1.92</rigidity_min>
    <rigidity_max>2.15</rigidity_max>
    <flux>99.43</flux>
    <flux_statistical_error_low>0.58</flux_statistical_error_low>
    <flux_statistical_error_high>0.58</flux_statistical_error_high>
    <flux_systematical_error_low>2.24</flux_systematical_error_low>
    <flux_systematical_error_high>2.24</flux_systematical_error_high>
  </DATA>
  <DATA>
    <time_min>2017-03-17T00:00:00</time_min>
    <time_max>2017-04-12T23:59:59</time_max>
    <rigidity_min>1.92</rigidity_min>
    <rigidity_max>2.15</rigidity_max>
    <flux>98.81</flux>
    <flux_statistical_error_low>0.54</flux_statistical_error_low>
    <flux_statistical_error_high>0.54</flux_statistical_error_high>
    <flux_systematical_error_low>2.31</flux_systematical_error_low>
    <flux_systematical_error_high>2.31</flux_systematical_error_high>
  </DATA>
  <DATA>
    <time_min>2017-04-13T00:00:00</time_min>
    <time_max>2017-05-09T23:59:59</time_max>
    <rigidity_min>1.92</rigidity_min>
    <rigidity_max>2.15</rigidity_max>
    <flux>97.85</flux>
    <flux_statistical_error_low>0.54</flux_statistical_error_low>
    <flux_statistical_error_high>0.54</flux_statistical_error_high>
    <flux_systematical_error_low>2.16</flux_systematical_error_low>
    <flux_systematical_error_high>2.16</flux_systematical_error_high>
  </DATA>
</XML>
