<?xml version="1.0" encoding="UTF-8"?>
<XML>
  <!--Data from the SSDC Cosmic Ray Database www.ssdc.asi.it-->
  <!--Before using these data please consult the original publication-->
  <HEADER>
    <PARTICLE>He</PARTICLE>
    <MISSION>AMS-02</MISSION>
    <UNITS>
      <flux>(m^2 s sr GV)^(-1)</flux>
      <rigidity>GV</rigidity>
      <time>UTC</time>
    </UNITS>
    <DOI>10.1103/PhysRevLett.121.051101</DOI>
    <JOURNAL>PRL</JOURNAL>
    <YEAR>2018</YEAR>
    <VOLUME>121</VOLUME>
    <PAGE>051101</PAGE>
    <TITLE>Observation of Fine Time Structures in the Cosmic Proton and Helium Fluxes with the Alpha Magnetic Spectrometer on the International Space Station</TITLE>
    <AUTHORS>Aguilar M., et al.</AUTHORS>
    <!--Columns (variables) listed inside ORIGINAL_COLUMNS are reported in this file as in the original publication. Please always consult the original publication.-->
    <ORIGINAL_COLUMNS>time_min,time_max,rigidity_min,rigidity_max,flux,flux_statistical_error_low,flux_statistical_error_high,flux_systematical_error_low,flux_systematical_error_high</ORIGINAL_COLUMNS>
    <ADS_LINK>null</ADS_LINK>
  </HEADER>
  <DATA>
    <time_min>2011-05-15T00:00:00</time_min>
    <time_max>2011-06-10T23:59:59</time_max>
    <rigidity_min>45.1</rigidity_min>
    <rigidity_max>48.5</rigidity_max>
    <flux>0.08187</flux>
    <flux_statistical_error_low>0.00128</flux_statistical_error_low>
    <flux_statistical_error_high>0.00128</flux_statistical_error_high>
    <flux_systematical_error_low>0.00162</flux_systematical_error_low>
    <flux_systematical_error_high>0.00162</flux_systematical_error_high>
  </DATA>
  <DATA>
    <time_min>2011-06-11T00:00:00</time_min>
    <time_max>2011-07-07T23:59:59</time_max>
    <rigidity_min>45.1</rigidity_min>
    <rigidity_max>48.5</rigidity_max>
    <flux>0.0798</flux>
    <flux_statistical_error_low>9.9E-4</flux_statistical_error_low>
    <flux_statistical_error_high>9.9E-4</flux_statistical_error_high>
    <flux_systematical_error_low>0.00143</flux_systematical_error_low>
    <flux_systematical_error_high>0.00143</flux_systematical_error_high>
  </DATA>
  <DATA>
    <time_min>2011-07-08T00:00:00</time_min>
    <time_max>2011-08-03T23:59:59</time_max>
    <rigidity_min>45.1</rigidity_min>
    <rigidity_max>48.5</rigidity_max>
    <flux>0.08009</flux>
    <flux_statistical_error_low>9.2E-4</flux_statistical_error_low>
    <flux_statistical_error_high>9.2E-4</flux_statistical_error_high>
    <flux_systematical_error_low>0.00142</flux_systematical_error_low>
    <flux_systematical_error_high>0.00142</flux_systematical_error_high>
  </DATA>
  <DATA>
    <time_min>2011-08-04T00:00:00</time_min>
    <time_max>2011-08-30T23:59:59</time_max>
    <rigidity_min>45.1</rigidity_min>
    <rigidity_max>48.5</rigidity_max>
    <flux>0.07958</flux>
    <flux_statistical_error_low>8.7E-4</flux_statistical_error_low>
    <flux_statistical_error_high>8.7E-4</flux_statistical_error_high>
    <flux_systematical_error_low>0.00132</flux_systematical_error_low>
    <flux_systematical_error_high>0.00132</flux_systematical_error_high>
  </DATA>
  <DATA>
    <time_min>2011-08-31T00:00:00</time_min>
    <time_max>2011-09-26T23:59:59</time_max>
    <rigidity_min>45.1</rigidity_min>
    <rigidity_max>48.5</rigidity_max>
    <flux>0.08061</flux>
    <flux_statistical_error_low>8.6E-4</flux_statistical_error_low>
    <flux_statistical_error_high>8.6E-4</flux_statistical_error_high>
    <flux_systematical_error_low>0.00134</flux_systematical_error_low>
    <flux_systematical_error_high>0.00134</flux_systematical_error_high>
  </DATA>
  <DATA>
    <time_min>2011-09-27T00:00:00</time_min>
    <time_max>2011-10-23T23:59:59</time_max>
    <rigidity_min>45.1</rigidity_min>
    <rigidity_max>48.5</rigidity_max>
    <flux>0.08038</flux>
    <flux_statistical_error_low>8.6E-4</flux_statistical_error_low>
    <flux_statistical_error_high>8.6E-4</flux_statistical_error_high>
    <flux_systematical_error_low>0.00134</flux_systematical_error_low>
    <flux_systematical_error_high>0.00134</flux_systematical_error_high>
  </DATA>
  <DATA>
    <time_min>2011-10-24T00:00:00</time_min>
    <time_max>2011-11-19T23:59:59</time_max>
    <rigidity_min>45.1</rigidity_min>
    <rigidity_max>48.5</rigidity_max>
    <flux>0.08085</flux>
    <flux_statistical_error_low>8.7E-4</flux_statistical_error_low>
    <flux_statistical_error_high>8.7E-4</flux_statistical_error_high>
    <flux_systematical_error_low>0.00136</flux_systematical_error_low>
    <flux_systematical_error_high>0.00136</flux_systematical_error_high>
  </DATA>
  <DATA>
    <time_min>2011-11-20T00:00:00</time_min>
    <time_max>2011-12-16T23:59:59</time_max>
    <rigidity_min>45.1</rigidity_min>
    <rigidity_max>48.5</rigidity_max>
    <flux>0.08127</flux>
    <flux_statistical_error_low>8.9E-4</flux_statistical_error_low>
    <flux_statistical_error_high>8.9E-4</flux_statistical_error_high>
    <flux_systematical_error_low>0.00139</flux_systematical_error_low>
    <flux_systematical_error_high>0.00139</flux_systematical_error_high>
  </DATA>
  <DATA>
    <time_min>2011-12-17T00:00:00</time_min>
    <time_max>2012-01-12T23:59:59</time_max>
    <rigidity_min>45.1</rigidity_min>
    <rigidity_max>48.5</rigidity_max>
    <flux>0.08152</flux>
    <flux_statistical_error_low>8.9E-4</flux_statistical_error_low>
    <flux_statistical_error_high>8.9E-4</flux_statistical_error_high>
    <flux_systematical_error_low>0.00139</flux_systematical_error_low>
    <flux_systematical_error_high>0.00139</flux_systematical_error_high>
  </DATA>
  <DATA>
    <time_min>2012-01-13T00:00:00</time_min>
    <time_max>2012-02-08T23:59:59</time_max>
    <rigidity_min>45.1</rigidity_min>
    <rigidity_max>48.5</rigidity_max>
    <flux>0.07958</flux>
    <flux_statistical_error_low>8.7E-4</flux_statistical_error_low>
    <flux_statistical_error_high>8.7E-4</flux_statistical_error_high>
    <flux_systematical_error_low>0.00135</flux_systematical_error_low>
    <flux_systematical_error_high>0.00135</flux_systematical_error_high>
  </DATA>
  <DATA>
    <time_min>2012-02-09T00:00:00</time_min>
    <time_max>2012-03-06T23:59:59</time_max>
    <rigidity_min>45.1</rigidity_min>
    <rigidity_max>48.5</rigidity_max>
    <flux>0.0819</flux>
    <flux_statistical_error_low>8.8E-4</flux_statistical_error_low>
    <flux_statistical_error_high>8.8E-4</flux_statistical_error_high>
    <flux_systematical_error_low>0.00141</flux_systematical_error_low>
    <flux_systematical_error_high>0.00141</flux_systematical_error_high>
  </DATA>
  <DATA>
    <time_min>2012-03-07T00:00:00</time_min>
    <time_max>2012-04-02T23:59:59</time_max>
    <rigidity_min>45.1</rigidity_min>
    <rigidity_max>48.5</rigidity_max>
    <flux>0.0814</flux>
    <flux_statistical_error_low>8.8E-4</flux_statistical_error_low>
    <flux_statistical_error_high>8.8E-4</flux_statistical_error_high>
    <flux_systematical_error_low>0.00143</flux_systematical_error_low>
    <flux_systematical_error_high>0.00143</flux_systematical_error_high>
  </DATA>
  <DATA>
    <time_min>2012-04-03T00:00:00</time_min>
    <time_max>2012-04-29T23:59:59</time_max>
    <rigidity_min>45.1</rigidity_min>
    <rigidity_max>48.5</rigidity_max>
    <flux>0.0817</flux>
    <flux_statistical_error_low>8.8E-4</flux_statistical_error_low>
    <flux_statistical_error_high>8.8E-4</flux_statistical_error_high>
    <flux_systematical_error_low>0.00136</flux_systematical_error_low>
    <flux_systematical_error_high>0.00136</flux_systematical_error_high>
  </DATA>
  <DATA>
    <time_min>2012-04-30T00:00:00</time_min>
    <time_max>2012-05-26T23:59:59</time_max>
    <rigidity_min>45.1</rigidity_min>
    <rigidity_max>48.5</rigidity_max>
    <flux>0.07934</flux>
    <flux_statistical_error_low>8.7E-4</flux_statistical_error_low>
    <flux_statistical_error_high>8.7E-4</flux_statistical_error_high>
    <flux_systematical_error_low>0.00136</flux_systematical_error_low>
    <flux_systematical_error_high>0.00136</flux_systematical_error_high>
  </DATA>
  <DATA>
    <time_min>2012-05-27T00:00:00</time_min>
    <time_max>2012-06-22T23:59:59</time_max>
    <rigidity_min>45.1</rigidity_min>
    <rigidity_max>48.5</rigidity_max>
    <flux>0.08174</flux>
    <flux_statistical_error_low>8.9E-4</flux_statistical_error_low>
    <flux_statistical_error_high>8.9E-4</flux_statistical_error_high>
    <flux_systematical_error_low>0.00143</flux_systematical_error_low>
    <flux_systematical_error_high>0.00143</flux_systematical_error_high>
  </DATA>
  <DATA>
    <time_min>2012-06-23T00:00:00</time_min>
    <time_max>2012-07-19T23:59:59</time_max>
    <rigidity_min>45.1</rigidity_min>
    <rigidity_max>48.5</rigidity_max>
    <flux>0.08082</flux>
    <flux_statistical_error_low>8.9E-4</flux_statistical_error_low>
    <flux_statistical_error_high>8.9E-4</flux_statistical_error_high>
    <flux_systematical_error_low>0.00142</flux_systematical_error_low>
    <flux_systematical_error_high>0.00142</flux_systematical_error_high>
  </DATA>
  <DATA>
    <time_min>2012-07-20T00:00:00</time_min>
    <time_max>2012-08-15T23:59:59</time_max>
    <rigidity_min>45.1</rigidity_min>
    <rigidity_max>48.5</rigidity_max>
    <flux>0.0818</flux>
    <flux_statistical_error_low>8.9E-4</flux_statistical_error_low>
    <flux_statistical_error_high>8.9E-4</flux_statistical_error_high>
    <flux_systematical_error_low>0.00143</flux_systematical_error_low>
    <flux_systematical_error_high>0.00143</flux_systematical_error_high>
  </DATA>
  <DATA>
    <time_min>2012-08-16T00:00:00</time_min>
    <time_max>2012-09-11T23:59:59</time_max>
    <rigidity_min>45.1</rigidity_min>
    <rigidity_max>48.5</rigidity_max>
    <flux>0.0823</flux>
    <flux_statistical_error_low>8.9E-4</flux_statistical_error_low>
    <flux_statistical_error_high>8.9E-4</flux_statistical_error_high>
    <flux_systematical_error_low>0.00141</flux_systematical_error_low>
    <flux_systematical_error_high>0.00141</flux_systematical_error_high>
  </DATA>
  <DATA>
    <time_min>2012-09-12T00:00:00</time_min>
    <time_max>2012-10-08T23:59:59</time_max>
    <rigidity_min>45.1</rigidity_min>
    <rigidity_max>48.5</rigidity_max>
    <flux>0.08138</flux>
    <flux_statistical_error_low>8.8E-4</flux_statistical_error_low>
    <flux_statistical_error_high>8.8E-4</flux_statistical_error_high>
    <flux_systematical_error_low>0.00139</flux_systematical_error_low>
    <flux_systematical_error_high>0.00139</flux_systematical_error_high>
  </DATA>
  <DATA>
    <time_min>2012-10-09T00:00:00</time_min>
    <time_max>2012-11-04T23:59:59</time_max>
    <rigidity_min>45.1</rigidity_min>
    <rigidity_max>48.5</rigidity_max>
    <flux>0.08055</flux>
    <flux_statistical_error_low>9.0E-4</flux_statistical_error_low>
    <flux_statistical_error_high>9.0E-4</flux_statistical_error_high>
    <flux_systematical_error_low>0.00144</flux_systematical_error_low>
    <flux_systematical_error_high>0.00144</flux_systematical_error_high>
  </DATA>
  <DATA>
    <time_min>2012-11-05T00:00:00</time_min>
    <time_max>2012-12-01T23:59:59</time_max>
    <rigidity_min>45.1</rigidity_min>
    <rigidity_max>48.5</rigidity_max>
    <flux>0.08152</flux>
    <flux_statistical_error_low>8.9E-4</flux_statistical_error_low>
    <flux_statistical_error_high>8.9E-4</flux_statistical_error_high>
    <flux_systematical_error_low>0.00137</flux_systematical_error_low>
    <flux_systematical_error_high>0.00137</flux_systematical_error_high>
  </DATA>
  <DATA>
    <time_min>2012-12-02T00:00:00</time_min>
    <time_max>2012-12-28T23:59:59</time_max>
    <rigidity_min>45.1</rigidity_min>
    <rigidity_max>48.5</rigidity_max>
    <flux>0.08082</flux>
    <flux_statistical_error_low>8.8E-4</flux_statistical_error_low>
    <flux_statistical_error_high>8.8E-4</flux_statistical_error_high>
    <flux_systematical_error_low>0.00148</flux_systematical_error_low>
    <flux_systematical_error_high>0.00148</flux_systematical_error_high>
  </DATA>
  <DATA>
    <time_min>2012-12-29T00:00:00</time_min>
    <time_max>2013-01-24T23:59:59</time_max>
    <rigidity_min>45.1</rigidity_min>
    <rigidity_max>48.5</rigidity_max>
    <flux>0.08118</flux>
    <flux_statistical_error_low>8.8E-4</flux_statistical_error_low>
    <flux_statistical_error_high>8.8E-4</flux_statistical_error_high>
    <flux_systematical_error_low>0.00146</flux_systematical_error_low>
    <flux_systematical_error_high>0.00146</flux_systematical_error_high>
  </DATA>
  <DATA>
    <time_min>2013-01-25T00:00:00</time_min>
    <time_max>2013-02-20T23:59:59</time_max>
    <rigidity_min>45.1</rigidity_min>
    <rigidity_max>48.5</rigidity_max>
    <flux>0.0809</flux>
    <flux_statistical_error_low>8.8E-4</flux_statistical_error_low>
    <flux_statistical_error_high>8.8E-4</flux_statistical_error_high>
    <flux_systematical_error_low>0.00142</flux_systematical_error_low>
    <flux_systematical_error_high>0.00142</flux_systematical_error_high>
  </DATA>
  <DATA>
    <time_min>2013-02-21T00:00:00</time_min>
    <time_max>2013-03-19T23:59:59</time_max>
    <rigidity_min>45.1</rigidity_min>
    <rigidity_max>48.5</rigidity_max>
    <flux>0.08018</flux>
    <flux_statistical_error_low>8.8E-4</flux_statistical_error_low>
    <flux_statistical_error_high>8.8E-4</flux_statistical_error_high>
    <flux_systematical_error_low>0.00144</flux_systematical_error_low>
    <flux_systematical_error_high>0.00144</flux_systematical_error_high>
  </DATA>
  <DATA>
    <time_min>2013-03-20T00:00:00</time_min>
    <time_max>2013-04-15T23:59:59</time_max>
    <rigidity_min>45.1</rigidity_min>
    <rigidity_max>48.5</rigidity_max>
    <flux>0.0822</flux>
    <flux_statistical_error_low>8.9E-4</flux_statistical_error_low>
    <flux_statistical_error_high>8.9E-4</flux_statistical_error_high>
    <flux_systematical_error_low>0.00142</flux_systematical_error_low>
    <flux_systematical_error_high>0.00142</flux_systematical_error_high>
  </DATA>
  <DATA>
    <time_min>2013-04-16T00:00:00</time_min>
    <time_max>2013-05-12T23:59:59</time_max>
    <rigidity_min>45.1</rigidity_min>
    <rigidity_max>48.5</rigidity_max>
    <flux>0.08324</flux>
    <flux_statistical_error_low>8.9E-4</flux_statistical_error_low>
    <flux_statistical_error_high>8.9E-4</flux_statistical_error_high>
    <flux_systematical_error_low>0.00147</flux_systematical_error_low>
    <flux_systematical_error_high>0.00147</flux_systematical_error_high>
  </DATA>
  <DATA>
    <time_min>2013-05-13T00:00:00</time_min>
    <time_max>2013-06-08T23:59:59</time_max>
    <rigidity_min>45.1</rigidity_min>
    <rigidity_max>48.5</rigidity_max>
    <flux>0.08124</flux>
    <flux_statistical_error_low>8.8E-4</flux_statistical_error_low>
    <flux_statistical_error_high>8.8E-4</flux_statistical_error_high>
    <flux_systematical_error_low>0.0014</flux_systematical_error_low>
    <flux_systematical_error_high>0.0014</flux_systematical_error_high>
  </DATA>
  <DATA>
    <time_min>2013-06-09T00:00:00</time_min>
    <time_max>2013-07-05T23:59:59</time_max>
    <rigidity_min>45.1</rigidity_min>
    <rigidity_max>48.5</rigidity_max>
    <flux>0.08142</flux>
    <flux_statistical_error_low>8.8E-4</flux_statistical_error_low>
    <flux_statistical_error_high>8.8E-4</flux_statistical_error_high>
    <flux_systematical_error_low>0.00137</flux_systematical_error_low>
    <flux_systematical_error_high>0.00137</flux_systematical_error_high>
  </DATA>
  <DATA>
    <time_min>2013-07-06T00:00:00</time_min>
    <time_max>2013-08-01T23:59:59</time_max>
    <rigidity_min>45.1</rigidity_min>
    <rigidity_max>48.5</rigidity_max>
    <flux>0.08001</flux>
    <flux_statistical_error_low>8.8E-4</flux_statistical_error_low>
    <flux_statistical_error_high>8.8E-4</flux_statistical_error_high>
    <flux_systematical_error_low>0.00136</flux_systematical_error_low>
    <flux_systematical_error_high>0.00136</flux_systematical_error_high>
  </DATA>
  <DATA>
    <time_min>2013-08-02T00:00:00</time_min>
    <time_max>2013-08-28T23:59:59</time_max>
    <rigidity_min>45.1</rigidity_min>
    <rigidity_max>48.5</rigidity_max>
    <flux>0.08197</flux>
    <flux_statistical_error_low>8.9E-4</flux_statistical_error_low>
    <flux_statistical_error_high>8.9E-4</flux_statistical_error_high>
    <flux_systematical_error_low>0.00146</flux_systematical_error_low>
    <flux_systematical_error_high>0.00146</flux_systematical_error_high>
  </DATA>
  <DATA>
    <time_min>2013-08-29T00:00:00</time_min>
    <time_max>2013-09-24T23:59:59</time_max>
    <rigidity_min>45.1</rigidity_min>
    <rigidity_max>48.5</rigidity_max>
    <flux>0.08317</flux>
    <flux_statistical_error_low>9.2E-4</flux_statistical_error_low>
    <flux_statistical_error_high>9.2E-4</flux_statistical_error_high>
    <flux_systematical_error_low>0.00143</flux_systematical_error_low>
    <flux_systematical_error_high>0.00143</flux_systematical_error_high>
  </DATA>
  <DATA>
    <time_min>2013-09-25T00:00:00</time_min>
    <time_max>2013-10-21T23:59:59</time_max>
    <rigidity_min>45.1</rigidity_min>
    <rigidity_max>48.5</rigidity_max>
    <flux>0.0797</flux>
    <flux_statistical_error_low>8.8E-4</flux_statistical_error_low>
    <flux_statistical_error_high>8.8E-4</flux_statistical_error_high>
    <flux_systematical_error_low>0.00135</flux_systematical_error_low>
    <flux_systematical_error_high>0.00135</flux_systematical_error_high>
  </DATA>
  <DATA>
    <time_min>2013-10-22T00:00:00</time_min>
    <time_max>2013-11-17T23:59:59</time_max>
    <rigidity_min>45.1</rigidity_min>
    <rigidity_max>48.5</rigidity_max>
    <flux>0.08042</flux>
    <flux_statistical_error_low>9.5E-4</flux_statistical_error_low>
    <flux_statistical_error_high>9.5E-4</flux_statistical_error_high>
    <flux_systematical_error_low>0.00138</flux_systematical_error_low>
    <flux_systematical_error_high>0.00138</flux_systematical_error_high>
  </DATA>
  <DATA>
    <time_min>2013-11-18T00:00:00</time_min>
    <time_max>2013-12-14T23:59:59</time_max>
    <rigidity_min>45.1</rigidity_min>
    <rigidity_max>48.5</rigidity_max>
    <flux>0.08182</flux>
    <flux_statistical_error_low>9.0E-4</flux_statistical_error_low>
    <flux_statistical_error_high>9.0E-4</flux_statistical_error_high>
    <flux_systematical_error_low>0.00144</flux_systematical_error_low>
    <flux_systematical_error_high>0.00144</flux_systematical_error_high>
  </DATA>
  <DATA>
    <time_min>2013-12-15T00:00:00</time_min>
    <time_max>2014-01-10T23:59:59</time_max>
    <rigidity_min>45.1</rigidity_min>
    <rigidity_max>48.5</rigidity_max>
    <flux>0.08077</flux>
    <flux_statistical_error_low>8.8E-4</flux_statistical_error_low>
    <flux_statistical_error_high>8.8E-4</flux_statistical_error_high>
    <flux_systematical_error_low>0.00147</flux_systematical_error_low>
    <flux_systematical_error_high>0.00147</flux_systematical_error_high>
  </DATA>
  <DATA>
    <time_min>2014-01-11T00:00:00</time_min>
    <time_max>2014-02-06T23:59:59</time_max>
    <rigidity_min>45.1</rigidity_min>
    <rigidity_max>48.5</rigidity_max>
    <flux>0.08149</flux>
    <flux_statistical_error_low>8.9E-4</flux_statistical_error_low>
    <flux_statistical_error_high>8.9E-4</flux_statistical_error_high>
    <flux_systematical_error_low>0.00139</flux_systematical_error_low>
    <flux_systematical_error_high>0.00139</flux_systematical_error_high>
  </DATA>
  <DATA>
    <time_min>2014-02-07T00:00:00</time_min>
    <time_max>2014-03-05T23:59:59</time_max>
    <rigidity_min>45.1</rigidity_min>
    <rigidity_max>48.5</rigidity_max>
    <flux>0.08087</flux>
    <flux_statistical_error_low>8.9E-4</flux_statistical_error_low>
    <flux_statistical_error_high>8.9E-4</flux_statistical_error_high>
    <flux_systematical_error_low>0.00144</flux_systematical_error_low>
    <flux_systematical_error_high>0.00144</flux_systematical_error_high>
  </DATA>
  <DATA>
    <time_min>2014-03-06T00:00:00</time_min>
    <time_max>2014-04-01T23:59:59</time_max>
    <rigidity_min>45.1</rigidity_min>
    <rigidity_max>48.5</rigidity_max>
    <flux>0.08094</flux>
    <flux_statistical_error_low>8.8E-4</flux_statistical_error_low>
    <flux_statistical_error_high>8.8E-4</flux_statistical_error_high>
    <flux_systematical_error_low>0.00145</flux_systematical_error_low>
    <flux_systematical_error_high>0.00145</flux_systematical_error_high>
  </DATA>
  <DATA>
    <time_min>2014-04-02T00:00:00</time_min>
    <time_max>2014-04-28T23:59:59</time_max>
    <rigidity_min>45.1</rigidity_min>
    <rigidity_max>48.5</rigidity_max>
    <flux>0.08125</flux>
    <flux_statistical_error_low>8.9E-4</flux_statistical_error_low>
    <flux_statistical_error_high>8.9E-4</flux_statistical_error_high>
    <flux_systematical_error_low>0.0015</flux_systematical_error_low>
    <flux_systematical_error_high>0.0015</flux_systematical_error_high>
  </DATA>
  <DATA>
    <time_min>2014-04-29T00:00:00</time_min>
    <time_max>2014-05-25T23:59:59</time_max>
    <rigidity_min>45.1</rigidity_min>
    <rigidity_max>48.5</rigidity_max>
    <flux>0.08044</flux>
    <flux_statistical_error_low>8.9E-4</flux_statistical_error_low>
    <flux_statistical_error_high>8.9E-4</flux_statistical_error_high>
    <flux_systematical_error_low>0.00144</flux_systematical_error_low>
    <flux_systematical_error_high>0.00144</flux_systematical_error_high>
  </DATA>
  <DATA>
    <time_min>2014-05-26T00:00:00</time_min>
    <time_max>2014-06-21T23:59:59</time_max>
    <rigidity_min>45.1</rigidity_min>
    <rigidity_max>48.5</rigidity_max>
    <flux>0.08121</flux>
    <flux_statistical_error_low>8.9E-4</flux_statistical_error_low>
    <flux_statistical_error_high>8.9E-4</flux_statistical_error_high>
    <flux_systematical_error_low>0.00142</flux_systematical_error_low>
    <flux_systematical_error_high>0.00142</flux_systematical_error_high>
  </DATA>
  <DATA>
    <time_min>2014-06-22T00:00:00</time_min>
    <time_max>2014-07-18T23:59:59</time_max>
    <rigidity_min>45.1</rigidity_min>
    <rigidity_max>48.5</rigidity_max>
    <flux>0.07961</flux>
    <flux_statistical_error_low>8.8E-4</flux_statistical_error_low>
    <flux_statistical_error_high>8.8E-4</flux_statistical_error_high>
    <flux_systematical_error_low>0.00143</flux_systematical_error_low>
    <flux_systematical_error_high>0.00143</flux_systematical_error_high>
  </DATA>
  <DATA>
    <time_min>2014-07-19T00:00:00</time_min>
    <time_max>2014-08-14T23:59:59</time_max>
    <rigidity_min>45.1</rigidity_min>
    <rigidity_max>48.5</rigidity_max>
    <flux>0.08154</flux>
    <flux_statistical_error_low>8.9E-4</flux_statistical_error_low>
    <flux_statistical_error_high>8.9E-4</flux_statistical_error_high>
    <flux_systematical_error_low>0.00152</flux_systematical_error_low>
    <flux_systematical_error_high>0.00152</flux_systematical_error_high>
  </DATA>
  <DATA>
    <time_min>2014-08-15T00:00:00</time_min>
    <time_max>2014-09-10T23:59:59</time_max>
    <rigidity_min>45.1</rigidity_min>
    <rigidity_max>48.5</rigidity_max>
    <flux>0.08161</flux>
    <flux_statistical_error_low>9.0E-4</flux_statistical_error_low>
    <flux_statistical_error_high>9.0E-4</flux_statistical_error_high>
    <flux_systematical_error_low>0.00144</flux_systematical_error_low>
    <flux_systematical_error_high>0.00144</flux_systematical_error_high>
  </DATA>
  <DATA>
    <time_min>2014-09-11T00:00:00</time_min>
    <time_max>2014-10-07T23:59:59</time_max>
    <rigidity_min>45.1</rigidity_min>
    <rigidity_max>48.5</rigidity_max>
    <flux>0.08069</flux>
    <flux_statistical_error_low>0.00108</flux_statistical_error_low>
    <flux_statistical_error_high>0.00108</flux_statistical_error_high>
    <flux_systematical_error_low>0.0016</flux_systematical_error_low>
    <flux_systematical_error_high>0.0016</flux_systematical_error_high>
  </DATA>
  <DATA>
    <time_min>2014-12-01T00:00:00</time_min>
    <time_max>2014-12-27T23:59:59</time_max>
    <rigidity_min>45.1</rigidity_min>
    <rigidity_max>48.5</rigidity_max>
    <flux>0.07943</flux>
    <flux_statistical_error_low>8.8E-4</flux_statistical_error_low>
    <flux_statistical_error_high>8.8E-4</flux_statistical_error_high>
    <flux_systematical_error_low>0.00143</flux_systematical_error_low>
    <flux_systematical_error_high>0.00143</flux_systematical_error_high>
  </DATA>
  <DATA>
    <time_min>2014-12-28T00:00:00</time_min>
    <time_max>2015-01-23T23:59:59</time_max>
    <rigidity_min>45.1</rigidity_min>
    <rigidity_max>48.5</rigidity_max>
    <flux>0.07799</flux>
    <flux_statistical_error_low>8.7E-4</flux_statistical_error_low>
    <flux_statistical_error_high>8.7E-4</flux_statistical_error_high>
    <flux_systematical_error_low>0.00143</flux_systematical_error_low>
    <flux_systematical_error_high>0.00143</flux_systematical_error_high>
  </DATA>
  <DATA>
    <time_min>2015-01-24T00:00:00</time_min>
    <time_max>2015-02-19T23:59:59</time_max>
    <rigidity_min>45.1</rigidity_min>
    <rigidity_max>48.5</rigidity_max>
    <flux>0.08048</flux>
    <flux_statistical_error_low>8.8E-4</flux_statistical_error_low>
    <flux_statistical_error_high>8.8E-4</flux_statistical_error_high>
    <flux_systematical_error_low>0.00148</flux_systematical_error_low>
    <flux_systematical_error_high>0.00148</flux_systematical_error_high>
  </DATA>
  <DATA>
    <time_min>2015-02-20T00:00:00</time_min>
    <time_max>2015-03-18T23:59:59</time_max>
    <rigidity_min>45.1</rigidity_min>
    <rigidity_max>48.5</rigidity_max>
    <flux>0.07891</flux>
    <flux_statistical_error_low>8.8E-4</flux_statistical_error_low>
    <flux_statistical_error_high>8.8E-4</flux_statistical_error_high>
    <flux_systematical_error_low>0.00139</flux_systematical_error_low>
    <flux_systematical_error_high>0.00139</flux_systematical_error_high>
  </DATA>
  <DATA>
    <time_min>2015-03-19T00:00:00</time_min>
    <time_max>2015-04-14T23:59:59</time_max>
    <rigidity_min>45.1</rigidity_min>
    <rigidity_max>48.5</rigidity_max>
    <flux>0.08062</flux>
    <flux_statistical_error_low>8.9E-4</flux_statistical_error_low>
    <flux_statistical_error_high>8.9E-4</flux_statistical_error_high>
    <flux_systematical_error_low>0.00141</flux_systematical_error_low>
    <flux_systematical_error_high>0.00141</flux_systematical_error_high>
  </DATA>
  <DATA>
    <time_min>2015-04-15T00:00:00</time_min>
    <time_max>2015-05-11T23:59:59</time_max>
    <rigidity_min>45.1</rigidity_min>
    <rigidity_max>48.5</rigidity_max>
    <flux>0.07977</flux>
    <flux_statistical_error_low>8.8E-4</flux_statistical_error_low>
    <flux_statistical_error_high>8.8E-4</flux_statistical_error_high>
    <flux_systematical_error_low>0.00147</flux_systematical_error_low>
    <flux_systematical_error_high>0.00147</flux_systematical_error_high>
  </DATA>
  <DATA>
    <time_min>2015-05-12T00:00:00</time_min>
    <time_max>2015-06-07T23:59:59</time_max>
    <rigidity_min>45.1</rigidity_min>
    <rigidity_max>48.5</rigidity_max>
    <flux>0.08018</flux>
    <flux_statistical_error_low>8.8E-4</flux_statistical_error_low>
    <flux_statistical_error_high>8.8E-4</flux_statistical_error_high>
    <flux_systematical_error_low>0.00147</flux_systematical_error_low>
    <flux_systematical_error_high>0.00147</flux_systematical_error_high>
  </DATA>
  <DATA>
    <time_min>2015-06-08T00:00:00</time_min>
    <time_max>2015-07-04T23:59:59</time_max>
    <rigidity_min>45.1</rigidity_min>
    <rigidity_max>48.5</rigidity_max>
    <flux>0.07825</flux>
    <flux_statistical_error_low>8.8E-4</flux_statistical_error_low>
    <flux_statistical_error_high>8.8E-4</flux_statistical_error_high>
    <flux_systematical_error_low>0.0014</flux_systematical_error_low>
    <flux_systematical_error_high>0.0014</flux_systematical_error_high>
  </DATA>
  <DATA>
    <time_min>2015-07-05T00:00:00</time_min>
    <time_max>2015-07-31T23:59:59</time_max>
    <rigidity_min>45.1</rigidity_min>
    <rigidity_max>48.5</rigidity_max>
    <flux>0.08017</flux>
    <flux_statistical_error_low>8.9E-4</flux_statistical_error_low>
    <flux_statistical_error_high>8.9E-4</flux_statistical_error_high>
    <flux_systematical_error_low>0.00148</flux_systematical_error_low>
    <flux_systematical_error_high>0.00148</flux_systematical_error_high>
  </DATA>
  <DATA>
    <time_min>2015-08-01T00:00:00</time_min>
    <time_max>2015-08-27T23:59:59</time_max>
    <rigidity_min>45.1</rigidity_min>
    <rigidity_max>48.5</rigidity_max>
    <flux>0.08235</flux>
    <flux_statistical_error_low>9.1E-4</flux_statistical_error_low>
    <flux_statistical_error_high>9.1E-4</flux_statistical_error_high>
    <flux_systematical_error_low>0.00155</flux_systematical_error_low>
    <flux_systematical_error_high>0.00155</flux_systematical_error_high>
  </DATA>
  <DATA>
    <time_min>2015-08-28T00:00:00</time_min>
    <time_max>2015-09-23T23:59:59</time_max>
    <rigidity_min>45.1</rigidity_min>
    <rigidity_max>48.5</rigidity_max>
    <flux>0.0805</flux>
    <flux_statistical_error_low>9.0E-4</flux_statistical_error_low>
    <flux_statistical_error_high>9.0E-4</flux_statistical_error_high>
    <flux_systematical_error_low>0.00141</flux_systematical_error_low>
    <flux_systematical_error_high>0.00141</flux_systematical_error_high>
  </DATA>
  <DATA>
    <time_min>2015-09-24T00:00:00</time_min>
    <time_max>2015-10-20T23:59:59</time_max>
    <rigidity_min>45.1</rigidity_min>
    <rigidity_max>48.5</rigidity_max>
    <flux>0.08025</flux>
    <flux_statistical_error_low>8.9E-4</flux_statistical_error_low>
    <flux_statistical_error_high>8.9E-4</flux_statistical_error_high>
    <flux_systematical_error_low>0.0015</flux_systematical_error_low>
    <flux_systematical_error_high>0.0015</flux_systematical_error_high>
  </DATA>
  <DATA>
    <time_min>2015-10-21T00:00:00</time_min>
    <time_max>2015-11-16T23:59:59</time_max>
    <rigidity_min>45.1</rigidity_min>
    <rigidity_max>48.5</rigidity_max>
    <flux>0.08033</flux>
    <flux_statistical_error_low>8.9E-4</flux_statistical_error_low>
    <flux_statistical_error_high>8.9E-4</flux_statistical_error_high>
    <flux_systematical_error_low>0.0014</flux_systematical_error_low>
    <flux_systematical_error_high>0.0014</flux_systematical_error_high>
  </DATA>
  <DATA>
    <time_min>2015-11-17T00:00:00</time_min>
    <time_max>2015-12-13T23:59:59</time_max>
    <rigidity_min>45.1</rigidity_min>
    <rigidity_max>48.5</rigidity_max>
    <flux>0.08101</flux>
    <flux_statistical_error_low>8.9E-4</flux_statistical_error_low>
    <flux_statistical_error_high>8.9E-4</flux_statistical_error_high>
    <flux_systematical_error_low>0.00156</flux_systematical_error_low>
    <flux_systematical_error_high>0.00156</flux_systematical_error_high>
  </DATA>
  <DATA>
    <time_min>2015-12-14T00:00:00</time_min>
    <time_max>2016-01-09T23:59:59</time_max>
    <rigidity_min>45.1</rigidity_min>
    <rigidity_max>48.5</rigidity_max>
    <flux>0.08161</flux>
    <flux_statistical_error_low>9.0E-4</flux_statistical_error_low>
    <flux_statistical_error_high>9.0E-4</flux_statistical_error_high>
    <flux_systematical_error_low>0.00151</flux_systematical_error_low>
    <flux_systematical_error_high>0.00151</flux_systematical_error_high>
  </DATA>
  <DATA>
    <time_min>2016-01-10T00:00:00</time_min>
    <time_max>2016-02-05T23:59:59</time_max>
    <rigidity_min>45.1</rigidity_min>
    <rigidity_max>48.5</rigidity_max>
    <flux>0.07909</flux>
    <flux_statistical_error_low>8.8E-4</flux_statistical_error_low>
    <flux_statistical_error_high>8.8E-4</flux_statistical_error_high>
    <flux_systematical_error_low>0.00155</flux_systematical_error_low>
    <flux_systematical_error_high>0.00155</flux_systematical_error_high>
  </DATA>
  <DATA>
    <time_min>2016-02-06T00:00:00</time_min>
    <time_max>2016-03-03T23:59:59</time_max>
    <rigidity_min>45.1</rigidity_min>
    <rigidity_max>48.5</rigidity_max>
    <flux>0.07976</flux>
    <flux_statistical_error_low>8.9E-4</flux_statistical_error_low>
    <flux_statistical_error_high>8.9E-4</flux_statistical_error_high>
    <flux_systematical_error_low>0.00141</flux_systematical_error_low>
    <flux_systematical_error_high>0.00141</flux_systematical_error_high>
  </DATA>
  <DATA>
    <time_min>2016-03-04T00:00:00</time_min>
    <time_max>2016-03-30T23:59:59</time_max>
    <rigidity_min>45.1</rigidity_min>
    <rigidity_max>48.5</rigidity_max>
    <flux>0.08152</flux>
    <flux_statistical_error_low>9.1E-4</flux_statistical_error_low>
    <flux_statistical_error_high>9.1E-4</flux_statistical_error_high>
    <flux_systematical_error_low>0.00156</flux_systematical_error_low>
    <flux_systematical_error_high>0.00156</flux_systematical_error_high>
  </DATA>
  <DATA>
    <time_min>2016-03-31T00:00:00</time_min>
    <time_max>2016-04-26T23:59:59</time_max>
    <rigidity_min>45.1</rigidity_min>
    <rigidity_max>48.5</rigidity_max>
    <flux>0.08014</flux>
    <flux_statistical_error_low>9.0E-4</flux_statistical_error_low>
    <flux_statistical_error_high>9.0E-4</flux_statistical_error_high>
    <flux_systematical_error_low>0.00145</flux_systematical_error_low>
    <flux_systematical_error_high>0.00145</flux_systematical_error_high>
  </DATA>
  <DATA>
    <time_min>2016-04-27T00:00:00</time_min>
    <time_max>2016-05-23T23:59:59</time_max>
    <rigidity_min>45.1</rigidity_min>
    <rigidity_max>48.5</rigidity_max>
    <flux>0.07978</flux>
    <flux_statistical_error_low>8.9E-4</flux_statistical_error_low>
    <flux_statistical_error_high>8.9E-4</flux_statistical_error_high>
    <flux_systematical_error_low>0.00153</flux_systematical_error_low>
    <flux_systematical_error_high>0.00153</flux_systematical_error_high>
  </DATA>
  <DATA>
    <time_min>2016-05-24T00:00:00</time_min>
    <time_max>2016-06-19T23:59:59</time_max>
    <rigidity_min>45.1</rigidity_min>
    <rigidity_max>48.5</rigidity_max>
    <flux>0.07849</flux>
    <flux_statistical_error_low>8.9E-4</flux_statistical_error_low>
    <flux_statistical_error_high>8.9E-4</flux_statistical_error_high>
    <flux_systematical_error_low>0.00143</flux_systematical_error_low>
    <flux_systematical_error_high>0.00143</flux_systematical_error_high>
  </DATA>
  <DATA>
    <time_min>2016-06-20T00:00:00</time_min>
    <time_max>2016-07-16T23:59:59</time_max>
    <rigidity_min>45.1</rigidity_min>
    <rigidity_max>48.5</rigidity_max>
    <flux>0.08107</flux>
    <flux_statistical_error_low>9.0E-4</flux_statistical_error_low>
    <flux_statistical_error_high>9.0E-4</flux_statistical_error_high>
    <flux_systematical_error_low>0.00144</flux_systematical_error_low>
    <flux_systematical_error_high>0.00144</flux_systematical_error_high>
  </DATA>
  <DATA>
    <time_min>2016-07-17T00:00:00</time_min>
    <time_max>2016-08-12T23:59:59</time_max>
    <rigidity_min>45.1</rigidity_min>
    <rigidity_max>48.5</rigidity_max>
    <flux>0.07956</flux>
    <flux_statistical_error_low>8.9E-4</flux_statistical_error_low>
    <flux_statistical_error_high>8.9E-4</flux_statistical_error_high>
    <flux_systematical_error_low>0.00145</flux_systematical_error_low>
    <flux_systematical_error_high>0.00145</flux_systematical_error_high>
  </DATA>
  <DATA>
    <time_min>2016-08-13T00:00:00</time_min>
    <time_max>2016-09-08T23:59:59</time_max>
    <rigidity_min>45.1</rigidity_min>
    <rigidity_max>48.5</rigidity_max>
    <flux>0.08151</flux>
    <flux_statistical_error_low>9.2E-4</flux_statistical_error_low>
    <flux_statistical_error_high>9.2E-4</flux_statistical_error_high>
    <flux_systematical_error_low>0.0015</flux_systematical_error_low>
    <flux_systematical_error_high>0.0015</flux_systematical_error_high>
  </DATA>
  <DATA>
    <time_min>2016-09-09T00:00:00</time_min>
    <time_max>2016-10-05T23:59:59</time_max>
    <rigidity_min>45.1</rigidity_min>
    <rigidity_max>48.5</rigidity_max>
    <flux>0.08155</flux>
    <flux_statistical_error_low>9.1E-4</flux_statistical_error_low>
    <flux_statistical_error_high>9.1E-4</flux_statistical_error_high>
    <flux_systematical_error_low>0.00151</flux_systematical_error_low>
    <flux_systematical_error_high>0.00151</flux_systematical_error_high>
  </DATA>
  <DATA>
    <time_min>2016-10-06T00:00:00</time_min>
    <time_max>2016-11-01T23:59:59</time_max>
    <rigidity_min>45.1</rigidity_min>
    <rigidity_max>48.5</rigidity_max>
    <flux>0.08119</flux>
    <flux_statistical_error_low>9.1E-4</flux_statistical_error_low>
    <flux_statistical_error_high>9.1E-4</flux_statistical_error_high>
    <flux_systematical_error_low>0.00153</flux_systematical_error_low>
    <flux_systematical_error_high>0.00153</flux_systematical_error_high>
  </DATA>
  <DATA>
    <time_min>2016-11-02T00:00:00</time_min>
    <time_max>2016-11-28T23:59:59</time_max>
    <rigidity_min>45.1</rigidity_min>
    <rigidity_max>48.5</rigidity_max>
    <flux>0.0792</flux>
    <flux_statistical_error_low>9.0E-4</flux_statistical_error_low>
    <flux_statistical_error_high>9.0E-4</flux_statistical_error_high>
    <flux_systematical_error_low>0.00148</flux_systematical_error_low>
    <flux_systematical_error_high>0.00148</flux_systematical_error_high>
  </DATA>
  <DATA>
    <time_min>2016-11-29T00:00:00</time_min>
    <time_max>2016-12-25T23:59:59</time_max>
    <rigidity_min>45.1</rigidity_min>
    <rigidity_max>48.5</rigidity_max>
    <flux>0.08079</flux>
    <flux_statistical_error_low>9.1E-4</flux_statistical_error_low>
    <flux_statistical_error_high>9.1E-4</flux_statistical_error_high>
    <flux_systematical_error_low>0.00143</flux_systematical_error_low>
    <flux_systematical_error_high>0.00143</flux_systematical_error_high>
  </DATA>
  <DATA>
    <time_min>2016-12-26T00:00:00</time_min>
    <time_max>2017-01-21T23:59:59</time_max>
    <rigidity_min>45.1</rigidity_min>
    <rigidity_max>48.5</rigidity_max>
    <flux>0.08324</flux>
    <flux_statistical_error_low>9.2E-4</flux_statistical_error_low>
    <flux_statistical_error_high>9.2E-4</flux_statistical_error_high>
    <flux_systematical_error_low>0.00148</flux_systematical_error_low>
    <flux_systematical_error_high>0.00148</flux_systematical_error_high>
  </DATA>
  <DATA>
    <time_min>2017-01-22T00:00:00</time_min>
    <time_max>2017-02-17T23:59:59</time_max>
    <rigidity_min>45.1</rigidity_min>
    <rigidity_max>48.5</rigidity_max>
    <flux>0.08123</flux>
    <flux_statistical_error_low>9.1E-4</flux_statistical_error_low>
    <flux_statistical_error_high>9.1E-4</flux_statistical_error_high>
    <flux_systematical_error_low>0.00155</flux_systematical_error_low>
    <flux_systematical_error_high>0.00155</flux_systematical_error_high>
  </DATA>
  <DATA>
    <time_min>2017-02-18T00:00:00</time_min>
    <time_max>2017-03-16T23:59:59</time_max>
    <rigidity_min>45.1</rigidity_min>
    <rigidity_max>48.5</rigidity_max>
    <flux>0.08128</flux>
    <flux_statistical_error_low>9.9E-4</flux_statistical_error_low>
    <flux_statistical_error_high>9.9E-4</flux_statistical_error_high>
    <flux_systematical_error_low>0.00152</flux_systematical_error_low>
    <flux_systematical_error_high>0.00152</flux_systematical_error_high>
  </DATA>
  <DATA>
    <time_min>2017-03-17T00:00:00</time_min>
    <time_max>2017-04-12T23:59:59</time_max>
    <rigidity_min>45.1</rigidity_min>
    <rigidity_max>48.5</rigidity_max>
    <flux>0.07917</flux>
    <flux_statistical_error_low>9.0E-4</flux_statistical_error_low>
    <flux_statistical_error_high>9.0E-4</flux_statistical_error_high>
    <flux_systematical_error_low>0.0016</flux_systematical_error_low>
    <flux_systematical_error_high>0.0016</flux_systematical_error_high>
  </DATA>
  <DATA>
    <time_min>2017-04-13T00:00:00</time_min>
    <time_max>2017-05-09T23:59:59</time_max>
    <rigidity_min>45.1</rigidity_min>
    <rigidity_max>48.5</rigidity_max>
    <flux>0.08121</flux>
    <flux_statistical_error_low>9.1E-4</flux_statistical_error_low>
    <flux_statistical_error_high>9.1E-4</flux_statistical_error_high>
    <flux_systematical_error_low>0.00148</flux_systematical_error_low>
    <flux_systematical_error_high>0.00148</flux_systematical_error_high>
  </DATA>
</XML>
