<?xml version="1.0" encoding="UTF-8"?>
<XML>
  <!--Data from the SSDC Cosmic Ray Database www.ssdc.asi.it-->
  <!--Before using these data please consult the original publication-->
  <HEADER>
    <PARTICLE>He</PARTICLE>
    <MISSION>AMS-02</MISSION>
    <UNITS>
      <flux>(m^2 s sr GV)^(-1)</flux>
      <rigidity>GV</rigidity>
      <time>UTC</time>
    </UNITS>
    <DOI>10.1103/PhysRevLett.121.051101</DOI>
    <JOURNAL>PRL</JOURNAL>
    <YEAR>2018</YEAR>
    <VOLUME>121</VOLUME>
    <PAGE>051101</PAGE>
    <TITLE>Observation of Fine Time Structures in the Cosmic Proton and Helium Fluxes with the Alpha Magnetic Spectrometer on the International Space Station</TITLE>
    <AUTHORS>Aguilar M., et al.</AUTHORS>
    <!--Columns (variables) listed inside ORIGINAL_COLUMNS are reported in this file as in the original publication. Please always consult the original publication.-->
    <ORIGINAL_COLUMNS>time_min,time_max,rigidity_min,rigidity_max,flux,flux_statistical_error_low,flux_statistical_error_high,flux_systematical_error_low,flux_systematical_error_high</ORIGINAL_COLUMNS>
    <ADS_LINK>null</ADS_LINK>
  </HEADER>
  <DATA>
    <time_min>2011-05-15T00:00:00</time_min>
    <time_max>2011-06-10T23:59:59</time_max>
    <rigidity_min>7.09</rigidity_min>
    <rigidity_max>7.76</rigidity_max>
    <flux>8.919</flux>
    <flux_statistical_error_low>0.053</flux_statistical_error_low>
    <flux_statistical_error_high>0.053</flux_statistical_error_high>
    <flux_systematical_error_low>0.137</flux_systematical_error_low>
    <flux_systematical_error_high>0.137</flux_systematical_error_high>
  </DATA>
  <DATA>
    <time_min>2011-06-11T00:00:00</time_min>
    <time_max>2011-07-07T23:59:59</time_max>
    <rigidity_min>7.09</rigidity_min>
    <rigidity_max>7.76</rigidity_max>
    <flux>8.731</flux>
    <flux_statistical_error_low>0.039</flux_statistical_error_low>
    <flux_statistical_error_high>0.039</flux_statistical_error_high>
    <flux_systematical_error_low>0.129</flux_systematical_error_low>
    <flux_systematical_error_high>0.129</flux_systematical_error_high>
  </DATA>
  <DATA>
    <time_min>2011-07-08T00:00:00</time_min>
    <time_max>2011-08-03T23:59:59</time_max>
    <rigidity_min>7.09</rigidity_min>
    <rigidity_max>7.76</rigidity_max>
    <flux>8.897</flux>
    <flux_statistical_error_low>0.037</flux_statistical_error_low>
    <flux_statistical_error_high>0.037</flux_statistical_error_high>
    <flux_systematical_error_low>0.133</flux_systematical_error_low>
    <flux_systematical_error_high>0.133</flux_systematical_error_high>
  </DATA>
  <DATA>
    <time_min>2011-08-04T00:00:00</time_min>
    <time_max>2011-08-30T23:59:59</time_max>
    <rigidity_min>7.09</rigidity_min>
    <rigidity_max>7.76</rigidity_max>
    <flux>8.893</flux>
    <flux_statistical_error_low>0.035</flux_statistical_error_low>
    <flux_statistical_error_high>0.035</flux_statistical_error_high>
    <flux_systematical_error_low>0.129</flux_systematical_error_low>
    <flux_systematical_error_high>0.129</flux_systematical_error_high>
  </DATA>
  <DATA>
    <time_min>2011-08-31T00:00:00</time_min>
    <time_max>2011-09-26T23:59:59</time_max>
    <rigidity_min>7.09</rigidity_min>
    <rigidity_max>7.76</rigidity_max>
    <flux>8.862</flux>
    <flux_statistical_error_low>0.034</flux_statistical_error_low>
    <flux_statistical_error_high>0.034</flux_statistical_error_high>
    <flux_systematical_error_low>0.129</flux_systematical_error_low>
    <flux_systematical_error_high>0.129</flux_systematical_error_high>
  </DATA>
  <DATA>
    <time_min>2011-09-27T00:00:00</time_min>
    <time_max>2011-10-23T23:59:59</time_max>
    <rigidity_min>7.09</rigidity_min>
    <rigidity_max>7.76</rigidity_max>
    <flux>8.734</flux>
    <flux_statistical_error_low>0.034</flux_statistical_error_low>
    <flux_statistical_error_high>0.034</flux_statistical_error_high>
    <flux_systematical_error_low>0.127</flux_systematical_error_low>
    <flux_systematical_error_high>0.127</flux_systematical_error_high>
  </DATA>
  <DATA>
    <time_min>2011-10-24T00:00:00</time_min>
    <time_max>2011-11-19T23:59:59</time_max>
    <rigidity_min>7.09</rigidity_min>
    <rigidity_max>7.76</rigidity_max>
    <flux>8.854</flux>
    <flux_statistical_error_low>0.034</flux_statistical_error_low>
    <flux_statistical_error_high>0.034</flux_statistical_error_high>
    <flux_systematical_error_low>0.13</flux_systematical_error_low>
    <flux_systematical_error_high>0.13</flux_systematical_error_high>
  </DATA>
  <DATA>
    <time_min>2011-11-20T00:00:00</time_min>
    <time_max>2011-12-16T23:59:59</time_max>
    <rigidity_min>7.09</rigidity_min>
    <rigidity_max>7.76</rigidity_max>
    <flux>9.105</flux>
    <flux_statistical_error_low>0.035</flux_statistical_error_low>
    <flux_statistical_error_high>0.035</flux_statistical_error_high>
    <flux_systematical_error_low>0.133</flux_systematical_error_low>
    <flux_systematical_error_high>0.133</flux_systematical_error_high>
  </DATA>
  <DATA>
    <time_min>2011-12-17T00:00:00</time_min>
    <time_max>2012-01-12T23:59:59</time_max>
    <rigidity_min>7.09</rigidity_min>
    <rigidity_max>7.76</rigidity_max>
    <flux>9.15</flux>
    <flux_statistical_error_low>0.035</flux_statistical_error_low>
    <flux_statistical_error_high>0.035</flux_statistical_error_high>
    <flux_systematical_error_low>0.133</flux_systematical_error_low>
    <flux_systematical_error_high>0.133</flux_systematical_error_high>
  </DATA>
  <DATA>
    <time_min>2012-01-13T00:00:00</time_min>
    <time_max>2012-02-08T23:59:59</time_max>
    <rigidity_min>7.09</rigidity_min>
    <rigidity_max>7.76</rigidity_max>
    <flux>8.923</flux>
    <flux_statistical_error_low>0.035</flux_statistical_error_low>
    <flux_statistical_error_high>0.035</flux_statistical_error_high>
    <flux_systematical_error_low>0.131</flux_systematical_error_low>
    <flux_systematical_error_high>0.131</flux_systematical_error_high>
  </DATA>
  <DATA>
    <time_min>2012-02-09T00:00:00</time_min>
    <time_max>2012-03-06T23:59:59</time_max>
    <rigidity_min>7.09</rigidity_min>
    <rigidity_max>7.76</rigidity_max>
    <flux>8.714</flux>
    <flux_statistical_error_low>0.034</flux_statistical_error_low>
    <flux_statistical_error_high>0.034</flux_statistical_error_high>
    <flux_systematical_error_low>0.128</flux_systematical_error_low>
    <flux_systematical_error_high>0.128</flux_systematical_error_high>
  </DATA>
  <DATA>
    <time_min>2012-03-07T00:00:00</time_min>
    <time_max>2012-04-02T23:59:59</time_max>
    <rigidity_min>7.09</rigidity_min>
    <rigidity_max>7.76</rigidity_max>
    <flux>8.351</flux>
    <flux_statistical_error_low>0.034</flux_statistical_error_low>
    <flux_statistical_error_high>0.034</flux_statistical_error_high>
    <flux_systematical_error_low>0.123</flux_systematical_error_low>
    <flux_systematical_error_high>0.123</flux_systematical_error_high>
  </DATA>
  <DATA>
    <time_min>2012-04-03T00:00:00</time_min>
    <time_max>2012-04-29T23:59:59</time_max>
    <rigidity_min>7.09</rigidity_min>
    <rigidity_max>7.76</rigidity_max>
    <flux>8.925</flux>
    <flux_statistical_error_low>0.034</flux_statistical_error_low>
    <flux_statistical_error_high>0.034</flux_statistical_error_high>
    <flux_systematical_error_low>0.13</flux_systematical_error_low>
    <flux_systematical_error_high>0.13</flux_systematical_error_high>
  </DATA>
  <DATA>
    <time_min>2012-04-30T00:00:00</time_min>
    <time_max>2012-05-26T23:59:59</time_max>
    <rigidity_min>7.09</rigidity_min>
    <rigidity_max>7.76</rigidity_max>
    <flux>8.995</flux>
    <flux_statistical_error_low>0.035</flux_statistical_error_low>
    <flux_statistical_error_high>0.035</flux_statistical_error_high>
    <flux_systematical_error_low>0.132</flux_systematical_error_low>
    <flux_systematical_error_high>0.132</flux_systematical_error_high>
  </DATA>
  <DATA>
    <time_min>2012-05-27T00:00:00</time_min>
    <time_max>2012-06-22T23:59:59</time_max>
    <rigidity_min>7.09</rigidity_min>
    <rigidity_max>7.76</rigidity_max>
    <flux>8.744</flux>
    <flux_statistical_error_low>0.034</flux_statistical_error_low>
    <flux_statistical_error_high>0.034</flux_statistical_error_high>
    <flux_systematical_error_low>0.129</flux_systematical_error_low>
    <flux_systematical_error_high>0.129</flux_systematical_error_high>
  </DATA>
  <DATA>
    <time_min>2012-06-23T00:00:00</time_min>
    <time_max>2012-07-19T23:59:59</time_max>
    <rigidity_min>7.09</rigidity_min>
    <rigidity_max>7.76</rigidity_max>
    <flux>8.537</flux>
    <flux_statistical_error_low>0.034</flux_statistical_error_low>
    <flux_statistical_error_high>0.034</flux_statistical_error_high>
    <flux_systematical_error_low>0.126</flux_systematical_error_low>
    <flux_systematical_error_high>0.126</flux_systematical_error_high>
  </DATA>
  <DATA>
    <time_min>2012-07-20T00:00:00</time_min>
    <time_max>2012-08-15T23:59:59</time_max>
    <rigidity_min>7.09</rigidity_min>
    <rigidity_max>7.76</rigidity_max>
    <flux>8.277</flux>
    <flux_statistical_error_low>0.033</flux_statistical_error_low>
    <flux_statistical_error_high>0.033</flux_statistical_error_high>
    <flux_systematical_error_low>0.121</flux_systematical_error_low>
    <flux_systematical_error_high>0.121</flux_systematical_error_high>
  </DATA>
  <DATA>
    <time_min>2012-08-16T00:00:00</time_min>
    <time_max>2012-09-11T23:59:59</time_max>
    <rigidity_min>7.09</rigidity_min>
    <rigidity_max>7.76</rigidity_max>
    <flux>8.5</flux>
    <flux_statistical_error_low>0.033</flux_statistical_error_low>
    <flux_statistical_error_high>0.033</flux_statistical_error_high>
    <flux_systematical_error_low>0.125</flux_systematical_error_low>
    <flux_systematical_error_high>0.125</flux_systematical_error_high>
  </DATA>
  <DATA>
    <time_min>2012-09-12T00:00:00</time_min>
    <time_max>2012-10-08T23:59:59</time_max>
    <rigidity_min>7.09</rigidity_min>
    <rigidity_max>7.76</rigidity_max>
    <flux>8.72</flux>
    <flux_statistical_error_low>0.034</flux_statistical_error_low>
    <flux_statistical_error_high>0.034</flux_statistical_error_high>
    <flux_systematical_error_low>0.128</flux_systematical_error_low>
    <flux_systematical_error_high>0.128</flux_systematical_error_high>
  </DATA>
  <DATA>
    <time_min>2012-10-09T00:00:00</time_min>
    <time_max>2012-11-04T23:59:59</time_max>
    <rigidity_min>7.09</rigidity_min>
    <rigidity_max>7.76</rigidity_max>
    <flux>8.603</flux>
    <flux_statistical_error_low>0.035</flux_statistical_error_low>
    <flux_statistical_error_high>0.035</flux_statistical_error_high>
    <flux_systematical_error_low>0.127</flux_systematical_error_low>
    <flux_systematical_error_high>0.127</flux_systematical_error_high>
  </DATA>
  <DATA>
    <time_min>2012-11-05T00:00:00</time_min>
    <time_max>2012-12-01T23:59:59</time_max>
    <rigidity_min>7.09</rigidity_min>
    <rigidity_max>7.76</rigidity_max>
    <flux>8.672</flux>
    <flux_statistical_error_low>0.034</flux_statistical_error_low>
    <flux_statistical_error_high>0.034</flux_statistical_error_high>
    <flux_systematical_error_low>0.127</flux_systematical_error_low>
    <flux_systematical_error_high>0.127</flux_systematical_error_high>
  </DATA>
  <DATA>
    <time_min>2012-12-02T00:00:00</time_min>
    <time_max>2012-12-28T23:59:59</time_max>
    <rigidity_min>7.09</rigidity_min>
    <rigidity_max>7.76</rigidity_max>
    <flux>8.759</flux>
    <flux_statistical_error_low>0.034</flux_statistical_error_low>
    <flux_statistical_error_high>0.034</flux_statistical_error_high>
    <flux_systematical_error_low>0.131</flux_systematical_error_low>
    <flux_systematical_error_high>0.131</flux_systematical_error_high>
  </DATA>
  <DATA>
    <time_min>2012-12-29T00:00:00</time_min>
    <time_max>2013-01-24T23:59:59</time_max>
    <rigidity_min>7.09</rigidity_min>
    <rigidity_max>7.76</rigidity_max>
    <flux>8.896</flux>
    <flux_statistical_error_low>0.034</flux_statistical_error_low>
    <flux_statistical_error_high>0.034</flux_statistical_error_high>
    <flux_systematical_error_low>0.132</flux_systematical_error_low>
    <flux_systematical_error_high>0.132</flux_systematical_error_high>
  </DATA>
  <DATA>
    <time_min>2013-01-25T00:00:00</time_min>
    <time_max>2013-02-20T23:59:59</time_max>
    <rigidity_min>7.09</rigidity_min>
    <rigidity_max>7.76</rigidity_max>
    <flux>8.912</flux>
    <flux_statistical_error_low>0.034</flux_statistical_error_low>
    <flux_statistical_error_high>0.034</flux_statistical_error_high>
    <flux_systematical_error_low>0.131</flux_systematical_error_low>
    <flux_systematical_error_high>0.131</flux_systematical_error_high>
  </DATA>
  <DATA>
    <time_min>2013-02-21T00:00:00</time_min>
    <time_max>2013-03-19T23:59:59</time_max>
    <rigidity_min>7.09</rigidity_min>
    <rigidity_max>7.76</rigidity_max>
    <flux>8.734</flux>
    <flux_statistical_error_low>0.034</flux_statistical_error_low>
    <flux_statistical_error_high>0.034</flux_statistical_error_high>
    <flux_systematical_error_low>0.13</flux_systematical_error_low>
    <flux_systematical_error_high>0.13</flux_systematical_error_high>
  </DATA>
  <DATA>
    <time_min>2013-03-20T00:00:00</time_min>
    <time_max>2013-04-15T23:59:59</time_max>
    <rigidity_min>7.09</rigidity_min>
    <rigidity_max>7.76</rigidity_max>
    <flux>8.594</flux>
    <flux_statistical_error_low>0.034</flux_statistical_error_low>
    <flux_statistical_error_high>0.034</flux_statistical_error_high>
    <flux_systematical_error_low>0.126</flux_systematical_error_low>
    <flux_systematical_error_high>0.126</flux_systematical_error_high>
  </DATA>
  <DATA>
    <time_min>2013-04-16T00:00:00</time_min>
    <time_max>2013-05-12T23:59:59</time_max>
    <rigidity_min>7.09</rigidity_min>
    <rigidity_max>7.76</rigidity_max>
    <flux>8.562</flux>
    <flux_statistical_error_low>0.033</flux_statistical_error_low>
    <flux_statistical_error_high>0.033</flux_statistical_error_high>
    <flux_systematical_error_low>0.127</flux_systematical_error_low>
    <flux_systematical_error_high>0.127</flux_systematical_error_high>
  </DATA>
  <DATA>
    <time_min>2013-05-13T00:00:00</time_min>
    <time_max>2013-06-08T23:59:59</time_max>
    <rigidity_min>7.09</rigidity_min>
    <rigidity_max>7.76</rigidity_max>
    <flux>7.989</flux>
    <flux_statistical_error_low>0.032</flux_statistical_error_low>
    <flux_statistical_error_high>0.032</flux_statistical_error_high>
    <flux_systematical_error_low>0.117</flux_systematical_error_low>
    <flux_systematical_error_high>0.117</flux_systematical_error_high>
  </DATA>
  <DATA>
    <time_min>2013-06-09T00:00:00</time_min>
    <time_max>2013-07-05T23:59:59</time_max>
    <rigidity_min>7.09</rigidity_min>
    <rigidity_max>7.76</rigidity_max>
    <flux>8.276</flux>
    <flux_statistical_error_low>0.033</flux_statistical_error_low>
    <flux_statistical_error_high>0.033</flux_statistical_error_high>
    <flux_systematical_error_low>0.121</flux_systematical_error_low>
    <flux_systematical_error_high>0.121</flux_systematical_error_high>
  </DATA>
  <DATA>
    <time_min>2013-07-06T00:00:00</time_min>
    <time_max>2013-08-01T23:59:59</time_max>
    <rigidity_min>7.09</rigidity_min>
    <rigidity_max>7.76</rigidity_max>
    <flux>8.406</flux>
    <flux_statistical_error_low>0.033</flux_statistical_error_low>
    <flux_statistical_error_high>0.033</flux_statistical_error_high>
    <flux_systematical_error_low>0.123</flux_systematical_error_low>
    <flux_systematical_error_high>0.123</flux_systematical_error_high>
  </DATA>
  <DATA>
    <time_min>2013-08-02T00:00:00</time_min>
    <time_max>2013-08-28T23:59:59</time_max>
    <rigidity_min>7.09</rigidity_min>
    <rigidity_max>7.76</rigidity_max>
    <flux>8.503</flux>
    <flux_statistical_error_low>0.033</flux_statistical_error_low>
    <flux_statistical_error_high>0.033</flux_statistical_error_high>
    <flux_systematical_error_low>0.127</flux_systematical_error_low>
    <flux_systematical_error_high>0.127</flux_systematical_error_high>
  </DATA>
  <DATA>
    <time_min>2013-08-29T00:00:00</time_min>
    <time_max>2013-09-24T23:59:59</time_max>
    <rigidity_min>7.09</rigidity_min>
    <rigidity_max>7.76</rigidity_max>
    <flux>8.38</flux>
    <flux_statistical_error_low>0.034</flux_statistical_error_low>
    <flux_statistical_error_high>0.034</flux_statistical_error_high>
    <flux_systematical_error_low>0.123</flux_systematical_error_low>
    <flux_systematical_error_high>0.123</flux_systematical_error_high>
  </DATA>
  <DATA>
    <time_min>2013-09-25T00:00:00</time_min>
    <time_max>2013-10-21T23:59:59</time_max>
    <rigidity_min>7.09</rigidity_min>
    <rigidity_max>7.76</rigidity_max>
    <flux>8.729</flux>
    <flux_statistical_error_low>0.034</flux_statistical_error_low>
    <flux_statistical_error_high>0.034</flux_statistical_error_high>
    <flux_systematical_error_low>0.128</flux_systematical_error_low>
    <flux_systematical_error_high>0.128</flux_systematical_error_high>
  </DATA>
  <DATA>
    <time_min>2013-10-22T00:00:00</time_min>
    <time_max>2013-11-17T23:59:59</time_max>
    <rigidity_min>7.09</rigidity_min>
    <rigidity_max>7.76</rigidity_max>
    <flux>8.557</flux>
    <flux_statistical_error_low>0.036</flux_statistical_error_low>
    <flux_statistical_error_high>0.036</flux_statistical_error_high>
    <flux_systematical_error_low>0.126</flux_systematical_error_low>
    <flux_systematical_error_high>0.126</flux_systematical_error_high>
  </DATA>
  <DATA>
    <time_min>2013-11-18T00:00:00</time_min>
    <time_max>2013-12-14T23:59:59</time_max>
    <rigidity_min>7.09</rigidity_min>
    <rigidity_max>7.76</rigidity_max>
    <flux>8.621</flux>
    <flux_statistical_error_low>0.034</flux_statistical_error_low>
    <flux_statistical_error_high>0.034</flux_statistical_error_high>
    <flux_systematical_error_low>0.128</flux_systematical_error_low>
    <flux_systematical_error_high>0.128</flux_systematical_error_high>
  </DATA>
  <DATA>
    <time_min>2013-12-15T00:00:00</time_min>
    <time_max>2014-01-10T23:59:59</time_max>
    <rigidity_min>7.09</rigidity_min>
    <rigidity_max>7.76</rigidity_max>
    <flux>8.494</flux>
    <flux_statistical_error_low>0.033</flux_statistical_error_low>
    <flux_statistical_error_high>0.033</flux_statistical_error_high>
    <flux_systematical_error_low>0.128</flux_systematical_error_low>
    <flux_systematical_error_high>0.128</flux_systematical_error_high>
  </DATA>
  <DATA>
    <time_min>2014-01-11T00:00:00</time_min>
    <time_max>2014-02-06T23:59:59</time_max>
    <rigidity_min>7.09</rigidity_min>
    <rigidity_max>7.76</rigidity_max>
    <flux>8.564</flux>
    <flux_statistical_error_low>0.033</flux_statistical_error_low>
    <flux_statistical_error_high>0.033</flux_statistical_error_high>
    <flux_systematical_error_low>0.126</flux_systematical_error_low>
    <flux_systematical_error_high>0.126</flux_systematical_error_high>
  </DATA>
  <DATA>
    <time_min>2014-02-07T00:00:00</time_min>
    <time_max>2014-03-05T23:59:59</time_max>
    <rigidity_min>7.09</rigidity_min>
    <rigidity_max>7.76</rigidity_max>
    <flux>8.186</flux>
    <flux_statistical_error_low>0.033</flux_statistical_error_low>
    <flux_statistical_error_high>0.033</flux_statistical_error_high>
    <flux_systematical_error_low>0.123</flux_systematical_error_low>
    <flux_systematical_error_high>0.123</flux_systematical_error_high>
  </DATA>
  <DATA>
    <time_min>2014-03-06T00:00:00</time_min>
    <time_max>2014-04-01T23:59:59</time_max>
    <rigidity_min>7.09</rigidity_min>
    <rigidity_max>7.76</rigidity_max>
    <flux>8.351</flux>
    <flux_statistical_error_low>0.033</flux_statistical_error_low>
    <flux_statistical_error_high>0.033</flux_statistical_error_high>
    <flux_systematical_error_low>0.125</flux_systematical_error_low>
    <flux_systematical_error_high>0.125</flux_systematical_error_high>
  </DATA>
  <DATA>
    <time_min>2014-04-02T00:00:00</time_min>
    <time_max>2014-04-28T23:59:59</time_max>
    <rigidity_min>7.09</rigidity_min>
    <rigidity_max>7.76</rigidity_max>
    <flux>8.329</flux>
    <flux_statistical_error_low>0.033</flux_statistical_error_low>
    <flux_statistical_error_high>0.033</flux_statistical_error_high>
    <flux_systematical_error_low>0.127</flux_systematical_error_low>
    <flux_systematical_error_high>0.127</flux_systematical_error_high>
  </DATA>
  <DATA>
    <time_min>2014-04-29T00:00:00</time_min>
    <time_max>2014-05-25T23:59:59</time_max>
    <rigidity_min>7.09</rigidity_min>
    <rigidity_max>7.76</rigidity_max>
    <flux>8.676</flux>
    <flux_statistical_error_low>0.034</flux_statistical_error_low>
    <flux_statistical_error_high>0.034</flux_statistical_error_high>
    <flux_systematical_error_low>0.13</flux_systematical_error_low>
    <flux_systematical_error_high>0.13</flux_systematical_error_high>
  </DATA>
  <DATA>
    <time_min>2014-05-26T00:00:00</time_min>
    <time_max>2014-06-21T23:59:59</time_max>
    <rigidity_min>7.09</rigidity_min>
    <rigidity_max>7.76</rigidity_max>
    <flux>8.463</flux>
    <flux_statistical_error_low>0.033</flux_statistical_error_low>
    <flux_statistical_error_high>0.033</flux_statistical_error_high>
    <flux_systematical_error_low>0.125</flux_systematical_error_low>
    <flux_systematical_error_high>0.125</flux_systematical_error_high>
  </DATA>
  <DATA>
    <time_min>2014-06-22T00:00:00</time_min>
    <time_max>2014-07-18T23:59:59</time_max>
    <rigidity_min>7.09</rigidity_min>
    <rigidity_max>7.76</rigidity_max>
    <flux>8.394</flux>
    <flux_statistical_error_low>0.033</flux_statistical_error_low>
    <flux_statistical_error_high>0.033</flux_statistical_error_high>
    <flux_systematical_error_low>0.125</flux_systematical_error_low>
    <flux_systematical_error_high>0.125</flux_systematical_error_high>
  </DATA>
  <DATA>
    <time_min>2014-07-19T00:00:00</time_min>
    <time_max>2014-08-14T23:59:59</time_max>
    <rigidity_min>7.09</rigidity_min>
    <rigidity_max>7.76</rigidity_max>
    <flux>8.701</flux>
    <flux_statistical_error_low>0.034</flux_statistical_error_low>
    <flux_statistical_error_high>0.034</flux_statistical_error_high>
    <flux_systematical_error_low>0.132</flux_systematical_error_low>
    <flux_systematical_error_high>0.132</flux_systematical_error_high>
  </DATA>
  <DATA>
    <time_min>2014-08-15T00:00:00</time_min>
    <time_max>2014-09-10T23:59:59</time_max>
    <rigidity_min>7.09</rigidity_min>
    <rigidity_max>7.76</rigidity_max>
    <flux>8.757</flux>
    <flux_statistical_error_low>0.034</flux_statistical_error_low>
    <flux_statistical_error_high>0.034</flux_statistical_error_high>
    <flux_systematical_error_low>0.13</flux_systematical_error_low>
    <flux_systematical_error_high>0.13</flux_systematical_error_high>
  </DATA>
  <DATA>
    <time_min>2014-09-11T00:00:00</time_min>
    <time_max>2014-10-07T23:59:59</time_max>
    <rigidity_min>7.09</rigidity_min>
    <rigidity_max>7.76</rigidity_max>
    <flux>8.523</flux>
    <flux_statistical_error_low>0.041</flux_statistical_error_low>
    <flux_statistical_error_high>0.041</flux_statistical_error_high>
    <flux_systematical_error_low>0.133</flux_systematical_error_low>
    <flux_systematical_error_high>0.133</flux_systematical_error_high>
  </DATA>
  <DATA>
    <time_min>2014-12-01T00:00:00</time_min>
    <time_max>2014-12-27T23:59:59</time_max>
    <rigidity_min>7.09</rigidity_min>
    <rigidity_max>7.76</rigidity_max>
    <flux>8.154</flux>
    <flux_statistical_error_low>0.033</flux_statistical_error_low>
    <flux_statistical_error_high>0.033</flux_statistical_error_high>
    <flux_systematical_error_low>0.123</flux_systematical_error_low>
    <flux_systematical_error_high>0.123</flux_systematical_error_high>
  </DATA>
  <DATA>
    <time_min>2014-12-28T00:00:00</time_min>
    <time_max>2015-01-23T23:59:59</time_max>
    <rigidity_min>7.09</rigidity_min>
    <rigidity_max>7.76</rigidity_max>
    <flux>8.308</flux>
    <flux_statistical_error_low>0.033</flux_statistical_error_low>
    <flux_statistical_error_high>0.033</flux_statistical_error_high>
    <flux_systematical_error_low>0.125</flux_systematical_error_low>
    <flux_systematical_error_high>0.125</flux_systematical_error_high>
  </DATA>
  <DATA>
    <time_min>2015-01-24T00:00:00</time_min>
    <time_max>2015-02-19T23:59:59</time_max>
    <rigidity_min>7.09</rigidity_min>
    <rigidity_max>7.76</rigidity_max>
    <flux>8.268</flux>
    <flux_statistical_error_low>0.033</flux_statistical_error_low>
    <flux_statistical_error_high>0.033</flux_statistical_error_high>
    <flux_systematical_error_low>0.126</flux_systematical_error_low>
    <flux_systematical_error_high>0.126</flux_systematical_error_high>
  </DATA>
  <DATA>
    <time_min>2015-02-20T00:00:00</time_min>
    <time_max>2015-03-18T23:59:59</time_max>
    <rigidity_min>7.09</rigidity_min>
    <rigidity_max>7.76</rigidity_max>
    <flux>8.161</flux>
    <flux_statistical_error_low>0.033</flux_statistical_error_low>
    <flux_statistical_error_high>0.033</flux_statistical_error_high>
    <flux_systematical_error_low>0.122</flux_systematical_error_low>
    <flux_systematical_error_high>0.122</flux_systematical_error_high>
  </DATA>
  <DATA>
    <time_min>2015-03-19T00:00:00</time_min>
    <time_max>2015-04-14T23:59:59</time_max>
    <rigidity_min>7.09</rigidity_min>
    <rigidity_max>7.76</rigidity_max>
    <flux>7.983</flux>
    <flux_statistical_error_low>0.033</flux_statistical_error_low>
    <flux_statistical_error_high>0.033</flux_statistical_error_high>
    <flux_systematical_error_low>0.119</flux_systematical_error_low>
    <flux_systematical_error_high>0.119</flux_systematical_error_high>
  </DATA>
  <DATA>
    <time_min>2015-04-15T00:00:00</time_min>
    <time_max>2015-05-11T23:59:59</time_max>
    <rigidity_min>7.09</rigidity_min>
    <rigidity_max>7.76</rigidity_max>
    <flux>8.253</flux>
    <flux_statistical_error_low>0.033</flux_statistical_error_low>
    <flux_statistical_error_high>0.033</flux_statistical_error_high>
    <flux_systematical_error_low>0.125</flux_systematical_error_low>
    <flux_systematical_error_high>0.125</flux_systematical_error_high>
  </DATA>
  <DATA>
    <time_min>2015-05-12T00:00:00</time_min>
    <time_max>2015-06-07T23:59:59</time_max>
    <rigidity_min>7.09</rigidity_min>
    <rigidity_max>7.76</rigidity_max>
    <flux>8.505</flux>
    <flux_statistical_error_low>0.033</flux_statistical_error_low>
    <flux_statistical_error_high>0.033</flux_statistical_error_high>
    <flux_systematical_error_low>0.128</flux_systematical_error_low>
    <flux_systematical_error_high>0.128</flux_systematical_error_high>
  </DATA>
  <DATA>
    <time_min>2015-06-08T00:00:00</time_min>
    <time_max>2015-07-04T23:59:59</time_max>
    <rigidity_min>7.09</rigidity_min>
    <rigidity_max>7.76</rigidity_max>
    <flux>8.298</flux>
    <flux_statistical_error_low>0.033</flux_statistical_error_low>
    <flux_statistical_error_high>0.033</flux_statistical_error_high>
    <flux_systematical_error_low>0.124</flux_systematical_error_low>
    <flux_systematical_error_high>0.124</flux_systematical_error_high>
  </DATA>
  <DATA>
    <time_min>2015-07-05T00:00:00</time_min>
    <time_max>2015-07-31T23:59:59</time_max>
    <rigidity_min>7.09</rigidity_min>
    <rigidity_max>7.76</rigidity_max>
    <flux>8.623</flux>
    <flux_statistical_error_low>0.034</flux_statistical_error_low>
    <flux_statistical_error_high>0.034</flux_statistical_error_high>
    <flux_systematical_error_low>0.13</flux_systematical_error_low>
    <flux_systematical_error_high>0.13</flux_systematical_error_high>
  </DATA>
  <DATA>
    <time_min>2015-08-01T00:00:00</time_min>
    <time_max>2015-08-27T23:59:59</time_max>
    <rigidity_min>7.09</rigidity_min>
    <rigidity_max>7.76</rigidity_max>
    <flux>8.634</flux>
    <flux_statistical_error_low>0.034</flux_statistical_error_low>
    <flux_statistical_error_high>0.034</flux_statistical_error_high>
    <flux_systematical_error_low>0.13</flux_systematical_error_low>
    <flux_systematical_error_high>0.13</flux_systematical_error_high>
  </DATA>
  <DATA>
    <time_min>2015-08-28T00:00:00</time_min>
    <time_max>2015-09-23T23:59:59</time_max>
    <rigidity_min>7.09</rigidity_min>
    <rigidity_max>7.76</rigidity_max>
    <flux>8.523</flux>
    <flux_statistical_error_low>0.034</flux_statistical_error_low>
    <flux_statistical_error_high>0.034</flux_statistical_error_high>
    <flux_systematical_error_low>0.127</flux_systematical_error_low>
    <flux_systematical_error_high>0.127</flux_systematical_error_high>
  </DATA>
  <DATA>
    <time_min>2015-09-24T00:00:00</time_min>
    <time_max>2015-10-20T23:59:59</time_max>
    <rigidity_min>7.09</rigidity_min>
    <rigidity_max>7.76</rigidity_max>
    <flux>8.574</flux>
    <flux_statistical_error_low>0.034</flux_statistical_error_low>
    <flux_statistical_error_high>0.034</flux_statistical_error_high>
    <flux_systematical_error_low>0.13</flux_systematical_error_low>
    <flux_systematical_error_high>0.13</flux_systematical_error_high>
  </DATA>
  <DATA>
    <time_min>2015-10-21T00:00:00</time_min>
    <time_max>2015-11-16T23:59:59</time_max>
    <rigidity_min>7.09</rigidity_min>
    <rigidity_max>7.76</rigidity_max>
    <flux>8.609</flux>
    <flux_statistical_error_low>0.034</flux_statistical_error_low>
    <flux_statistical_error_high>0.034</flux_statistical_error_high>
    <flux_systematical_error_low>0.127</flux_systematical_error_low>
    <flux_systematical_error_high>0.127</flux_systematical_error_high>
  </DATA>
  <DATA>
    <time_min>2015-11-17T00:00:00</time_min>
    <time_max>2015-12-13T23:59:59</time_max>
    <rigidity_min>7.09</rigidity_min>
    <rigidity_max>7.76</rigidity_max>
    <flux>8.718</flux>
    <flux_statistical_error_low>0.034</flux_statistical_error_low>
    <flux_statistical_error_high>0.034</flux_statistical_error_high>
    <flux_systematical_error_low>0.133</flux_systematical_error_low>
    <flux_systematical_error_high>0.133</flux_systematical_error_high>
  </DATA>
  <DATA>
    <time_min>2015-12-14T00:00:00</time_min>
    <time_max>2016-01-09T23:59:59</time_max>
    <rigidity_min>7.09</rigidity_min>
    <rigidity_max>7.76</rigidity_max>
    <flux>8.792</flux>
    <flux_statistical_error_low>0.035</flux_statistical_error_low>
    <flux_statistical_error_high>0.035</flux_statistical_error_high>
    <flux_systematical_error_low>0.133</flux_systematical_error_low>
    <flux_systematical_error_high>0.133</flux_systematical_error_high>
  </DATA>
  <DATA>
    <time_min>2016-01-10T00:00:00</time_min>
    <time_max>2016-02-05T23:59:59</time_max>
    <rigidity_min>7.09</rigidity_min>
    <rigidity_max>7.76</rigidity_max>
    <flux>8.979</flux>
    <flux_statistical_error_low>0.035</flux_statistical_error_low>
    <flux_statistical_error_high>0.035</flux_statistical_error_high>
    <flux_systematical_error_low>0.14</flux_systematical_error_low>
    <flux_systematical_error_high>0.14</flux_systematical_error_high>
  </DATA>
  <DATA>
    <time_min>2016-02-06T00:00:00</time_min>
    <time_max>2016-03-03T23:59:59</time_max>
    <rigidity_min>7.09</rigidity_min>
    <rigidity_max>7.76</rigidity_max>
    <flux>9.19</flux>
    <flux_statistical_error_low>0.035</flux_statistical_error_low>
    <flux_statistical_error_high>0.035</flux_statistical_error_high>
    <flux_systematical_error_low>0.136</flux_systematical_error_low>
    <flux_systematical_error_high>0.136</flux_systematical_error_high>
  </DATA>
  <DATA>
    <time_min>2016-03-04T00:00:00</time_min>
    <time_max>2016-03-30T23:59:59</time_max>
    <rigidity_min>7.09</rigidity_min>
    <rigidity_max>7.76</rigidity_max>
    <flux>9.06</flux>
    <flux_statistical_error_low>0.035</flux_statistical_error_low>
    <flux_statistical_error_high>0.035</flux_statistical_error_high>
    <flux_systematical_error_low>0.139</flux_systematical_error_low>
    <flux_systematical_error_high>0.139</flux_systematical_error_high>
  </DATA>
  <DATA>
    <time_min>2016-03-31T00:00:00</time_min>
    <time_max>2016-04-26T23:59:59</time_max>
    <rigidity_min>7.09</rigidity_min>
    <rigidity_max>7.76</rigidity_max>
    <flux>9.077</flux>
    <flux_statistical_error_low>0.035</flux_statistical_error_low>
    <flux_statistical_error_high>0.035</flux_statistical_error_high>
    <flux_systematical_error_low>0.135</flux_systematical_error_low>
    <flux_systematical_error_high>0.135</flux_systematical_error_high>
  </DATA>
  <DATA>
    <time_min>2016-04-27T00:00:00</time_min>
    <time_max>2016-05-23T23:59:59</time_max>
    <rigidity_min>7.09</rigidity_min>
    <rigidity_max>7.76</rigidity_max>
    <flux>9.121</flux>
    <flux_statistical_error_low>0.036</flux_statistical_error_low>
    <flux_statistical_error_high>0.036</flux_statistical_error_high>
    <flux_systematical_error_low>0.14</flux_systematical_error_low>
    <flux_systematical_error_high>0.14</flux_systematical_error_high>
  </DATA>
  <DATA>
    <time_min>2016-05-24T00:00:00</time_min>
    <time_max>2016-06-19T23:59:59</time_max>
    <rigidity_min>7.09</rigidity_min>
    <rigidity_max>7.76</rigidity_max>
    <flux>9.24</flux>
    <flux_statistical_error_low>0.036</flux_statistical_error_low>
    <flux_statistical_error_high>0.036</flux_statistical_error_high>
    <flux_systematical_error_low>0.139</flux_systematical_error_low>
    <flux_systematical_error_high>0.139</flux_systematical_error_high>
  </DATA>
  <DATA>
    <time_min>2016-06-20T00:00:00</time_min>
    <time_max>2016-07-16T23:59:59</time_max>
    <rigidity_min>7.09</rigidity_min>
    <rigidity_max>7.76</rigidity_max>
    <flux>9.173</flux>
    <flux_statistical_error_low>0.035</flux_statistical_error_low>
    <flux_statistical_error_high>0.035</flux_statistical_error_high>
    <flux_systematical_error_low>0.138</flux_systematical_error_low>
    <flux_systematical_error_high>0.138</flux_systematical_error_high>
  </DATA>
  <DATA>
    <time_min>2016-07-17T00:00:00</time_min>
    <time_max>2016-08-12T23:59:59</time_max>
    <rigidity_min>7.09</rigidity_min>
    <rigidity_max>7.76</rigidity_max>
    <flux>9.125</flux>
    <flux_statistical_error_low>0.035</flux_statistical_error_low>
    <flux_statistical_error_high>0.035</flux_statistical_error_high>
    <flux_systematical_error_low>0.137</flux_systematical_error_low>
    <flux_systematical_error_high>0.137</flux_systematical_error_high>
  </DATA>
  <DATA>
    <time_min>2016-08-13T00:00:00</time_min>
    <time_max>2016-09-08T23:59:59</time_max>
    <rigidity_min>7.09</rigidity_min>
    <rigidity_max>7.76</rigidity_max>
    <flux>9.342</flux>
    <flux_statistical_error_low>0.036</flux_statistical_error_low>
    <flux_statistical_error_high>0.036</flux_statistical_error_high>
    <flux_systematical_error_low>0.141</flux_systematical_error_low>
    <flux_systematical_error_high>0.141</flux_systematical_error_high>
  </DATA>
  <DATA>
    <time_min>2016-09-09T00:00:00</time_min>
    <time_max>2016-10-05T23:59:59</time_max>
    <rigidity_min>7.09</rigidity_min>
    <rigidity_max>7.76</rigidity_max>
    <flux>9.291</flux>
    <flux_statistical_error_low>0.036</flux_statistical_error_low>
    <flux_statistical_error_high>0.036</flux_statistical_error_high>
    <flux_systematical_error_low>0.141</flux_systematical_error_low>
    <flux_systematical_error_high>0.141</flux_systematical_error_high>
  </DATA>
  <DATA>
    <time_min>2016-10-06T00:00:00</time_min>
    <time_max>2016-11-01T23:59:59</time_max>
    <rigidity_min>7.09</rigidity_min>
    <rigidity_max>7.76</rigidity_max>
    <flux>9.289</flux>
    <flux_statistical_error_low>0.036</flux_statistical_error_low>
    <flux_statistical_error_high>0.036</flux_statistical_error_high>
    <flux_systematical_error_low>0.141</flux_systematical_error_low>
    <flux_systematical_error_high>0.141</flux_systematical_error_high>
  </DATA>
  <DATA>
    <time_min>2016-11-02T00:00:00</time_min>
    <time_max>2016-11-28T23:59:59</time_max>
    <rigidity_min>7.09</rigidity_min>
    <rigidity_max>7.76</rigidity_max>
    <flux>9.426</flux>
    <flux_statistical_error_low>0.036</flux_statistical_error_low>
    <flux_statistical_error_high>0.036</flux_statistical_error_high>
    <flux_systematical_error_low>0.142</flux_systematical_error_low>
    <flux_systematical_error_high>0.142</flux_systematical_error_high>
  </DATA>
  <DATA>
    <time_min>2016-11-29T00:00:00</time_min>
    <time_max>2016-12-25T23:59:59</time_max>
    <rigidity_min>7.09</rigidity_min>
    <rigidity_max>7.76</rigidity_max>
    <flux>9.511</flux>
    <flux_statistical_error_low>0.036</flux_statistical_error_low>
    <flux_statistical_error_high>0.036</flux_statistical_error_high>
    <flux_systematical_error_low>0.141</flux_systematical_error_low>
    <flux_systematical_error_high>0.141</flux_systematical_error_high>
  </DATA>
  <DATA>
    <time_min>2016-12-26T00:00:00</time_min>
    <time_max>2017-01-21T23:59:59</time_max>
    <rigidity_min>7.09</rigidity_min>
    <rigidity_max>7.76</rigidity_max>
    <flux>9.475</flux>
    <flux_statistical_error_low>0.037</flux_statistical_error_low>
    <flux_statistical_error_high>0.037</flux_statistical_error_high>
    <flux_systematical_error_low>0.142</flux_systematical_error_low>
    <flux_systematical_error_high>0.142</flux_systematical_error_high>
  </DATA>
  <DATA>
    <time_min>2017-01-22T00:00:00</time_min>
    <time_max>2017-02-17T23:59:59</time_max>
    <rigidity_min>7.09</rigidity_min>
    <rigidity_max>7.76</rigidity_max>
    <flux>9.492</flux>
    <flux_statistical_error_low>0.036</flux_statistical_error_low>
    <flux_statistical_error_high>0.036</flux_statistical_error_high>
    <flux_systematical_error_low>0.144</flux_systematical_error_low>
    <flux_systematical_error_high>0.144</flux_systematical_error_high>
  </DATA>
  <DATA>
    <time_min>2017-02-18T00:00:00</time_min>
    <time_max>2017-03-16T23:59:59</time_max>
    <rigidity_min>7.09</rigidity_min>
    <rigidity_max>7.76</rigidity_max>
    <flux>9.498</flux>
    <flux_statistical_error_low>0.04</flux_statistical_error_low>
    <flux_statistical_error_high>0.04</flux_statistical_error_high>
    <flux_systematical_error_low>0.144</flux_systematical_error_low>
    <flux_systematical_error_high>0.144</flux_systematical_error_high>
  </DATA>
  <DATA>
    <time_min>2017-03-17T00:00:00</time_min>
    <time_max>2017-04-12T23:59:59</time_max>
    <rigidity_min>7.09</rigidity_min>
    <rigidity_max>7.76</rigidity_max>
    <flux>9.502</flux>
    <flux_statistical_error_low>0.037</flux_statistical_error_low>
    <flux_statistical_error_high>0.037</flux_statistical_error_high>
    <flux_systematical_error_low>0.149</flux_systematical_error_low>
    <flux_systematical_error_high>0.149</flux_systematical_error_high>
  </DATA>
  <DATA>
    <time_min>2017-04-13T00:00:00</time_min>
    <time_max>2017-05-09T23:59:59</time_max>
    <rigidity_min>7.09</rigidity_min>
    <rigidity_max>7.76</rigidity_max>
    <flux>9.436</flux>
    <flux_statistical_error_low>0.037</flux_statistical_error_low>
    <flux_statistical_error_high>0.037</flux_statistical_error_high>
    <flux_systematical_error_low>0.142</flux_systematical_error_low>
    <flux_systematical_error_high>0.142</flux_systematical_error_high>
  </DATA>
</XML>
