<?xml version="1.0" encoding="UTF-8"?>
<XML>
  <!--Data from the SSDC Cosmic Ray Database www.ssdc.asi.it-->
  <!--Before using these data please consult the original publication-->
  <HEADER>
    <PARTICLE>He</PARTICLE>
    <MISSION>AMS-02</MISSION>
    <UNITS>
      <flux>(m^2 s sr GV)^(-1)</flux>
      <rigidity>GV</rigidity>
      <time>UTC</time>
    </UNITS>
    <DOI>10.1103/PhysRevLett.121.051101</DOI>
    <JOURNAL>PRL</JOURNAL>
    <YEAR>2018</YEAR>
    <VOLUME>121</VOLUME>
    <PAGE>051101</PAGE>
    <TITLE>Observation of Fine Time Structures in the Cosmic Proton and Helium Fluxes with the Alpha Magnetic Spectrometer on the International Space Station</TITLE>
    <AUTHORS>Aguilar M., et al.</AUTHORS>
    <!--Columns (variables) listed inside ORIGINAL_COLUMNS are reported in this file as in the original publication. Please always consult the original publication.-->
    <ORIGINAL_COLUMNS>time_min,time_max,rigidity_min,rigidity_max,flux,flux_statistical_error_low,flux_statistical_error_high,flux_systematical_error_low,flux_systematical_error_high</ORIGINAL_COLUMNS>
    <ADS_LINK>null</ADS_LINK>
  </HEADER>
  <DATA>
    <time_min>2011-05-15T00:00:00</time_min>
    <time_max>2011-06-10T23:59:59</time_max>
    <rigidity_min>2.97</rigidity_min>
    <rigidity_max>3.29</rigidity_max>
    <flux>46.08</flux>
    <flux_statistical_error_low>0.31</flux_statistical_error_low>
    <flux_statistical_error_high>0.31</flux_statistical_error_high>
    <flux_systematical_error_low>0.79</flux_systematical_error_low>
    <flux_systematical_error_high>0.79</flux_systematical_error_high>
  </DATA>
  <DATA>
    <time_min>2011-06-11T00:00:00</time_min>
    <time_max>2011-07-07T23:59:59</time_max>
    <rigidity_min>2.97</rigidity_min>
    <rigidity_max>3.29</rigidity_max>
    <flux>44.65</flux>
    <flux_statistical_error_low>0.23</flux_statistical_error_low>
    <flux_statistical_error_high>0.23</flux_statistical_error_high>
    <flux_systematical_error_low>0.73</flux_systematical_error_low>
    <flux_systematical_error_high>0.73</flux_systematical_error_high>
  </DATA>
  <DATA>
    <time_min>2011-07-08T00:00:00</time_min>
    <time_max>2011-08-03T23:59:59</time_max>
    <rigidity_min>2.97</rigidity_min>
    <rigidity_max>3.29</rigidity_max>
    <flux>46.07</flux>
    <flux_statistical_error_low>0.22</flux_statistical_error_low>
    <flux_statistical_error_high>0.22</flux_statistical_error_high>
    <flux_systematical_error_low>0.76</flux_systematical_error_low>
    <flux_systematical_error_high>0.76</flux_systematical_error_high>
  </DATA>
  <DATA>
    <time_min>2011-08-04T00:00:00</time_min>
    <time_max>2011-08-30T23:59:59</time_max>
    <rigidity_min>2.97</rigidity_min>
    <rigidity_max>3.29</rigidity_max>
    <flux>45.86</flux>
    <flux_statistical_error_low>0.2</flux_statistical_error_low>
    <flux_statistical_error_high>0.2</flux_statistical_error_high>
    <flux_systematical_error_low>0.72</flux_systematical_error_low>
    <flux_systematical_error_high>0.72</flux_systematical_error_high>
  </DATA>
  <DATA>
    <time_min>2011-08-31T00:00:00</time_min>
    <time_max>2011-09-26T23:59:59</time_max>
    <rigidity_min>2.97</rigidity_min>
    <rigidity_max>3.29</rigidity_max>
    <flux>46.23</flux>
    <flux_statistical_error_low>0.2</flux_statistical_error_low>
    <flux_statistical_error_high>0.2</flux_statistical_error_high>
    <flux_systematical_error_low>0.73</flux_systematical_error_low>
    <flux_systematical_error_high>0.73</flux_systematical_error_high>
  </DATA>
  <DATA>
    <time_min>2011-09-27T00:00:00</time_min>
    <time_max>2011-10-23T23:59:59</time_max>
    <rigidity_min>2.97</rigidity_min>
    <rigidity_max>3.29</rigidity_max>
    <flux>43.56</flux>
    <flux_statistical_error_low>0.19</flux_statistical_error_low>
    <flux_statistical_error_high>0.19</flux_statistical_error_high>
    <flux_systematical_error_low>0.69</flux_systematical_error_low>
    <flux_systematical_error_high>0.69</flux_systematical_error_high>
  </DATA>
  <DATA>
    <time_min>2011-10-24T00:00:00</time_min>
    <time_max>2011-11-19T23:59:59</time_max>
    <rigidity_min>2.97</rigidity_min>
    <rigidity_max>3.29</rigidity_max>
    <flux>45.57</flux>
    <flux_statistical_error_low>0.2</flux_statistical_error_low>
    <flux_statistical_error_high>0.2</flux_statistical_error_high>
    <flux_systematical_error_low>0.72</flux_systematical_error_low>
    <flux_systematical_error_high>0.72</flux_systematical_error_high>
  </DATA>
  <DATA>
    <time_min>2011-11-20T00:00:00</time_min>
    <time_max>2011-12-16T23:59:59</time_max>
    <rigidity_min>2.97</rigidity_min>
    <rigidity_max>3.29</rigidity_max>
    <flux>47.95</flux>
    <flux_statistical_error_low>0.21</flux_statistical_error_low>
    <flux_statistical_error_high>0.21</flux_statistical_error_high>
    <flux_systematical_error_low>0.76</flux_systematical_error_low>
    <flux_systematical_error_high>0.76</flux_systematical_error_high>
  </DATA>
  <DATA>
    <time_min>2011-12-17T00:00:00</time_min>
    <time_max>2012-01-12T23:59:59</time_max>
    <rigidity_min>2.97</rigidity_min>
    <rigidity_max>3.29</rigidity_max>
    <flux>48.33</flux>
    <flux_statistical_error_low>0.21</flux_statistical_error_low>
    <flux_statistical_error_high>0.21</flux_statistical_error_high>
    <flux_systematical_error_low>0.76</flux_systematical_error_low>
    <flux_systematical_error_high>0.76</flux_systematical_error_high>
  </DATA>
  <DATA>
    <time_min>2012-01-13T00:00:00</time_min>
    <time_max>2012-02-08T23:59:59</time_max>
    <rigidity_min>2.97</rigidity_min>
    <rigidity_max>3.29</rigidity_max>
    <flux>46.12</flux>
    <flux_statistical_error_low>0.21</flux_statistical_error_low>
    <flux_statistical_error_high>0.21</flux_statistical_error_high>
    <flux_systematical_error_low>0.74</flux_systematical_error_low>
    <flux_systematical_error_high>0.74</flux_systematical_error_high>
  </DATA>
  <DATA>
    <time_min>2012-02-09T00:00:00</time_min>
    <time_max>2012-03-06T23:59:59</time_max>
    <rigidity_min>2.97</rigidity_min>
    <rigidity_max>3.29</rigidity_max>
    <flux>44.85</flux>
    <flux_statistical_error_low>0.2</flux_statistical_error_low>
    <flux_statistical_error_high>0.2</flux_statistical_error_high>
    <flux_systematical_error_low>0.72</flux_systematical_error_low>
    <flux_systematical_error_high>0.72</flux_systematical_error_high>
  </DATA>
  <DATA>
    <time_min>2012-03-07T00:00:00</time_min>
    <time_max>2012-04-02T23:59:59</time_max>
    <rigidity_min>2.97</rigidity_min>
    <rigidity_max>3.29</rigidity_max>
    <flux>39.17</flux>
    <flux_statistical_error_low>0.19</flux_statistical_error_low>
    <flux_statistical_error_high>0.19</flux_statistical_error_high>
    <flux_systematical_error_low>0.64</flux_systematical_error_low>
    <flux_systematical_error_high>0.64</flux_systematical_error_high>
  </DATA>
  <DATA>
    <time_min>2012-04-03T00:00:00</time_min>
    <time_max>2012-04-29T23:59:59</time_max>
    <rigidity_min>2.97</rigidity_min>
    <rigidity_max>3.29</rigidity_max>
    <flux>44.14</flux>
    <flux_statistical_error_low>0.2</flux_statistical_error_low>
    <flux_statistical_error_high>0.2</flux_statistical_error_high>
    <flux_systematical_error_low>0.7</flux_systematical_error_low>
    <flux_systematical_error_high>0.7</flux_systematical_error_high>
  </DATA>
  <DATA>
    <time_min>2012-04-30T00:00:00</time_min>
    <time_max>2012-05-26T23:59:59</time_max>
    <rigidity_min>2.97</rigidity_min>
    <rigidity_max>3.29</rigidity_max>
    <flux>45.19</flux>
    <flux_statistical_error_low>0.2</flux_statistical_error_low>
    <flux_statistical_error_high>0.2</flux_statistical_error_high>
    <flux_systematical_error_low>0.72</flux_systematical_error_low>
    <flux_systematical_error_high>0.72</flux_systematical_error_high>
  </DATA>
  <DATA>
    <time_min>2012-05-27T00:00:00</time_min>
    <time_max>2012-06-22T23:59:59</time_max>
    <rigidity_min>2.97</rigidity_min>
    <rigidity_max>3.29</rigidity_max>
    <flux>42.74</flux>
    <flux_statistical_error_low>0.2</flux_statistical_error_low>
    <flux_statistical_error_high>0.2</flux_statistical_error_high>
    <flux_systematical_error_low>0.69</flux_systematical_error_low>
    <flux_systematical_error_high>0.69</flux_systematical_error_high>
  </DATA>
  <DATA>
    <time_min>2012-06-23T00:00:00</time_min>
    <time_max>2012-07-19T23:59:59</time_max>
    <rigidity_min>2.97</rigidity_min>
    <rigidity_max>3.29</rigidity_max>
    <flux>41.72</flux>
    <flux_statistical_error_low>0.19</flux_statistical_error_low>
    <flux_statistical_error_high>0.19</flux_statistical_error_high>
    <flux_systematical_error_low>0.67</flux_systematical_error_low>
    <flux_systematical_error_high>0.67</flux_systematical_error_high>
  </DATA>
  <DATA>
    <time_min>2012-07-20T00:00:00</time_min>
    <time_max>2012-08-15T23:59:59</time_max>
    <rigidity_min>2.97</rigidity_min>
    <rigidity_max>3.29</rigidity_max>
    <flux>37.6</flux>
    <flux_statistical_error_low>0.18</flux_statistical_error_low>
    <flux_statistical_error_high>0.18</flux_statistical_error_high>
    <flux_systematical_error_low>0.6</flux_systematical_error_low>
    <flux_systematical_error_high>0.6</flux_systematical_error_high>
  </DATA>
  <DATA>
    <time_min>2012-08-16T00:00:00</time_min>
    <time_max>2012-09-11T23:59:59</time_max>
    <rigidity_min>2.97</rigidity_min>
    <rigidity_max>3.29</rigidity_max>
    <flux>38.47</flux>
    <flux_statistical_error_low>0.18</flux_statistical_error_low>
    <flux_statistical_error_high>0.18</flux_statistical_error_high>
    <flux_systematical_error_low>0.62</flux_systematical_error_low>
    <flux_systematical_error_high>0.62</flux_systematical_error_high>
  </DATA>
  <DATA>
    <time_min>2012-09-12T00:00:00</time_min>
    <time_max>2012-10-08T23:59:59</time_max>
    <rigidity_min>2.97</rigidity_min>
    <rigidity_max>3.29</rigidity_max>
    <flux>40.05</flux>
    <flux_statistical_error_low>0.18</flux_statistical_error_low>
    <flux_statistical_error_high>0.18</flux_statistical_error_high>
    <flux_systematical_error_low>0.64</flux_systematical_error_low>
    <flux_systematical_error_high>0.64</flux_systematical_error_high>
  </DATA>
  <DATA>
    <time_min>2012-10-09T00:00:00</time_min>
    <time_max>2012-11-04T23:59:59</time_max>
    <rigidity_min>2.97</rigidity_min>
    <rigidity_max>3.29</rigidity_max>
    <flux>39.14</flux>
    <flux_statistical_error_low>0.19</flux_statistical_error_low>
    <flux_statistical_error_high>0.19</flux_statistical_error_high>
    <flux_systematical_error_low>0.64</flux_systematical_error_low>
    <flux_systematical_error_high>0.64</flux_systematical_error_high>
  </DATA>
  <DATA>
    <time_min>2012-11-05T00:00:00</time_min>
    <time_max>2012-12-01T23:59:59</time_max>
    <rigidity_min>2.97</rigidity_min>
    <rigidity_max>3.29</rigidity_max>
    <flux>39.77</flux>
    <flux_statistical_error_low>0.19</flux_statistical_error_low>
    <flux_statistical_error_high>0.19</flux_statistical_error_high>
    <flux_systematical_error_low>0.64</flux_systematical_error_low>
    <flux_systematical_error_high>0.64</flux_systematical_error_high>
  </DATA>
  <DATA>
    <time_min>2012-12-02T00:00:00</time_min>
    <time_max>2012-12-28T23:59:59</time_max>
    <rigidity_min>2.97</rigidity_min>
    <rigidity_max>3.29</rigidity_max>
    <flux>40.66</flux>
    <flux_statistical_error_low>0.18</flux_statistical_error_low>
    <flux_statistical_error_high>0.18</flux_statistical_error_high>
    <flux_systematical_error_low>0.67</flux_systematical_error_low>
    <flux_systematical_error_high>0.67</flux_systematical_error_high>
  </DATA>
  <DATA>
    <time_min>2012-12-29T00:00:00</time_min>
    <time_max>2013-01-24T23:59:59</time_max>
    <rigidity_min>2.97</rigidity_min>
    <rigidity_max>3.29</rigidity_max>
    <flux>42.2</flux>
    <flux_statistical_error_low>0.19</flux_statistical_error_low>
    <flux_statistical_error_high>0.19</flux_statistical_error_high>
    <flux_systematical_error_low>0.69</flux_systematical_error_low>
    <flux_systematical_error_high>0.69</flux_systematical_error_high>
  </DATA>
  <DATA>
    <time_min>2013-01-25T00:00:00</time_min>
    <time_max>2013-02-20T23:59:59</time_max>
    <rigidity_min>2.97</rigidity_min>
    <rigidity_max>3.29</rigidity_max>
    <flux>43.29</flux>
    <flux_statistical_error_low>0.19</flux_statistical_error_low>
    <flux_statistical_error_high>0.19</flux_statistical_error_high>
    <flux_systematical_error_low>0.69</flux_systematical_error_low>
    <flux_systematical_error_high>0.69</flux_systematical_error_high>
  </DATA>
  <DATA>
    <time_min>2013-02-21T00:00:00</time_min>
    <time_max>2013-03-19T23:59:59</time_max>
    <rigidity_min>2.97</rigidity_min>
    <rigidity_max>3.29</rigidity_max>
    <flux>42.32</flux>
    <flux_statistical_error_low>0.19</flux_statistical_error_low>
    <flux_statistical_error_high>0.19</flux_statistical_error_high>
    <flux_systematical_error_low>0.69</flux_systematical_error_low>
    <flux_systematical_error_high>0.69</flux_systematical_error_high>
  </DATA>
  <DATA>
    <time_min>2013-03-20T00:00:00</time_min>
    <time_max>2013-04-15T23:59:59</time_max>
    <rigidity_min>2.97</rigidity_min>
    <rigidity_max>3.29</rigidity_max>
    <flux>41.19</flux>
    <flux_statistical_error_low>0.19</flux_statistical_error_low>
    <flux_statistical_error_high>0.19</flux_statistical_error_high>
    <flux_systematical_error_low>0.66</flux_systematical_error_low>
    <flux_systematical_error_high>0.66</flux_systematical_error_high>
  </DATA>
  <DATA>
    <time_min>2013-04-16T00:00:00</time_min>
    <time_max>2013-05-12T23:59:59</time_max>
    <rigidity_min>2.97</rigidity_min>
    <rigidity_max>3.29</rigidity_max>
    <flux>40.25</flux>
    <flux_statistical_error_low>0.18</flux_statistical_error_low>
    <flux_statistical_error_high>0.18</flux_statistical_error_high>
    <flux_systematical_error_low>0.65</flux_systematical_error_low>
    <flux_systematical_error_high>0.65</flux_systematical_error_high>
  </DATA>
  <DATA>
    <time_min>2013-05-13T00:00:00</time_min>
    <time_max>2013-06-08T23:59:59</time_max>
    <rigidity_min>2.97</rigidity_min>
    <rigidity_max>3.29</rigidity_max>
    <flux>35.0</flux>
    <flux_statistical_error_low>0.17</flux_statistical_error_low>
    <flux_statistical_error_high>0.17</flux_statistical_error_high>
    <flux_systematical_error_low>0.56</flux_systematical_error_low>
    <flux_systematical_error_high>0.56</flux_systematical_error_high>
  </DATA>
  <DATA>
    <time_min>2013-06-09T00:00:00</time_min>
    <time_max>2013-07-05T23:59:59</time_max>
    <rigidity_min>2.97</rigidity_min>
    <rigidity_max>3.29</rigidity_max>
    <flux>35.75</flux>
    <flux_statistical_error_low>0.17</flux_statistical_error_low>
    <flux_statistical_error_high>0.17</flux_statistical_error_high>
    <flux_systematical_error_low>0.57</flux_systematical_error_low>
    <flux_systematical_error_high>0.57</flux_systematical_error_high>
  </DATA>
  <DATA>
    <time_min>2013-07-06T00:00:00</time_min>
    <time_max>2013-08-01T23:59:59</time_max>
    <rigidity_min>2.97</rigidity_min>
    <rigidity_max>3.29</rigidity_max>
    <flux>36.15</flux>
    <flux_statistical_error_low>0.17</flux_statistical_error_low>
    <flux_statistical_error_high>0.17</flux_statistical_error_high>
    <flux_systematical_error_low>0.58</flux_systematical_error_low>
    <flux_systematical_error_high>0.58</flux_systematical_error_high>
  </DATA>
  <DATA>
    <time_min>2013-08-02T00:00:00</time_min>
    <time_max>2013-08-28T23:59:59</time_max>
    <rigidity_min>2.97</rigidity_min>
    <rigidity_max>3.29</rigidity_max>
    <flux>36.28</flux>
    <flux_statistical_error_low>0.17</flux_statistical_error_low>
    <flux_statistical_error_high>0.17</flux_statistical_error_high>
    <flux_systematical_error_low>0.59</flux_systematical_error_low>
    <flux_systematical_error_high>0.59</flux_systematical_error_high>
  </DATA>
  <DATA>
    <time_min>2013-08-29T00:00:00</time_min>
    <time_max>2013-09-24T23:59:59</time_max>
    <rigidity_min>2.97</rigidity_min>
    <rigidity_max>3.29</rigidity_max>
    <flux>35.38</flux>
    <flux_statistical_error_low>0.18</flux_statistical_error_low>
    <flux_statistical_error_high>0.18</flux_statistical_error_high>
    <flux_systematical_error_low>0.57</flux_systematical_error_low>
    <flux_systematical_error_high>0.57</flux_systematical_error_high>
  </DATA>
  <DATA>
    <time_min>2013-09-25T00:00:00</time_min>
    <time_max>2013-10-21T23:59:59</time_max>
    <rigidity_min>2.97</rigidity_min>
    <rigidity_max>3.29</rigidity_max>
    <flux>37.51</flux>
    <flux_statistical_error_low>0.18</flux_statistical_error_low>
    <flux_statistical_error_high>0.18</flux_statistical_error_high>
    <flux_systematical_error_low>0.6</flux_systematical_error_low>
    <flux_systematical_error_high>0.6</flux_systematical_error_high>
  </DATA>
  <DATA>
    <time_min>2013-10-22T00:00:00</time_min>
    <time_max>2013-11-17T23:59:59</time_max>
    <rigidity_min>2.97</rigidity_min>
    <rigidity_max>3.29</rigidity_max>
    <flux>36.96</flux>
    <flux_statistical_error_low>0.19</flux_statistical_error_low>
    <flux_statistical_error_high>0.19</flux_statistical_error_high>
    <flux_systematical_error_low>0.6</flux_systematical_error_low>
    <flux_systematical_error_high>0.6</flux_systematical_error_high>
  </DATA>
  <DATA>
    <time_min>2013-11-18T00:00:00</time_min>
    <time_max>2013-12-14T23:59:59</time_max>
    <rigidity_min>2.97</rigidity_min>
    <rigidity_max>3.29</rigidity_max>
    <flux>36.89</flux>
    <flux_statistical_error_low>0.18</flux_statistical_error_low>
    <flux_statistical_error_high>0.18</flux_statistical_error_high>
    <flux_systematical_error_low>0.61</flux_systematical_error_low>
    <flux_systematical_error_high>0.61</flux_systematical_error_high>
  </DATA>
  <DATA>
    <time_min>2013-12-15T00:00:00</time_min>
    <time_max>2014-01-10T23:59:59</time_max>
    <rigidity_min>2.97</rigidity_min>
    <rigidity_max>3.29</rigidity_max>
    <flux>36.33</flux>
    <flux_statistical_error_low>0.17</flux_statistical_error_low>
    <flux_statistical_error_high>0.17</flux_statistical_error_high>
    <flux_systematical_error_low>0.61</flux_systematical_error_low>
    <flux_systematical_error_high>0.61</flux_systematical_error_high>
  </DATA>
  <DATA>
    <time_min>2014-01-11T00:00:00</time_min>
    <time_max>2014-02-06T23:59:59</time_max>
    <rigidity_min>2.97</rigidity_min>
    <rigidity_max>3.29</rigidity_max>
    <flux>36.79</flux>
    <flux_statistical_error_low>0.18</flux_statistical_error_low>
    <flux_statistical_error_high>0.18</flux_statistical_error_high>
    <flux_systematical_error_low>0.59</flux_systematical_error_low>
    <flux_systematical_error_high>0.59</flux_systematical_error_high>
  </DATA>
  <DATA>
    <time_min>2014-02-07T00:00:00</time_min>
    <time_max>2014-03-05T23:59:59</time_max>
    <rigidity_min>2.97</rigidity_min>
    <rigidity_max>3.29</rigidity_max>
    <flux>33.96</flux>
    <flux_statistical_error_low>0.17</flux_statistical_error_low>
    <flux_statistical_error_high>0.17</flux_statistical_error_high>
    <flux_systematical_error_low>0.57</flux_systematical_error_low>
    <flux_systematical_error_high>0.57</flux_systematical_error_high>
  </DATA>
  <DATA>
    <time_min>2014-03-06T00:00:00</time_min>
    <time_max>2014-04-01T23:59:59</time_max>
    <rigidity_min>2.97</rigidity_min>
    <rigidity_max>3.29</rigidity_max>
    <flux>35.27</flux>
    <flux_statistical_error_low>0.17</flux_statistical_error_low>
    <flux_statistical_error_high>0.17</flux_statistical_error_high>
    <flux_systematical_error_low>0.59</flux_systematical_error_low>
    <flux_systematical_error_high>0.59</flux_systematical_error_high>
  </DATA>
  <DATA>
    <time_min>2014-04-02T00:00:00</time_min>
    <time_max>2014-04-28T23:59:59</time_max>
    <rigidity_min>2.97</rigidity_min>
    <rigidity_max>3.29</rigidity_max>
    <flux>35.58</flux>
    <flux_statistical_error_low>0.17</flux_statistical_error_low>
    <flux_statistical_error_high>0.17</flux_statistical_error_high>
    <flux_systematical_error_low>0.61</flux_systematical_error_low>
    <flux_systematical_error_high>0.61</flux_systematical_error_high>
  </DATA>
  <DATA>
    <time_min>2014-04-29T00:00:00</time_min>
    <time_max>2014-05-25T23:59:59</time_max>
    <rigidity_min>2.97</rigidity_min>
    <rigidity_max>3.29</rigidity_max>
    <flux>38.03</flux>
    <flux_statistical_error_low>0.18</flux_statistical_error_low>
    <flux_statistical_error_high>0.18</flux_statistical_error_high>
    <flux_systematical_error_low>0.63</flux_systematical_error_low>
    <flux_systematical_error_high>0.63</flux_systematical_error_high>
  </DATA>
  <DATA>
    <time_min>2014-05-26T00:00:00</time_min>
    <time_max>2014-06-21T23:59:59</time_max>
    <rigidity_min>2.97</rigidity_min>
    <rigidity_max>3.29</rigidity_max>
    <flux>36.58</flux>
    <flux_statistical_error_low>0.17</flux_statistical_error_low>
    <flux_statistical_error_high>0.17</flux_statistical_error_high>
    <flux_systematical_error_low>0.59</flux_systematical_error_low>
    <flux_systematical_error_high>0.59</flux_systematical_error_high>
  </DATA>
  <DATA>
    <time_min>2014-06-22T00:00:00</time_min>
    <time_max>2014-07-18T23:59:59</time_max>
    <rigidity_min>2.97</rigidity_min>
    <rigidity_max>3.29</rigidity_max>
    <flux>35.65</flux>
    <flux_statistical_error_low>0.17</flux_statistical_error_low>
    <flux_statistical_error_high>0.17</flux_statistical_error_high>
    <flux_systematical_error_low>0.59</flux_systematical_error_low>
    <flux_systematical_error_high>0.59</flux_systematical_error_high>
  </DATA>
  <DATA>
    <time_min>2014-07-19T00:00:00</time_min>
    <time_max>2014-08-14T23:59:59</time_max>
    <rigidity_min>2.97</rigidity_min>
    <rigidity_max>3.29</rigidity_max>
    <flux>38.32</flux>
    <flux_statistical_error_low>0.18</flux_statistical_error_low>
    <flux_statistical_error_high>0.18</flux_statistical_error_high>
    <flux_systematical_error_low>0.65</flux_systematical_error_low>
    <flux_systematical_error_high>0.65</flux_systematical_error_high>
  </DATA>
  <DATA>
    <time_min>2014-08-15T00:00:00</time_min>
    <time_max>2014-09-10T23:59:59</time_max>
    <rigidity_min>2.97</rigidity_min>
    <rigidity_max>3.29</rigidity_max>
    <flux>40.39</flux>
    <flux_statistical_error_low>0.19</flux_statistical_error_low>
    <flux_statistical_error_high>0.19</flux_statistical_error_high>
    <flux_systematical_error_low>0.66</flux_systematical_error_low>
    <flux_systematical_error_high>0.66</flux_systematical_error_high>
  </DATA>
  <DATA>
    <time_min>2014-09-11T00:00:00</time_min>
    <time_max>2014-10-07T23:59:59</time_max>
    <rigidity_min>2.97</rigidity_min>
    <rigidity_max>3.29</rigidity_max>
    <flux>39.2</flux>
    <flux_statistical_error_low>0.22</flux_statistical_error_low>
    <flux_statistical_error_high>0.22</flux_statistical_error_high>
    <flux_systematical_error_low>0.68</flux_systematical_error_low>
    <flux_systematical_error_high>0.68</flux_systematical_error_high>
  </DATA>
  <DATA>
    <time_min>2014-12-01T00:00:00</time_min>
    <time_max>2014-12-27T23:59:59</time_max>
    <rigidity_min>2.97</rigidity_min>
    <rigidity_max>3.29</rigidity_max>
    <flux>37.93</flux>
    <flux_statistical_error_low>0.18</flux_statistical_error_low>
    <flux_statistical_error_high>0.18</flux_statistical_error_high>
    <flux_systematical_error_low>0.63</flux_systematical_error_low>
    <flux_systematical_error_high>0.63</flux_systematical_error_high>
  </DATA>
  <DATA>
    <time_min>2014-12-28T00:00:00</time_min>
    <time_max>2015-01-23T23:59:59</time_max>
    <rigidity_min>2.97</rigidity_min>
    <rigidity_max>3.29</rigidity_max>
    <flux>37.89</flux>
    <flux_statistical_error_low>0.18</flux_statistical_error_low>
    <flux_statistical_error_high>0.18</flux_statistical_error_high>
    <flux_systematical_error_low>0.63</flux_systematical_error_low>
    <flux_systematical_error_high>0.63</flux_systematical_error_high>
  </DATA>
  <DATA>
    <time_min>2015-01-24T00:00:00</time_min>
    <time_max>2015-02-19T23:59:59</time_max>
    <rigidity_min>2.97</rigidity_min>
    <rigidity_max>3.29</rigidity_max>
    <flux>37.99</flux>
    <flux_statistical_error_low>0.18</flux_statistical_error_low>
    <flux_statistical_error_high>0.18</flux_statistical_error_high>
    <flux_systematical_error_low>0.64</flux_systematical_error_low>
    <flux_systematical_error_high>0.64</flux_systematical_error_high>
  </DATA>
  <DATA>
    <time_min>2015-02-20T00:00:00</time_min>
    <time_max>2015-03-18T23:59:59</time_max>
    <rigidity_min>2.97</rigidity_min>
    <rigidity_max>3.29</rigidity_max>
    <flux>36.49</flux>
    <flux_statistical_error_low>0.18</flux_statistical_error_low>
    <flux_statistical_error_high>0.18</flux_statistical_error_high>
    <flux_systematical_error_low>0.6</flux_systematical_error_low>
    <flux_systematical_error_high>0.6</flux_systematical_error_high>
  </DATA>
  <DATA>
    <time_min>2015-03-19T00:00:00</time_min>
    <time_max>2015-04-14T23:59:59</time_max>
    <rigidity_min>2.97</rigidity_min>
    <rigidity_max>3.29</rigidity_max>
    <flux>34.18</flux>
    <flux_statistical_error_low>0.17</flux_statistical_error_low>
    <flux_statistical_error_high>0.17</flux_statistical_error_high>
    <flux_systematical_error_low>0.56</flux_systematical_error_low>
    <flux_systematical_error_high>0.56</flux_systematical_error_high>
  </DATA>
  <DATA>
    <time_min>2015-04-15T00:00:00</time_min>
    <time_max>2015-05-11T23:59:59</time_max>
    <rigidity_min>2.97</rigidity_min>
    <rigidity_max>3.29</rigidity_max>
    <flux>36.02</flux>
    <flux_statistical_error_low>0.17</flux_statistical_error_low>
    <flux_statistical_error_high>0.17</flux_statistical_error_high>
    <flux_systematical_error_low>0.61</flux_systematical_error_low>
    <flux_systematical_error_high>0.61</flux_systematical_error_high>
  </DATA>
  <DATA>
    <time_min>2015-05-12T00:00:00</time_min>
    <time_max>2015-06-07T23:59:59</time_max>
    <rigidity_min>2.97</rigidity_min>
    <rigidity_max>3.29</rigidity_max>
    <flux>39.06</flux>
    <flux_statistical_error_low>0.18</flux_statistical_error_low>
    <flux_statistical_error_high>0.18</flux_statistical_error_high>
    <flux_systematical_error_low>0.65</flux_systematical_error_low>
    <flux_systematical_error_high>0.65</flux_systematical_error_high>
  </DATA>
  <DATA>
    <time_min>2015-06-08T00:00:00</time_min>
    <time_max>2015-07-04T23:59:59</time_max>
    <rigidity_min>2.97</rigidity_min>
    <rigidity_max>3.29</rigidity_max>
    <flux>38.39</flux>
    <flux_statistical_error_low>0.18</flux_statistical_error_low>
    <flux_statistical_error_high>0.18</flux_statistical_error_high>
    <flux_systematical_error_low>0.63</flux_systematical_error_low>
    <flux_systematical_error_high>0.63</flux_systematical_error_high>
  </DATA>
  <DATA>
    <time_min>2015-07-05T00:00:00</time_min>
    <time_max>2015-07-31T23:59:59</time_max>
    <rigidity_min>2.97</rigidity_min>
    <rigidity_max>3.29</rigidity_max>
    <flux>40.38</flux>
    <flux_statistical_error_low>0.19</flux_statistical_error_low>
    <flux_statistical_error_high>0.19</flux_statistical_error_high>
    <flux_systematical_error_low>0.67</flux_systematical_error_low>
    <flux_systematical_error_high>0.67</flux_systematical_error_high>
  </DATA>
  <DATA>
    <time_min>2015-08-01T00:00:00</time_min>
    <time_max>2015-08-27T23:59:59</time_max>
    <rigidity_min>2.97</rigidity_min>
    <rigidity_max>3.29</rigidity_max>
    <flux>41.75</flux>
    <flux_statistical_error_low>0.19</flux_statistical_error_low>
    <flux_statistical_error_high>0.19</flux_statistical_error_high>
    <flux_systematical_error_low>0.69</flux_systematical_error_low>
    <flux_systematical_error_high>0.69</flux_systematical_error_high>
  </DATA>
  <DATA>
    <time_min>2015-08-28T00:00:00</time_min>
    <time_max>2015-09-23T23:59:59</time_max>
    <rigidity_min>2.97</rigidity_min>
    <rigidity_max>3.29</rigidity_max>
    <flux>41.75</flux>
    <flux_statistical_error_low>0.2</flux_statistical_error_low>
    <flux_statistical_error_high>0.2</flux_statistical_error_high>
    <flux_systematical_error_low>0.68</flux_systematical_error_low>
    <flux_systematical_error_high>0.68</flux_systematical_error_high>
  </DATA>
  <DATA>
    <time_min>2015-09-24T00:00:00</time_min>
    <time_max>2015-10-20T23:59:59</time_max>
    <rigidity_min>2.97</rigidity_min>
    <rigidity_max>3.29</rigidity_max>
    <flux>42.52</flux>
    <flux_statistical_error_low>0.2</flux_statistical_error_low>
    <flux_statistical_error_high>0.2</flux_statistical_error_high>
    <flux_systematical_error_low>0.71</flux_systematical_error_low>
    <flux_systematical_error_high>0.71</flux_systematical_error_high>
  </DATA>
  <DATA>
    <time_min>2015-10-21T00:00:00</time_min>
    <time_max>2015-11-16T23:59:59</time_max>
    <rigidity_min>2.97</rigidity_min>
    <rigidity_max>3.29</rigidity_max>
    <flux>42.5</flux>
    <flux_statistical_error_low>0.19</flux_statistical_error_low>
    <flux_statistical_error_high>0.19</flux_statistical_error_high>
    <flux_systematical_error_low>0.69</flux_systematical_error_low>
    <flux_systematical_error_high>0.69</flux_systematical_error_high>
  </DATA>
  <DATA>
    <time_min>2015-11-17T00:00:00</time_min>
    <time_max>2015-12-13T23:59:59</time_max>
    <rigidity_min>2.97</rigidity_min>
    <rigidity_max>3.29</rigidity_max>
    <flux>44.42</flux>
    <flux_statistical_error_low>0.2</flux_statistical_error_low>
    <flux_statistical_error_high>0.2</flux_statistical_error_high>
    <flux_systematical_error_low>0.75</flux_systematical_error_low>
    <flux_systematical_error_high>0.75</flux_systematical_error_high>
  </DATA>
  <DATA>
    <time_min>2015-12-14T00:00:00</time_min>
    <time_max>2016-01-09T23:59:59</time_max>
    <rigidity_min>2.97</rigidity_min>
    <rigidity_max>3.29</rigidity_max>
    <flux>45.73</flux>
    <flux_statistical_error_low>0.2</flux_statistical_error_low>
    <flux_statistical_error_high>0.2</flux_statistical_error_high>
    <flux_systematical_error_low>0.76</flux_systematical_error_low>
    <flux_systematical_error_high>0.76</flux_systematical_error_high>
  </DATA>
  <DATA>
    <time_min>2016-01-10T00:00:00</time_min>
    <time_max>2016-02-05T23:59:59</time_max>
    <rigidity_min>2.97</rigidity_min>
    <rigidity_max>3.29</rigidity_max>
    <flux>47.75</flux>
    <flux_statistical_error_low>0.21</flux_statistical_error_low>
    <flux_statistical_error_high>0.21</flux_statistical_error_high>
    <flux_systematical_error_low>0.82</flux_systematical_error_low>
    <flux_systematical_error_high>0.82</flux_systematical_error_high>
  </DATA>
  <DATA>
    <time_min>2016-02-06T00:00:00</time_min>
    <time_max>2016-03-03T23:59:59</time_max>
    <rigidity_min>2.97</rigidity_min>
    <rigidity_max>3.29</rigidity_max>
    <flux>48.93</flux>
    <flux_statistical_error_low>0.21</flux_statistical_error_low>
    <flux_statistical_error_high>0.21</flux_statistical_error_high>
    <flux_systematical_error_low>0.79</flux_systematical_error_low>
    <flux_systematical_error_high>0.79</flux_systematical_error_high>
  </DATA>
  <DATA>
    <time_min>2016-03-04T00:00:00</time_min>
    <time_max>2016-03-30T23:59:59</time_max>
    <rigidity_min>2.97</rigidity_min>
    <rigidity_max>3.29</rigidity_max>
    <flux>49.14</flux>
    <flux_statistical_error_low>0.21</flux_statistical_error_low>
    <flux_statistical_error_high>0.21</flux_statistical_error_high>
    <flux_systematical_error_low>0.83</flux_systematical_error_low>
    <flux_systematical_error_high>0.83</flux_systematical_error_high>
  </DATA>
  <DATA>
    <time_min>2016-03-31T00:00:00</time_min>
    <time_max>2016-04-26T23:59:59</time_max>
    <rigidity_min>2.97</rigidity_min>
    <rigidity_max>3.29</rigidity_max>
    <flux>49.08</flux>
    <flux_statistical_error_low>0.21</flux_statistical_error_low>
    <flux_statistical_error_high>0.21</flux_statistical_error_high>
    <flux_systematical_error_low>0.79</flux_systematical_error_low>
    <flux_systematical_error_high>0.79</flux_systematical_error_high>
  </DATA>
  <DATA>
    <time_min>2016-04-27T00:00:00</time_min>
    <time_max>2016-05-23T23:59:59</time_max>
    <rigidity_min>2.97</rigidity_min>
    <rigidity_max>3.29</rigidity_max>
    <flux>50.08</flux>
    <flux_statistical_error_low>0.22</flux_statistical_error_low>
    <flux_statistical_error_high>0.22</flux_statistical_error_high>
    <flux_systematical_error_low>0.84</flux_systematical_error_low>
    <flux_systematical_error_high>0.84</flux_systematical_error_high>
  </DATA>
  <DATA>
    <time_min>2016-05-24T00:00:00</time_min>
    <time_max>2016-06-19T23:59:59</time_max>
    <rigidity_min>2.97</rigidity_min>
    <rigidity_max>3.29</rigidity_max>
    <flux>50.82</flux>
    <flux_statistical_error_low>0.22</flux_statistical_error_low>
    <flux_statistical_error_high>0.22</flux_statistical_error_high>
    <flux_systematical_error_low>0.83</flux_systematical_error_low>
    <flux_systematical_error_high>0.83</flux_systematical_error_high>
  </DATA>
  <DATA>
    <time_min>2016-06-20T00:00:00</time_min>
    <time_max>2016-07-16T23:59:59</time_max>
    <rigidity_min>2.97</rigidity_min>
    <rigidity_max>3.29</rigidity_max>
    <flux>50.54</flux>
    <flux_statistical_error_low>0.22</flux_statistical_error_low>
    <flux_statistical_error_high>0.22</flux_statistical_error_high>
    <flux_systematical_error_low>0.82</flux_systematical_error_low>
    <flux_systematical_error_high>0.82</flux_systematical_error_high>
  </DATA>
  <DATA>
    <time_min>2016-07-17T00:00:00</time_min>
    <time_max>2016-08-12T23:59:59</time_max>
    <rigidity_min>2.97</rigidity_min>
    <rigidity_max>3.29</rigidity_max>
    <flux>50.44</flux>
    <flux_statistical_error_low>0.22</flux_statistical_error_low>
    <flux_statistical_error_high>0.22</flux_statistical_error_high>
    <flux_systematical_error_low>0.82</flux_systematical_error_low>
    <flux_systematical_error_high>0.82</flux_systematical_error_high>
  </DATA>
  <DATA>
    <time_min>2016-08-13T00:00:00</time_min>
    <time_max>2016-09-08T23:59:59</time_max>
    <rigidity_min>2.97</rigidity_min>
    <rigidity_max>3.29</rigidity_max>
    <flux>51.74</flux>
    <flux_statistical_error_low>0.22</flux_statistical_error_low>
    <flux_statistical_error_high>0.22</flux_statistical_error_high>
    <flux_systematical_error_low>0.84</flux_systematical_error_low>
    <flux_systematical_error_high>0.84</flux_systematical_error_high>
  </DATA>
  <DATA>
    <time_min>2016-09-09T00:00:00</time_min>
    <time_max>2016-10-05T23:59:59</time_max>
    <rigidity_min>2.97</rigidity_min>
    <rigidity_max>3.29</rigidity_max>
    <flux>52.37</flux>
    <flux_statistical_error_low>0.23</flux_statistical_error_low>
    <flux_statistical_error_high>0.23</flux_statistical_error_high>
    <flux_systematical_error_low>0.86</flux_systematical_error_low>
    <flux_systematical_error_high>0.86</flux_systematical_error_high>
  </DATA>
  <DATA>
    <time_min>2016-10-06T00:00:00</time_min>
    <time_max>2016-11-01T23:59:59</time_max>
    <rigidity_min>2.97</rigidity_min>
    <rigidity_max>3.29</rigidity_max>
    <flux>53.56</flux>
    <flux_statistical_error_low>0.23</flux_statistical_error_low>
    <flux_statistical_error_high>0.23</flux_statistical_error_high>
    <flux_systematical_error_low>0.89</flux_systematical_error_low>
    <flux_systematical_error_high>0.89</flux_systematical_error_high>
  </DATA>
  <DATA>
    <time_min>2016-11-02T00:00:00</time_min>
    <time_max>2016-11-28T23:59:59</time_max>
    <rigidity_min>2.97</rigidity_min>
    <rigidity_max>3.29</rigidity_max>
    <flux>54.45</flux>
    <flux_statistical_error_low>0.23</flux_statistical_error_low>
    <flux_statistical_error_high>0.23</flux_statistical_error_high>
    <flux_systematical_error_low>0.88</flux_systematical_error_low>
    <flux_systematical_error_high>0.88</flux_systematical_error_high>
  </DATA>
  <DATA>
    <time_min>2016-11-29T00:00:00</time_min>
    <time_max>2016-12-25T23:59:59</time_max>
    <rigidity_min>2.97</rigidity_min>
    <rigidity_max>3.29</rigidity_max>
    <flux>55.49</flux>
    <flux_statistical_error_low>0.23</flux_statistical_error_low>
    <flux_statistical_error_high>0.23</flux_statistical_error_high>
    <flux_systematical_error_low>0.89</flux_systematical_error_low>
    <flux_systematical_error_high>0.89</flux_systematical_error_high>
  </DATA>
  <DATA>
    <time_min>2016-12-26T00:00:00</time_min>
    <time_max>2017-01-21T23:59:59</time_max>
    <rigidity_min>2.97</rigidity_min>
    <rigidity_max>3.29</rigidity_max>
    <flux>56.12</flux>
    <flux_statistical_error_low>0.24</flux_statistical_error_low>
    <flux_statistical_error_high>0.24</flux_statistical_error_high>
    <flux_systematical_error_low>0.91</flux_systematical_error_low>
    <flux_systematical_error_high>0.91</flux_systematical_error_high>
  </DATA>
  <DATA>
    <time_min>2017-01-22T00:00:00</time_min>
    <time_max>2017-02-17T23:59:59</time_max>
    <rigidity_min>2.97</rigidity_min>
    <rigidity_max>3.29</rigidity_max>
    <flux>55.98</flux>
    <flux_statistical_error_low>0.23</flux_statistical_error_low>
    <flux_statistical_error_high>0.23</flux_statistical_error_high>
    <flux_systematical_error_low>0.92</flux_systematical_error_low>
    <flux_systematical_error_high>0.92</flux_systematical_error_high>
  </DATA>
  <DATA>
    <time_min>2017-02-18T00:00:00</time_min>
    <time_max>2017-03-16T23:59:59</time_max>
    <rigidity_min>2.97</rigidity_min>
    <rigidity_max>3.29</rigidity_max>
    <flux>56.78</flux>
    <flux_statistical_error_low>0.26</flux_statistical_error_low>
    <flux_statistical_error_high>0.26</flux_statistical_error_high>
    <flux_systematical_error_low>0.94</flux_systematical_error_low>
    <flux_systematical_error_high>0.94</flux_systematical_error_high>
  </DATA>
  <DATA>
    <time_min>2017-03-17T00:00:00</time_min>
    <time_max>2017-04-12T23:59:59</time_max>
    <rigidity_min>2.97</rigidity_min>
    <rigidity_max>3.29</rigidity_max>
    <flux>56.3</flux>
    <flux_statistical_error_low>0.24</flux_statistical_error_low>
    <flux_statistical_error_high>0.24</flux_statistical_error_high>
    <flux_systematical_error_low>0.97</flux_systematical_error_low>
    <flux_systematical_error_high>0.97</flux_systematical_error_high>
  </DATA>
  <DATA>
    <time_min>2017-04-13T00:00:00</time_min>
    <time_max>2017-05-09T23:59:59</time_max>
    <rigidity_min>2.97</rigidity_min>
    <rigidity_max>3.29</rigidity_max>
    <flux>55.5</flux>
    <flux_statistical_error_low>0.24</flux_statistical_error_low>
    <flux_statistical_error_high>0.24</flux_statistical_error_high>
    <flux_systematical_error_low>0.9</flux_systematical_error_low>
    <flux_systematical_error_high>0.9</flux_systematical_error_high>
  </DATA>
</XML>
