<?xml version="1.0" encoding="UTF-8"?>
<XML>
  <!--Data from the SSDC Cosmic Ray Database www.ssdc.asi.it-->
  <!--Before using these data please consult the original publication-->
  <HEADER>
    <PARTICLE>p</PARTICLE>
    <MISSION>AMS-02</MISSION>
    <UNITS>
      <flux>(m^2 s sr GV)^(-1)</flux>
      <rigidity>GV</rigidity>
      <time>UTC</time>
    </UNITS>
    <DOI>10.1103/PhysRevLett.121.051101</DOI>
    <JOURNAL>PRL</JOURNAL>
    <YEAR>2018</YEAR>
    <VOLUME>121</VOLUME>
    <PAGE>051101</PAGE>
    <TITLE>Observation of Fine Time Structures in the Cosmic Proton and Helium Fluxes with the Alpha Magnetic Spectrometer on the International Space Station</TITLE>
    <AUTHORS>Aguilar M., et al.</AUTHORS>
    <!--Columns (variables) listed inside ORIGINAL_COLUMNS are reported in this file as in the original publication. Please always consult the original publication.-->
    <ORIGINAL_COLUMNS>time_min,time_max,rigidity_min,rigidity_max,flux,flux_statistical_error_low,flux_statistical_error_high,flux_systematical_error_low,flux_systematical_error_high</ORIGINAL_COLUMNS>
    <ADS_LINK>null</ADS_LINK>
  </HEADER>
  <DATA>
    <time_min>2011-05-15T00:00:00</time_min>
    <time_max>2011-06-10T23:59:59</time_max>
    <rigidity_min>2.4</rigidity_min>
    <rigidity_max>2.67</rigidity_max>
    <flux>454.8</flux>
    <flux_statistical_error_low>1.1</flux_statistical_error_low>
    <flux_statistical_error_high>1.1</flux_statistical_error_high>
    <flux_systematical_error_low>8.7</flux_systematical_error_low>
    <flux_systematical_error_high>8.7</flux_systematical_error_high>
  </DATA>
  <DATA>
    <time_min>2011-06-11T00:00:00</time_min>
    <time_max>2011-07-07T23:59:59</time_max>
    <rigidity_min>2.4</rigidity_min>
    <rigidity_max>2.67</rigidity_max>
    <flux>432.0</flux>
    <flux_statistical_error_low>0.8</flux_statistical_error_low>
    <flux_statistical_error_high>0.8</flux_statistical_error_high>
    <flux_systematical_error_low>8.2</flux_systematical_error_low>
    <flux_systematical_error_high>8.2</flux_systematical_error_high>
  </DATA>
  <DATA>
    <time_min>2011-07-08T00:00:00</time_min>
    <time_max>2011-08-03T23:59:59</time_max>
    <rigidity_min>2.4</rigidity_min>
    <rigidity_max>2.67</rigidity_max>
    <flux>444.0</flux>
    <flux_statistical_error_low>0.8</flux_statistical_error_low>
    <flux_statistical_error_high>0.8</flux_statistical_error_high>
    <flux_systematical_error_low>8.4</flux_systematical_error_low>
    <flux_systematical_error_high>8.4</flux_systematical_error_high>
  </DATA>
  <DATA>
    <time_min>2011-08-04T00:00:00</time_min>
    <time_max>2011-08-30T23:59:59</time_max>
    <rigidity_min>2.4</rigidity_min>
    <rigidity_max>2.67</rigidity_max>
    <flux>442.3</flux>
    <flux_statistical_error_low>0.7</flux_statistical_error_low>
    <flux_statistical_error_high>0.7</flux_statistical_error_high>
    <flux_systematical_error_low>8.4</flux_systematical_error_low>
    <flux_systematical_error_high>8.4</flux_systematical_error_high>
  </DATA>
  <DATA>
    <time_min>2011-08-31T00:00:00</time_min>
    <time_max>2011-09-26T23:59:59</time_max>
    <rigidity_min>2.4</rigidity_min>
    <rigidity_max>2.67</rigidity_max>
    <flux>444.8</flux>
    <flux_statistical_error_low>0.7</flux_statistical_error_low>
    <flux_statistical_error_high>0.7</flux_statistical_error_high>
    <flux_systematical_error_low>8.4</flux_systematical_error_low>
    <flux_systematical_error_high>8.4</flux_systematical_error_high>
  </DATA>
  <DATA>
    <time_min>2011-09-27T00:00:00</time_min>
    <time_max>2011-10-23T23:59:59</time_max>
    <rigidity_min>2.4</rigidity_min>
    <rigidity_max>2.67</rigidity_max>
    <flux>417.0</flux>
    <flux_statistical_error_low>0.7</flux_statistical_error_low>
    <flux_statistical_error_high>0.7</flux_statistical_error_high>
    <flux_systematical_error_low>7.9</flux_systematical_error_low>
    <flux_systematical_error_high>7.9</flux_systematical_error_high>
  </DATA>
  <DATA>
    <time_min>2011-10-24T00:00:00</time_min>
    <time_max>2011-11-19T23:59:59</time_max>
    <rigidity_min>2.4</rigidity_min>
    <rigidity_max>2.67</rigidity_max>
    <flux>438.6</flux>
    <flux_statistical_error_low>0.7</flux_statistical_error_low>
    <flux_statistical_error_high>0.7</flux_statistical_error_high>
    <flux_systematical_error_low>8.3</flux_systematical_error_low>
    <flux_systematical_error_high>8.3</flux_systematical_error_high>
  </DATA>
  <DATA>
    <time_min>2011-11-20T00:00:00</time_min>
    <time_max>2011-12-16T23:59:59</time_max>
    <rigidity_min>2.4</rigidity_min>
    <rigidity_max>2.67</rigidity_max>
    <flux>458.9</flux>
    <flux_statistical_error_low>0.8</flux_statistical_error_low>
    <flux_statistical_error_high>0.8</flux_statistical_error_high>
    <flux_systematical_error_low>8.7</flux_systematical_error_low>
    <flux_systematical_error_high>8.7</flux_systematical_error_high>
  </DATA>
  <DATA>
    <time_min>2011-12-17T00:00:00</time_min>
    <time_max>2012-01-12T23:59:59</time_max>
    <rigidity_min>2.4</rigidity_min>
    <rigidity_max>2.67</rigidity_max>
    <flux>460.8</flux>
    <flux_statistical_error_low>0.7</flux_statistical_error_low>
    <flux_statistical_error_high>0.7</flux_statistical_error_high>
    <flux_systematical_error_low>8.7</flux_systematical_error_low>
    <flux_systematical_error_high>8.7</flux_systematical_error_high>
  </DATA>
  <DATA>
    <time_min>2012-01-13T00:00:00</time_min>
    <time_max>2012-02-08T23:59:59</time_max>
    <rigidity_min>2.4</rigidity_min>
    <rigidity_max>2.67</rigidity_max>
    <flux>441.4</flux>
    <flux_statistical_error_low>0.7</flux_statistical_error_low>
    <flux_statistical_error_high>0.7</flux_statistical_error_high>
    <flux_systematical_error_low>8.3</flux_systematical_error_low>
    <flux_systematical_error_high>8.3</flux_systematical_error_high>
  </DATA>
  <DATA>
    <time_min>2012-02-09T00:00:00</time_min>
    <time_max>2012-03-06T23:59:59</time_max>
    <rigidity_min>2.4</rigidity_min>
    <rigidity_max>2.67</rigidity_max>
    <flux>435.3</flux>
    <flux_statistical_error_low>0.7</flux_statistical_error_low>
    <flux_statistical_error_high>0.7</flux_statistical_error_high>
    <flux_systematical_error_low>8.2</flux_systematical_error_low>
    <flux_systematical_error_high>8.2</flux_systematical_error_high>
  </DATA>
  <DATA>
    <time_min>2012-03-07T00:00:00</time_min>
    <time_max>2012-04-02T23:59:59</time_max>
    <rigidity_min>2.4</rigidity_min>
    <rigidity_max>2.67</rigidity_max>
    <flux>370.0</flux>
    <flux_statistical_error_low>0.7</flux_statistical_error_low>
    <flux_statistical_error_high>0.7</flux_statistical_error_high>
    <flux_systematical_error_low>7.0</flux_systematical_error_low>
    <flux_systematical_error_high>7.0</flux_systematical_error_high>
  </DATA>
  <DATA>
    <time_min>2012-04-03T00:00:00</time_min>
    <time_max>2012-04-29T23:59:59</time_max>
    <rigidity_min>2.4</rigidity_min>
    <rigidity_max>2.67</rigidity_max>
    <flux>420.0</flux>
    <flux_statistical_error_low>0.7</flux_statistical_error_low>
    <flux_statistical_error_high>0.7</flux_statistical_error_high>
    <flux_systematical_error_low>7.9</flux_systematical_error_low>
    <flux_systematical_error_high>7.9</flux_systematical_error_high>
  </DATA>
  <DATA>
    <time_min>2012-04-30T00:00:00</time_min>
    <time_max>2012-05-26T23:59:59</time_max>
    <rigidity_min>2.4</rigidity_min>
    <rigidity_max>2.67</rigidity_max>
    <flux>432.5</flux>
    <flux_statistical_error_low>0.7</flux_statistical_error_low>
    <flux_statistical_error_high>0.7</flux_statistical_error_high>
    <flux_systematical_error_low>8.2</flux_systematical_error_low>
    <flux_systematical_error_high>8.2</flux_systematical_error_high>
  </DATA>
  <DATA>
    <time_min>2012-05-27T00:00:00</time_min>
    <time_max>2012-06-22T23:59:59</time_max>
    <rigidity_min>2.4</rigidity_min>
    <rigidity_max>2.67</rigidity_max>
    <flux>407.0</flux>
    <flux_statistical_error_low>0.7</flux_statistical_error_low>
    <flux_statistical_error_high>0.7</flux_statistical_error_high>
    <flux_systematical_error_low>7.7</flux_systematical_error_low>
    <flux_systematical_error_high>7.7</flux_systematical_error_high>
  </DATA>
  <DATA>
    <time_min>2012-06-23T00:00:00</time_min>
    <time_max>2012-07-19T23:59:59</time_max>
    <rigidity_min>2.4</rigidity_min>
    <rigidity_max>2.67</rigidity_max>
    <flux>395.5</flux>
    <flux_statistical_error_low>0.7</flux_statistical_error_low>
    <flux_statistical_error_high>0.7</flux_statistical_error_high>
    <flux_systematical_error_low>7.5</flux_systematical_error_low>
    <flux_systematical_error_high>7.5</flux_systematical_error_high>
  </DATA>
  <DATA>
    <time_min>2012-07-20T00:00:00</time_min>
    <time_max>2012-08-15T23:59:59</time_max>
    <rigidity_min>2.4</rigidity_min>
    <rigidity_max>2.67</rigidity_max>
    <flux>347.3</flux>
    <flux_statistical_error_low>0.6</flux_statistical_error_low>
    <flux_statistical_error_high>0.6</flux_statistical_error_high>
    <flux_systematical_error_low>6.5</flux_systematical_error_low>
    <flux_systematical_error_high>6.5</flux_systematical_error_high>
  </DATA>
  <DATA>
    <time_min>2012-08-16T00:00:00</time_min>
    <time_max>2012-09-11T23:59:59</time_max>
    <rigidity_min>2.4</rigidity_min>
    <rigidity_max>2.67</rigidity_max>
    <flux>353.5</flux>
    <flux_statistical_error_low>0.6</flux_statistical_error_low>
    <flux_statistical_error_high>0.6</flux_statistical_error_high>
    <flux_systematical_error_low>6.7</flux_systematical_error_low>
    <flux_systematical_error_high>6.7</flux_systematical_error_high>
  </DATA>
  <DATA>
    <time_min>2012-09-12T00:00:00</time_min>
    <time_max>2012-10-08T23:59:59</time_max>
    <rigidity_min>2.4</rigidity_min>
    <rigidity_max>2.67</rigidity_max>
    <flux>373.0</flux>
    <flux_statistical_error_low>0.6</flux_statistical_error_low>
    <flux_statistical_error_high>0.6</flux_statistical_error_high>
    <flux_systematical_error_low>7.1</flux_systematical_error_low>
    <flux_systematical_error_high>7.1</flux_systematical_error_high>
  </DATA>
  <DATA>
    <time_min>2012-10-09T00:00:00</time_min>
    <time_max>2012-11-04T23:59:59</time_max>
    <rigidity_min>2.4</rigidity_min>
    <rigidity_max>2.67</rigidity_max>
    <flux>358.2</flux>
    <flux_statistical_error_low>0.7</flux_statistical_error_low>
    <flux_statistical_error_high>0.7</flux_statistical_error_high>
    <flux_systematical_error_low>6.8</flux_systematical_error_low>
    <flux_systematical_error_high>6.8</flux_systematical_error_high>
  </DATA>
  <DATA>
    <time_min>2012-11-05T00:00:00</time_min>
    <time_max>2012-12-01T23:59:59</time_max>
    <rigidity_min>2.4</rigidity_min>
    <rigidity_max>2.67</rigidity_max>
    <flux>365.6</flux>
    <flux_statistical_error_low>0.6</flux_statistical_error_low>
    <flux_statistical_error_high>0.6</flux_statistical_error_high>
    <flux_systematical_error_low>6.9</flux_systematical_error_low>
    <flux_systematical_error_high>6.9</flux_systematical_error_high>
  </DATA>
  <DATA>
    <time_min>2012-12-02T00:00:00</time_min>
    <time_max>2012-12-28T23:59:59</time_max>
    <rigidity_min>2.4</rigidity_min>
    <rigidity_max>2.67</rigidity_max>
    <flux>375.9</flux>
    <flux_statistical_error_low>0.6</flux_statistical_error_low>
    <flux_statistical_error_high>0.6</flux_statistical_error_high>
    <flux_systematical_error_low>7.1</flux_systematical_error_low>
    <flux_systematical_error_high>7.1</flux_systematical_error_high>
  </DATA>
  <DATA>
    <time_min>2012-12-29T00:00:00</time_min>
    <time_max>2013-01-24T23:59:59</time_max>
    <rigidity_min>2.4</rigidity_min>
    <rigidity_max>2.67</rigidity_max>
    <flux>390.0</flux>
    <flux_statistical_error_low>0.7</flux_statistical_error_low>
    <flux_statistical_error_high>0.7</flux_statistical_error_high>
    <flux_systematical_error_low>7.4</flux_systematical_error_low>
    <flux_systematical_error_high>7.4</flux_systematical_error_high>
  </DATA>
  <DATA>
    <time_min>2013-01-25T00:00:00</time_min>
    <time_max>2013-02-20T23:59:59</time_max>
    <rigidity_min>2.4</rigidity_min>
    <rigidity_max>2.67</rigidity_max>
    <flux>400.9</flux>
    <flux_statistical_error_low>0.7</flux_statistical_error_low>
    <flux_statistical_error_high>0.7</flux_statistical_error_high>
    <flux_systematical_error_low>7.6</flux_systematical_error_low>
    <flux_systematical_error_high>7.6</flux_systematical_error_high>
  </DATA>
  <DATA>
    <time_min>2013-02-21T00:00:00</time_min>
    <time_max>2013-03-19T23:59:59</time_max>
    <rigidity_min>2.4</rigidity_min>
    <rigidity_max>2.67</rigidity_max>
    <flux>396.4</flux>
    <flux_statistical_error_low>0.7</flux_statistical_error_low>
    <flux_statistical_error_high>0.7</flux_statistical_error_high>
    <flux_systematical_error_low>7.5</flux_systematical_error_low>
    <flux_systematical_error_high>7.5</flux_systematical_error_high>
  </DATA>
  <DATA>
    <time_min>2013-03-20T00:00:00</time_min>
    <time_max>2013-04-15T23:59:59</time_max>
    <rigidity_min>2.4</rigidity_min>
    <rigidity_max>2.67</rigidity_max>
    <flux>376.1</flux>
    <flux_statistical_error_low>0.7</flux_statistical_error_low>
    <flux_statistical_error_high>0.7</flux_statistical_error_high>
    <flux_systematical_error_low>7.1</flux_systematical_error_low>
    <flux_systematical_error_high>7.1</flux_systematical_error_high>
  </DATA>
  <DATA>
    <time_min>2013-04-16T00:00:00</time_min>
    <time_max>2013-05-12T23:59:59</time_max>
    <rigidity_min>2.4</rigidity_min>
    <rigidity_max>2.67</rigidity_max>
    <flux>375.2</flux>
    <flux_statistical_error_low>0.7</flux_statistical_error_low>
    <flux_statistical_error_high>0.7</flux_statistical_error_high>
    <flux_systematical_error_low>7.1</flux_systematical_error_low>
    <flux_systematical_error_high>7.1</flux_systematical_error_high>
  </DATA>
  <DATA>
    <time_min>2013-05-13T00:00:00</time_min>
    <time_max>2013-06-08T23:59:59</time_max>
    <rigidity_min>2.4</rigidity_min>
    <rigidity_max>2.67</rigidity_max>
    <flux>320.7</flux>
    <flux_statistical_error_low>0.6</flux_statistical_error_low>
    <flux_statistical_error_high>0.6</flux_statistical_error_high>
    <flux_systematical_error_low>6.1</flux_systematical_error_low>
    <flux_systematical_error_high>6.1</flux_systematical_error_high>
  </DATA>
  <DATA>
    <time_min>2013-06-09T00:00:00</time_min>
    <time_max>2013-07-05T23:59:59</time_max>
    <rigidity_min>2.4</rigidity_min>
    <rigidity_max>2.67</rigidity_max>
    <flux>323.4</flux>
    <flux_statistical_error_low>0.6</flux_statistical_error_low>
    <flux_statistical_error_high>0.6</flux_statistical_error_high>
    <flux_systematical_error_low>6.1</flux_systematical_error_low>
    <flux_systematical_error_high>6.1</flux_systematical_error_high>
  </DATA>
  <DATA>
    <time_min>2013-07-06T00:00:00</time_min>
    <time_max>2013-08-01T23:59:59</time_max>
    <rigidity_min>2.4</rigidity_min>
    <rigidity_max>2.67</rigidity_max>
    <flux>327.4</flux>
    <flux_statistical_error_low>0.6</flux_statistical_error_low>
    <flux_statistical_error_high>0.6</flux_statistical_error_high>
    <flux_systematical_error_low>6.2</flux_systematical_error_low>
    <flux_systematical_error_high>6.2</flux_systematical_error_high>
  </DATA>
  <DATA>
    <time_min>2013-08-02T00:00:00</time_min>
    <time_max>2013-08-28T23:59:59</time_max>
    <rigidity_min>2.4</rigidity_min>
    <rigidity_max>2.67</rigidity_max>
    <flux>330.5</flux>
    <flux_statistical_error_low>0.6</flux_statistical_error_low>
    <flux_statistical_error_high>0.6</flux_statistical_error_high>
    <flux_systematical_error_low>6.3</flux_systematical_error_low>
    <flux_systematical_error_high>6.3</flux_systematical_error_high>
  </DATA>
  <DATA>
    <time_min>2013-08-29T00:00:00</time_min>
    <time_max>2013-09-24T23:59:59</time_max>
    <rigidity_min>2.4</rigidity_min>
    <rigidity_max>2.67</rigidity_max>
    <flux>319.4</flux>
    <flux_statistical_error_low>0.6</flux_statistical_error_low>
    <flux_statistical_error_high>0.6</flux_statistical_error_high>
    <flux_systematical_error_low>6.1</flux_systematical_error_low>
    <flux_systematical_error_high>6.1</flux_systematical_error_high>
  </DATA>
  <DATA>
    <time_min>2013-09-25T00:00:00</time_min>
    <time_max>2013-10-21T23:59:59</time_max>
    <rigidity_min>2.4</rigidity_min>
    <rigidity_max>2.67</rigidity_max>
    <flux>331.1</flux>
    <flux_statistical_error_low>0.6</flux_statistical_error_low>
    <flux_statistical_error_high>0.6</flux_statistical_error_high>
    <flux_systematical_error_low>6.3</flux_systematical_error_low>
    <flux_systematical_error_high>6.3</flux_systematical_error_high>
  </DATA>
  <DATA>
    <time_min>2013-10-22T00:00:00</time_min>
    <time_max>2013-11-17T23:59:59</time_max>
    <rigidity_min>2.4</rigidity_min>
    <rigidity_max>2.67</rigidity_max>
    <flux>330.5</flux>
    <flux_statistical_error_low>0.7</flux_statistical_error_low>
    <flux_statistical_error_high>0.7</flux_statistical_error_high>
    <flux_systematical_error_low>6.3</flux_systematical_error_low>
    <flux_systematical_error_high>6.3</flux_systematical_error_high>
  </DATA>
  <DATA>
    <time_min>2013-11-18T00:00:00</time_min>
    <time_max>2013-12-14T23:59:59</time_max>
    <rigidity_min>2.4</rigidity_min>
    <rigidity_max>2.67</rigidity_max>
    <flux>325.5</flux>
    <flux_statistical_error_low>0.6</flux_statistical_error_low>
    <flux_statistical_error_high>0.6</flux_statistical_error_high>
    <flux_systematical_error_low>6.2</flux_systematical_error_low>
    <flux_systematical_error_high>6.2</flux_systematical_error_high>
  </DATA>
  <DATA>
    <time_min>2013-12-15T00:00:00</time_min>
    <time_max>2014-01-10T23:59:59</time_max>
    <rigidity_min>2.4</rigidity_min>
    <rigidity_max>2.67</rigidity_max>
    <flux>323.0</flux>
    <flux_statistical_error_low>0.6</flux_statistical_error_low>
    <flux_statistical_error_high>0.6</flux_statistical_error_high>
    <flux_systematical_error_low>6.2</flux_systematical_error_low>
    <flux_systematical_error_high>6.2</flux_systematical_error_high>
  </DATA>
  <DATA>
    <time_min>2014-01-11T00:00:00</time_min>
    <time_max>2014-02-06T23:59:59</time_max>
    <rigidity_min>2.4</rigidity_min>
    <rigidity_max>2.67</rigidity_max>
    <flux>329.0</flux>
    <flux_statistical_error_low>0.6</flux_statistical_error_low>
    <flux_statistical_error_high>0.6</flux_statistical_error_high>
    <flux_systematical_error_low>6.3</flux_systematical_error_low>
    <flux_systematical_error_high>6.3</flux_systematical_error_high>
  </DATA>
  <DATA>
    <time_min>2014-02-07T00:00:00</time_min>
    <time_max>2014-03-05T23:59:59</time_max>
    <rigidity_min>2.4</rigidity_min>
    <rigidity_max>2.67</rigidity_max>
    <flux>302.9</flux>
    <flux_statistical_error_low>0.6</flux_statistical_error_low>
    <flux_statistical_error_high>0.6</flux_statistical_error_high>
    <flux_systematical_error_low>5.8</flux_systematical_error_low>
    <flux_systematical_error_high>5.8</flux_systematical_error_high>
  </DATA>
  <DATA>
    <time_min>2014-03-06T00:00:00</time_min>
    <time_max>2014-04-01T23:59:59</time_max>
    <rigidity_min>2.4</rigidity_min>
    <rigidity_max>2.67</rigidity_max>
    <flux>314.1</flux>
    <flux_statistical_error_low>0.6</flux_statistical_error_low>
    <flux_statistical_error_high>0.6</flux_statistical_error_high>
    <flux_systematical_error_low>6.0</flux_systematical_error_low>
    <flux_systematical_error_high>6.0</flux_systematical_error_high>
  </DATA>
  <DATA>
    <time_min>2014-04-02T00:00:00</time_min>
    <time_max>2014-04-28T23:59:59</time_max>
    <rigidity_min>2.4</rigidity_min>
    <rigidity_max>2.67</rigidity_max>
    <flux>317.9</flux>
    <flux_statistical_error_low>0.6</flux_statistical_error_low>
    <flux_statistical_error_high>0.6</flux_statistical_error_high>
    <flux_systematical_error_low>6.0</flux_systematical_error_low>
    <flux_systematical_error_high>6.0</flux_systematical_error_high>
  </DATA>
  <DATA>
    <time_min>2014-04-29T00:00:00</time_min>
    <time_max>2014-05-25T23:59:59</time_max>
    <rigidity_min>2.4</rigidity_min>
    <rigidity_max>2.67</rigidity_max>
    <flux>339.1</flux>
    <flux_statistical_error_low>0.6</flux_statistical_error_low>
    <flux_statistical_error_high>0.6</flux_statistical_error_high>
    <flux_systematical_error_low>6.4</flux_systematical_error_low>
    <flux_systematical_error_high>6.4</flux_systematical_error_high>
  </DATA>
  <DATA>
    <time_min>2014-05-26T00:00:00</time_min>
    <time_max>2014-06-21T23:59:59</time_max>
    <rigidity_min>2.4</rigidity_min>
    <rigidity_max>2.67</rigidity_max>
    <flux>331.5</flux>
    <flux_statistical_error_low>0.6</flux_statistical_error_low>
    <flux_statistical_error_high>0.6</flux_statistical_error_high>
    <flux_systematical_error_low>6.3</flux_systematical_error_low>
    <flux_systematical_error_high>6.3</flux_systematical_error_high>
  </DATA>
  <DATA>
    <time_min>2014-06-22T00:00:00</time_min>
    <time_max>2014-07-18T23:59:59</time_max>
    <rigidity_min>2.4</rigidity_min>
    <rigidity_max>2.67</rigidity_max>
    <flux>321.0</flux>
    <flux_statistical_error_low>0.6</flux_statistical_error_low>
    <flux_statistical_error_high>0.6</flux_statistical_error_high>
    <flux_systematical_error_low>6.1</flux_systematical_error_low>
    <flux_systematical_error_high>6.1</flux_systematical_error_high>
  </DATA>
  <DATA>
    <time_min>2014-07-19T00:00:00</time_min>
    <time_max>2014-08-14T23:59:59</time_max>
    <rigidity_min>2.4</rigidity_min>
    <rigidity_max>2.67</rigidity_max>
    <flux>345.8</flux>
    <flux_statistical_error_low>0.6</flux_statistical_error_low>
    <flux_statistical_error_high>0.6</flux_statistical_error_high>
    <flux_systematical_error_low>6.5</flux_systematical_error_low>
    <flux_systematical_error_high>6.5</flux_systematical_error_high>
  </DATA>
  <DATA>
    <time_min>2014-08-15T00:00:00</time_min>
    <time_max>2014-09-10T23:59:59</time_max>
    <rigidity_min>2.4</rigidity_min>
    <rigidity_max>2.67</rigidity_max>
    <flux>365.1</flux>
    <flux_statistical_error_low>0.6</flux_statistical_error_low>
    <flux_statistical_error_high>0.6</flux_statistical_error_high>
    <flux_systematical_error_low>6.9</flux_systematical_error_low>
    <flux_systematical_error_high>6.9</flux_systematical_error_high>
  </DATA>
  <DATA>
    <time_min>2014-09-11T00:00:00</time_min>
    <time_max>2014-10-07T23:59:59</time_max>
    <rigidity_min>2.4</rigidity_min>
    <rigidity_max>2.67</rigidity_max>
    <flux>362.5</flux>
    <flux_statistical_error_low>0.8</flux_statistical_error_low>
    <flux_statistical_error_high>0.8</flux_statistical_error_high>
    <flux_systematical_error_low>6.9</flux_systematical_error_low>
    <flux_systematical_error_high>6.9</flux_systematical_error_high>
  </DATA>
  <DATA>
    <time_min>2014-12-01T00:00:00</time_min>
    <time_max>2014-12-27T23:59:59</time_max>
    <rigidity_min>2.4</rigidity_min>
    <rigidity_max>2.67</rigidity_max>
    <flux>353.4</flux>
    <flux_statistical_error_low>0.6</flux_statistical_error_low>
    <flux_statistical_error_high>0.6</flux_statistical_error_high>
    <flux_systematical_error_low>6.7</flux_systematical_error_low>
    <flux_systematical_error_high>6.7</flux_systematical_error_high>
  </DATA>
  <DATA>
    <time_min>2014-12-28T00:00:00</time_min>
    <time_max>2015-01-23T23:59:59</time_max>
    <rigidity_min>2.4</rigidity_min>
    <rigidity_max>2.67</rigidity_max>
    <flux>350.4</flux>
    <flux_statistical_error_low>0.6</flux_statistical_error_low>
    <flux_statistical_error_high>0.6</flux_statistical_error_high>
    <flux_systematical_error_low>6.6</flux_systematical_error_low>
    <flux_systematical_error_high>6.6</flux_systematical_error_high>
  </DATA>
  <DATA>
    <time_min>2015-01-24T00:00:00</time_min>
    <time_max>2015-02-19T23:59:59</time_max>
    <rigidity_min>2.4</rigidity_min>
    <rigidity_max>2.67</rigidity_max>
    <flux>351.4</flux>
    <flux_statistical_error_low>0.6</flux_statistical_error_low>
    <flux_statistical_error_high>0.6</flux_statistical_error_high>
    <flux_systematical_error_low>6.6</flux_systematical_error_low>
    <flux_systematical_error_high>6.6</flux_systematical_error_high>
  </DATA>
  <DATA>
    <time_min>2015-02-20T00:00:00</time_min>
    <time_max>2015-03-18T23:59:59</time_max>
    <rigidity_min>2.4</rigidity_min>
    <rigidity_max>2.67</rigidity_max>
    <flux>337.3</flux>
    <flux_statistical_error_low>0.6</flux_statistical_error_low>
    <flux_statistical_error_high>0.6</flux_statistical_error_high>
    <flux_systematical_error_low>6.4</flux_systematical_error_low>
    <flux_systematical_error_high>6.4</flux_systematical_error_high>
  </DATA>
  <DATA>
    <time_min>2015-03-19T00:00:00</time_min>
    <time_max>2015-04-14T23:59:59</time_max>
    <rigidity_min>2.4</rigidity_min>
    <rigidity_max>2.67</rigidity_max>
    <flux>310.9</flux>
    <flux_statistical_error_low>0.6</flux_statistical_error_low>
    <flux_statistical_error_high>0.6</flux_statistical_error_high>
    <flux_systematical_error_low>5.9</flux_systematical_error_low>
    <flux_systematical_error_high>5.9</flux_systematical_error_high>
  </DATA>
  <DATA>
    <time_min>2015-04-15T00:00:00</time_min>
    <time_max>2015-05-11T23:59:59</time_max>
    <rigidity_min>2.4</rigidity_min>
    <rigidity_max>2.67</rigidity_max>
    <flux>323.1</flux>
    <flux_statistical_error_low>0.6</flux_statistical_error_low>
    <flux_statistical_error_high>0.6</flux_statistical_error_high>
    <flux_systematical_error_low>6.2</flux_systematical_error_low>
    <flux_systematical_error_high>6.2</flux_systematical_error_high>
  </DATA>
  <DATA>
    <time_min>2015-05-12T00:00:00</time_min>
    <time_max>2015-06-07T23:59:59</time_max>
    <rigidity_min>2.4</rigidity_min>
    <rigidity_max>2.67</rigidity_max>
    <flux>358.6</flux>
    <flux_statistical_error_low>0.6</flux_statistical_error_low>
    <flux_statistical_error_high>0.6</flux_statistical_error_high>
    <flux_systematical_error_low>6.8</flux_systematical_error_low>
    <flux_systematical_error_high>6.8</flux_systematical_error_high>
  </DATA>
  <DATA>
    <time_min>2015-06-08T00:00:00</time_min>
    <time_max>2015-07-04T23:59:59</time_max>
    <rigidity_min>2.4</rigidity_min>
    <rigidity_max>2.67</rigidity_max>
    <flux>356.3</flux>
    <flux_statistical_error_low>0.6</flux_statistical_error_low>
    <flux_statistical_error_high>0.6</flux_statistical_error_high>
    <flux_systematical_error_low>6.7</flux_systematical_error_low>
    <flux_systematical_error_high>6.7</flux_systematical_error_high>
  </DATA>
  <DATA>
    <time_min>2015-07-05T00:00:00</time_min>
    <time_max>2015-07-31T23:59:59</time_max>
    <rigidity_min>2.4</rigidity_min>
    <rigidity_max>2.67</rigidity_max>
    <flux>375.2</flux>
    <flux_statistical_error_low>0.7</flux_statistical_error_low>
    <flux_statistical_error_high>0.7</flux_statistical_error_high>
    <flux_systematical_error_low>7.1</flux_systematical_error_low>
    <flux_systematical_error_high>7.1</flux_systematical_error_high>
  </DATA>
  <DATA>
    <time_min>2015-08-01T00:00:00</time_min>
    <time_max>2015-08-27T23:59:59</time_max>
    <rigidity_min>2.4</rigidity_min>
    <rigidity_max>2.67</rigidity_max>
    <flux>386.2</flux>
    <flux_statistical_error_low>0.7</flux_statistical_error_low>
    <flux_statistical_error_high>0.7</flux_statistical_error_high>
    <flux_systematical_error_low>7.3</flux_systematical_error_low>
    <flux_systematical_error_high>7.3</flux_systematical_error_high>
  </DATA>
  <DATA>
    <time_min>2015-08-28T00:00:00</time_min>
    <time_max>2015-09-23T23:59:59</time_max>
    <rigidity_min>2.4</rigidity_min>
    <rigidity_max>2.67</rigidity_max>
    <flux>386.7</flux>
    <flux_statistical_error_low>0.7</flux_statistical_error_low>
    <flux_statistical_error_high>0.7</flux_statistical_error_high>
    <flux_systematical_error_low>7.3</flux_systematical_error_low>
    <flux_systematical_error_high>7.3</flux_systematical_error_high>
  </DATA>
  <DATA>
    <time_min>2015-09-24T00:00:00</time_min>
    <time_max>2015-10-20T23:59:59</time_max>
    <rigidity_min>2.4</rigidity_min>
    <rigidity_max>2.67</rigidity_max>
    <flux>394.4</flux>
    <flux_statistical_error_low>0.7</flux_statistical_error_low>
    <flux_statistical_error_high>0.7</flux_statistical_error_high>
    <flux_systematical_error_low>7.4</flux_systematical_error_low>
    <flux_systematical_error_high>7.4</flux_systematical_error_high>
  </DATA>
  <DATA>
    <time_min>2015-10-21T00:00:00</time_min>
    <time_max>2015-11-16T23:59:59</time_max>
    <rigidity_min>2.4</rigidity_min>
    <rigidity_max>2.67</rigidity_max>
    <flux>398.0</flux>
    <flux_statistical_error_low>0.7</flux_statistical_error_low>
    <flux_statistical_error_high>0.7</flux_statistical_error_high>
    <flux_systematical_error_low>7.5</flux_systematical_error_low>
    <flux_systematical_error_high>7.5</flux_systematical_error_high>
  </DATA>
  <DATA>
    <time_min>2015-11-17T00:00:00</time_min>
    <time_max>2015-12-13T23:59:59</time_max>
    <rigidity_min>2.4</rigidity_min>
    <rigidity_max>2.67</rigidity_max>
    <flux>421.1</flux>
    <flux_statistical_error_low>0.7</flux_statistical_error_low>
    <flux_statistical_error_high>0.7</flux_statistical_error_high>
    <flux_systematical_error_low>7.9</flux_systematical_error_low>
    <flux_systematical_error_high>7.9</flux_systematical_error_high>
  </DATA>
  <DATA>
    <time_min>2015-12-14T00:00:00</time_min>
    <time_max>2016-01-09T23:59:59</time_max>
    <rigidity_min>2.4</rigidity_min>
    <rigidity_max>2.67</rigidity_max>
    <flux>432.7</flux>
    <flux_statistical_error_low>0.7</flux_statistical_error_low>
    <flux_statistical_error_high>0.7</flux_statistical_error_high>
    <flux_systematical_error_low>8.1</flux_systematical_error_low>
    <flux_systematical_error_high>8.1</flux_systematical_error_high>
  </DATA>
  <DATA>
    <time_min>2016-01-10T00:00:00</time_min>
    <time_max>2016-02-05T23:59:59</time_max>
    <rigidity_min>2.4</rigidity_min>
    <rigidity_max>2.67</rigidity_max>
    <flux>454.3</flux>
    <flux_statistical_error_low>0.7</flux_statistical_error_low>
    <flux_statistical_error_high>0.7</flux_statistical_error_high>
    <flux_systematical_error_low>8.6</flux_systematical_error_low>
    <flux_systematical_error_high>8.6</flux_systematical_error_high>
  </DATA>
  <DATA>
    <time_min>2016-02-06T00:00:00</time_min>
    <time_max>2016-03-03T23:59:59</time_max>
    <rigidity_min>2.4</rigidity_min>
    <rigidity_max>2.67</rigidity_max>
    <flux>465.6</flux>
    <flux_statistical_error_low>0.8</flux_statistical_error_low>
    <flux_statistical_error_high>0.8</flux_statistical_error_high>
    <flux_systematical_error_low>8.8</flux_systematical_error_low>
    <flux_systematical_error_high>8.8</flux_systematical_error_high>
  </DATA>
  <DATA>
    <time_min>2016-03-04T00:00:00</time_min>
    <time_max>2016-03-30T23:59:59</time_max>
    <rigidity_min>2.4</rigidity_min>
    <rigidity_max>2.67</rigidity_max>
    <flux>470.1</flux>
    <flux_statistical_error_low>0.8</flux_statistical_error_low>
    <flux_statistical_error_high>0.8</flux_statistical_error_high>
    <flux_systematical_error_low>8.9</flux_systematical_error_low>
    <flux_systematical_error_high>8.9</flux_systematical_error_high>
  </DATA>
  <DATA>
    <time_min>2016-03-31T00:00:00</time_min>
    <time_max>2016-04-26T23:59:59</time_max>
    <rigidity_min>2.4</rigidity_min>
    <rigidity_max>2.67</rigidity_max>
    <flux>472.6</flux>
    <flux_statistical_error_low>0.8</flux_statistical_error_low>
    <flux_statistical_error_high>0.8</flux_statistical_error_high>
    <flux_systematical_error_low>8.9</flux_systematical_error_low>
    <flux_systematical_error_high>8.9</flux_systematical_error_high>
  </DATA>
  <DATA>
    <time_min>2016-04-27T00:00:00</time_min>
    <time_max>2016-05-23T23:59:59</time_max>
    <rigidity_min>2.4</rigidity_min>
    <rigidity_max>2.67</rigidity_max>
    <flux>479.3</flux>
    <flux_statistical_error_low>0.8</flux_statistical_error_low>
    <flux_statistical_error_high>0.8</flux_statistical_error_high>
    <flux_systematical_error_low>9.0</flux_systematical_error_low>
    <flux_systematical_error_high>9.0</flux_systematical_error_high>
  </DATA>
  <DATA>
    <time_min>2016-05-24T00:00:00</time_min>
    <time_max>2016-06-19T23:59:59</time_max>
    <rigidity_min>2.4</rigidity_min>
    <rigidity_max>2.67</rigidity_max>
    <flux>494.4</flux>
    <flux_statistical_error_low>0.8</flux_statistical_error_low>
    <flux_statistical_error_high>0.8</flux_statistical_error_high>
    <flux_systematical_error_low>9.3</flux_systematical_error_low>
    <flux_systematical_error_high>9.3</flux_systematical_error_high>
  </DATA>
  <DATA>
    <time_min>2016-06-20T00:00:00</time_min>
    <time_max>2016-07-16T23:59:59</time_max>
    <rigidity_min>2.4</rigidity_min>
    <rigidity_max>2.67</rigidity_max>
    <flux>490.4</flux>
    <flux_statistical_error_low>0.8</flux_statistical_error_low>
    <flux_statistical_error_high>0.8</flux_statistical_error_high>
    <flux_systematical_error_low>9.2</flux_systematical_error_low>
    <flux_systematical_error_high>9.2</flux_systematical_error_high>
  </DATA>
  <DATA>
    <time_min>2016-07-17T00:00:00</time_min>
    <time_max>2016-08-12T23:59:59</time_max>
    <rigidity_min>2.4</rigidity_min>
    <rigidity_max>2.67</rigidity_max>
    <flux>492.5</flux>
    <flux_statistical_error_low>0.8</flux_statistical_error_low>
    <flux_statistical_error_high>0.8</flux_statistical_error_high>
    <flux_systematical_error_low>9.3</flux_systematical_error_low>
    <flux_systematical_error_high>9.3</flux_systematical_error_high>
  </DATA>
  <DATA>
    <time_min>2016-08-13T00:00:00</time_min>
    <time_max>2016-09-08T23:59:59</time_max>
    <rigidity_min>2.4</rigidity_min>
    <rigidity_max>2.67</rigidity_max>
    <flux>502.7</flux>
    <flux_statistical_error_low>0.8</flux_statistical_error_low>
    <flux_statistical_error_high>0.8</flux_statistical_error_high>
    <flux_systematical_error_low>9.4</flux_systematical_error_low>
    <flux_systematical_error_high>9.4</flux_systematical_error_high>
  </DATA>
  <DATA>
    <time_min>2016-09-09T00:00:00</time_min>
    <time_max>2016-10-05T23:59:59</time_max>
    <rigidity_min>2.4</rigidity_min>
    <rigidity_max>2.67</rigidity_max>
    <flux>513.2</flux>
    <flux_statistical_error_low>0.8</flux_statistical_error_low>
    <flux_statistical_error_high>0.8</flux_statistical_error_high>
    <flux_systematical_error_low>9.7</flux_systematical_error_low>
    <flux_systematical_error_high>9.7</flux_systematical_error_high>
  </DATA>
  <DATA>
    <time_min>2016-10-06T00:00:00</time_min>
    <time_max>2016-11-01T23:59:59</time_max>
    <rigidity_min>2.4</rigidity_min>
    <rigidity_max>2.67</rigidity_max>
    <flux>529.8</flux>
    <flux_statistical_error_low>0.9</flux_statistical_error_low>
    <flux_statistical_error_high>0.9</flux_statistical_error_high>
    <flux_systematical_error_low>10.0</flux_systematical_error_low>
    <flux_systematical_error_high>10.0</flux_systematical_error_high>
  </DATA>
  <DATA>
    <time_min>2016-11-02T00:00:00</time_min>
    <time_max>2016-11-28T23:59:59</time_max>
    <rigidity_min>2.4</rigidity_min>
    <rigidity_max>2.67</rigidity_max>
    <flux>544.2</flux>
    <flux_statistical_error_low>0.9</flux_statistical_error_low>
    <flux_statistical_error_high>0.9</flux_statistical_error_high>
    <flux_systematical_error_low>10.2</flux_systematical_error_low>
    <flux_systematical_error_high>10.2</flux_systematical_error_high>
  </DATA>
  <DATA>
    <time_min>2016-11-29T00:00:00</time_min>
    <time_max>2016-12-25T23:59:59</time_max>
    <rigidity_min>2.4</rigidity_min>
    <rigidity_max>2.67</rigidity_max>
    <flux>548.1</flux>
    <flux_statistical_error_low>0.8</flux_statistical_error_low>
    <flux_statistical_error_high>0.8</flux_statistical_error_high>
    <flux_systematical_error_low>10.3</flux_systematical_error_low>
    <flux_systematical_error_high>10.3</flux_systematical_error_high>
  </DATA>
  <DATA>
    <time_min>2016-12-26T00:00:00</time_min>
    <time_max>2017-01-21T23:59:59</time_max>
    <rigidity_min>2.4</rigidity_min>
    <rigidity_max>2.67</rigidity_max>
    <flux>552.5</flux>
    <flux_statistical_error_low>0.9</flux_statistical_error_low>
    <flux_statistical_error_high>0.9</flux_statistical_error_high>
    <flux_systematical_error_low>10.4</flux_systematical_error_low>
    <flux_systematical_error_high>10.4</flux_systematical_error_high>
  </DATA>
  <DATA>
    <time_min>2017-01-22T00:00:00</time_min>
    <time_max>2017-02-17T23:59:59</time_max>
    <rigidity_min>2.4</rigidity_min>
    <rigidity_max>2.67</rigidity_max>
    <flux>559.4</flux>
    <flux_statistical_error_low>0.9</flux_statistical_error_low>
    <flux_statistical_error_high>0.9</flux_statistical_error_high>
    <flux_systematical_error_low>10.5</flux_systematical_error_low>
    <flux_systematical_error_high>10.5</flux_systematical_error_high>
  </DATA>
  <DATA>
    <time_min>2017-02-18T00:00:00</time_min>
    <time_max>2017-03-16T23:59:59</time_max>
    <rigidity_min>2.4</rigidity_min>
    <rigidity_max>2.67</rigidity_max>
    <flux>565.4</flux>
    <flux_statistical_error_low>1.0</flux_statistical_error_low>
    <flux_statistical_error_high>1.0</flux_statistical_error_high>
    <flux_systematical_error_low>10.6</flux_systematical_error_low>
    <flux_systematical_error_high>10.6</flux_systematical_error_high>
  </DATA>
  <DATA>
    <time_min>2017-03-17T00:00:00</time_min>
    <time_max>2017-04-12T23:59:59</time_max>
    <rigidity_min>2.4</rigidity_min>
    <rigidity_max>2.67</rigidity_max>
    <flux>558.8</flux>
    <flux_statistical_error_low>0.9</flux_statistical_error_low>
    <flux_statistical_error_high>0.9</flux_statistical_error_high>
    <flux_systematical_error_low>10.5</flux_systematical_error_low>
    <flux_systematical_error_high>10.5</flux_systematical_error_high>
  </DATA>
  <DATA>
    <time_min>2017-04-13T00:00:00</time_min>
    <time_max>2017-05-09T23:59:59</time_max>
    <rigidity_min>2.4</rigidity_min>
    <rigidity_max>2.67</rigidity_max>
    <flux>552.1</flux>
    <flux_statistical_error_low>0.9</flux_statistical_error_low>
    <flux_statistical_error_high>0.9</flux_statistical_error_high>
    <flux_systematical_error_low>10.4</flux_systematical_error_low>
    <flux_systematical_error_high>10.4</flux_systematical_error_high>
  </DATA>
</XML>
