<?xml version="1.0" encoding="UTF-8"?>
<XML>
  <!--Data from the SSDC Cosmic Ray Database www.ssdc.asi.it-->
  <!--Before using these data please consult the original publication-->
  <HEADER>
    <PARTICLE>p</PARTICLE>
    <MISSION>AMS-02</MISSION>
    <UNITS>
      <flux>(m^2 s sr GV)^(-1)</flux>
      <rigidity>GV</rigidity>
      <time>UTC</time>
    </UNITS>
    <DOI>10.1103/PhysRevLett.121.051101</DOI>
    <JOURNAL>PRL</JOURNAL>
    <YEAR>2018</YEAR>
    <VOLUME>121</VOLUME>
    <PAGE>051101</PAGE>
    <TITLE>Observation of Fine Time Structures in the Cosmic Proton and Helium Fluxes with the Alpha Magnetic Spectrometer on the International Space Station</TITLE>
    <AUTHORS>Aguilar M., et al.</AUTHORS>
    <!--Columns (variables) listed inside ORIGINAL_COLUMNS are reported in this file as in the original publication. Please always consult the original publication.-->
    <ORIGINAL_COLUMNS>time_min,time_max,rigidity_min,rigidity_max,flux,flux_statistical_error_low,flux_statistical_error_high,flux_systematical_error_low,flux_systematical_error_high</ORIGINAL_COLUMNS>
    <ADS_LINK>null</ADS_LINK>
  </HEADER>
  <DATA>
    <time_min>2011-05-15T00:00:00</time_min>
    <time_max>2011-06-10T23:59:59</time_max>
    <rigidity_min>1.51</rigidity_min>
    <rigidity_max>1.71</rigidity_max>
    <flux>792.4</flux>
    <flux_statistical_error_low>2.7</flux_statistical_error_low>
    <flux_statistical_error_high>2.7</flux_statistical_error_high>
    <flux_systematical_error_low>21.4</flux_systematical_error_low>
    <flux_systematical_error_high>21.4</flux_systematical_error_high>
  </DATA>
  <DATA>
    <time_min>2011-06-11T00:00:00</time_min>
    <time_max>2011-07-07T23:59:59</time_max>
    <rigidity_min>1.51</rigidity_min>
    <rigidity_max>1.71</rigidity_max>
    <flux>739.2</flux>
    <flux_statistical_error_low>1.7</flux_statistical_error_low>
    <flux_statistical_error_high>1.7</flux_statistical_error_high>
    <flux_systematical_error_low>19.4</flux_systematical_error_low>
    <flux_systematical_error_high>19.4</flux_systematical_error_high>
  </DATA>
  <DATA>
    <time_min>2011-07-08T00:00:00</time_min>
    <time_max>2011-08-03T23:59:59</time_max>
    <rigidity_min>1.51</rigidity_min>
    <rigidity_max>1.71</rigidity_max>
    <flux>759.5</flux>
    <flux_statistical_error_low>1.8</flux_statistical_error_low>
    <flux_statistical_error_high>1.8</flux_statistical_error_high>
    <flux_systematical_error_low>20.0</flux_systematical_error_low>
    <flux_systematical_error_high>20.0</flux_systematical_error_high>
  </DATA>
  <DATA>
    <time_min>2011-08-04T00:00:00</time_min>
    <time_max>2011-08-30T23:59:59</time_max>
    <rigidity_min>1.51</rigidity_min>
    <rigidity_max>1.71</rigidity_max>
    <flux>743.7</flux>
    <flux_statistical_error_low>1.5</flux_statistical_error_low>
    <flux_statistical_error_high>1.5</flux_statistical_error_high>
    <flux_systematical_error_low>19.4</flux_systematical_error_low>
    <flux_systematical_error_high>19.4</flux_systematical_error_high>
  </DATA>
  <DATA>
    <time_min>2011-08-31T00:00:00</time_min>
    <time_max>2011-09-26T23:59:59</time_max>
    <rigidity_min>1.51</rigidity_min>
    <rigidity_max>1.71</rigidity_max>
    <flux>750.3</flux>
    <flux_statistical_error_low>1.5</flux_statistical_error_low>
    <flux_statistical_error_high>1.5</flux_statistical_error_high>
    <flux_systematical_error_low>19.5</flux_systematical_error_low>
    <flux_systematical_error_high>19.5</flux_systematical_error_high>
  </DATA>
  <DATA>
    <time_min>2011-09-27T00:00:00</time_min>
    <time_max>2011-10-23T23:59:59</time_max>
    <rigidity_min>1.51</rigidity_min>
    <rigidity_max>1.71</rigidity_max>
    <flux>684.9</flux>
    <flux_statistical_error_low>1.4</flux_statistical_error_low>
    <flux_statistical_error_high>1.4</flux_statistical_error_high>
    <flux_systematical_error_low>17.9</flux_systematical_error_low>
    <flux_systematical_error_high>17.9</flux_systematical_error_high>
  </DATA>
  <DATA>
    <time_min>2011-10-24T00:00:00</time_min>
    <time_max>2011-11-19T23:59:59</time_max>
    <rigidity_min>1.51</rigidity_min>
    <rigidity_max>1.71</rigidity_max>
    <flux>736.5</flux>
    <flux_statistical_error_low>1.5</flux_statistical_error_low>
    <flux_statistical_error_high>1.5</flux_statistical_error_high>
    <flux_systematical_error_low>19.2</flux_systematical_error_low>
    <flux_systematical_error_high>19.2</flux_systematical_error_high>
  </DATA>
  <DATA>
    <time_min>2011-11-20T00:00:00</time_min>
    <time_max>2011-12-16T23:59:59</time_max>
    <rigidity_min>1.51</rigidity_min>
    <rigidity_max>1.71</rigidity_max>
    <flux>766.3</flux>
    <flux_statistical_error_low>1.5</flux_statistical_error_low>
    <flux_statistical_error_high>1.5</flux_statistical_error_high>
    <flux_systematical_error_low>20.0</flux_systematical_error_low>
    <flux_systematical_error_high>20.0</flux_systematical_error_high>
  </DATA>
  <DATA>
    <time_min>2011-12-17T00:00:00</time_min>
    <time_max>2012-01-12T23:59:59</time_max>
    <rigidity_min>1.51</rigidity_min>
    <rigidity_max>1.71</rigidity_max>
    <flux>779.7</flux>
    <flux_statistical_error_low>1.5</flux_statistical_error_low>
    <flux_statistical_error_high>1.5</flux_statistical_error_high>
    <flux_systematical_error_low>20.2</flux_systematical_error_low>
    <flux_systematical_error_high>20.2</flux_systematical_error_high>
  </DATA>
  <DATA>
    <time_min>2012-01-13T00:00:00</time_min>
    <time_max>2012-02-08T23:59:59</time_max>
    <rigidity_min>1.51</rigidity_min>
    <rigidity_max>1.71</rigidity_max>
    <flux>742.2</flux>
    <flux_statistical_error_low>1.6</flux_statistical_error_low>
    <flux_statistical_error_high>1.6</flux_statistical_error_high>
    <flux_systematical_error_low>19.3</flux_systematical_error_low>
    <flux_systematical_error_high>19.3</flux_systematical_error_high>
  </DATA>
  <DATA>
    <time_min>2012-02-09T00:00:00</time_min>
    <time_max>2012-03-06T23:59:59</time_max>
    <rigidity_min>1.51</rigidity_min>
    <rigidity_max>1.71</rigidity_max>
    <flux>726.3</flux>
    <flux_statistical_error_low>1.5</flux_statistical_error_low>
    <flux_statistical_error_high>1.5</flux_statistical_error_high>
    <flux_systematical_error_low>18.8</flux_systematical_error_low>
    <flux_systematical_error_high>18.8</flux_systematical_error_high>
  </DATA>
  <DATA>
    <time_min>2012-03-07T00:00:00</time_min>
    <time_max>2012-04-02T23:59:59</time_max>
    <rigidity_min>1.51</rigidity_min>
    <rigidity_max>1.71</rigidity_max>
    <flux>590.6</flux>
    <flux_statistical_error_low>1.4</flux_statistical_error_low>
    <flux_statistical_error_high>1.4</flux_statistical_error_high>
    <flux_systematical_error_low>15.5</flux_systematical_error_low>
    <flux_systematical_error_high>15.5</flux_systematical_error_high>
  </DATA>
  <DATA>
    <time_min>2012-04-03T00:00:00</time_min>
    <time_max>2012-04-29T23:59:59</time_max>
    <rigidity_min>1.51</rigidity_min>
    <rigidity_max>1.71</rigidity_max>
    <flux>673.1</flux>
    <flux_statistical_error_low>1.4</flux_statistical_error_low>
    <flux_statistical_error_high>1.4</flux_statistical_error_high>
    <flux_systematical_error_low>17.5</flux_systematical_error_low>
    <flux_systematical_error_high>17.5</flux_systematical_error_high>
  </DATA>
  <DATA>
    <time_min>2012-04-30T00:00:00</time_min>
    <time_max>2012-05-26T23:59:59</time_max>
    <rigidity_min>1.51</rigidity_min>
    <rigidity_max>1.71</rigidity_max>
    <flux>701.3</flux>
    <flux_statistical_error_low>1.5</flux_statistical_error_low>
    <flux_statistical_error_high>1.5</flux_statistical_error_high>
    <flux_systematical_error_low>18.3</flux_systematical_error_low>
    <flux_systematical_error_high>18.3</flux_systematical_error_high>
  </DATA>
  <DATA>
    <time_min>2012-05-27T00:00:00</time_min>
    <time_max>2012-06-22T23:59:59</time_max>
    <rigidity_min>1.51</rigidity_min>
    <rigidity_max>1.71</rigidity_max>
    <flux>654.4</flux>
    <flux_statistical_error_low>1.4</flux_statistical_error_low>
    <flux_statistical_error_high>1.4</flux_statistical_error_high>
    <flux_systematical_error_low>17.0</flux_systematical_error_low>
    <flux_systematical_error_high>17.0</flux_systematical_error_high>
  </DATA>
  <DATA>
    <time_min>2012-06-23T00:00:00</time_min>
    <time_max>2012-07-19T23:59:59</time_max>
    <rigidity_min>1.51</rigidity_min>
    <rigidity_max>1.71</rigidity_max>
    <flux>634.1</flux>
    <flux_statistical_error_low>1.4</flux_statistical_error_low>
    <flux_statistical_error_high>1.4</flux_statistical_error_high>
    <flux_systematical_error_low>16.5</flux_systematical_error_low>
    <flux_systematical_error_high>16.5</flux_systematical_error_high>
  </DATA>
  <DATA>
    <time_min>2012-07-20T00:00:00</time_min>
    <time_max>2012-08-15T23:59:59</time_max>
    <rigidity_min>1.51</rigidity_min>
    <rigidity_max>1.71</rigidity_max>
    <flux>540.1</flux>
    <flux_statistical_error_low>1.2</flux_statistical_error_low>
    <flux_statistical_error_high>1.2</flux_statistical_error_high>
    <flux_systematical_error_low>14.0</flux_systematical_error_low>
    <flux_systematical_error_high>14.0</flux_systematical_error_high>
  </DATA>
  <DATA>
    <time_min>2012-08-16T00:00:00</time_min>
    <time_max>2012-09-11T23:59:59</time_max>
    <rigidity_min>1.51</rigidity_min>
    <rigidity_max>1.71</rigidity_max>
    <flux>531.3</flux>
    <flux_statistical_error_low>1.2</flux_statistical_error_low>
    <flux_statistical_error_high>1.2</flux_statistical_error_high>
    <flux_systematical_error_low>13.9</flux_systematical_error_low>
    <flux_systematical_error_high>13.9</flux_systematical_error_high>
  </DATA>
  <DATA>
    <time_min>2012-09-12T00:00:00</time_min>
    <time_max>2012-10-08T23:59:59</time_max>
    <rigidity_min>1.51</rigidity_min>
    <rigidity_max>1.71</rigidity_max>
    <flux>562.6</flux>
    <flux_statistical_error_low>1.3</flux_statistical_error_low>
    <flux_statistical_error_high>1.3</flux_statistical_error_high>
    <flux_systematical_error_low>14.7</flux_systematical_error_low>
    <flux_systematical_error_high>14.7</flux_systematical_error_high>
  </DATA>
  <DATA>
    <time_min>2012-10-09T00:00:00</time_min>
    <time_max>2012-11-04T23:59:59</time_max>
    <rigidity_min>1.51</rigidity_min>
    <rigidity_max>1.71</rigidity_max>
    <flux>529.2</flux>
    <flux_statistical_error_low>1.3</flux_statistical_error_low>
    <flux_statistical_error_high>1.3</flux_statistical_error_high>
    <flux_systematical_error_low>13.8</flux_systematical_error_low>
    <flux_systematical_error_high>13.8</flux_systematical_error_high>
  </DATA>
  <DATA>
    <time_min>2012-11-05T00:00:00</time_min>
    <time_max>2012-12-01T23:59:59</time_max>
    <rigidity_min>1.51</rigidity_min>
    <rigidity_max>1.71</rigidity_max>
    <flux>539.3</flux>
    <flux_statistical_error_low>1.2</flux_statistical_error_low>
    <flux_statistical_error_high>1.2</flux_statistical_error_high>
    <flux_systematical_error_low>14.1</flux_systematical_error_low>
    <flux_systematical_error_high>14.1</flux_systematical_error_high>
  </DATA>
  <DATA>
    <time_min>2012-12-02T00:00:00</time_min>
    <time_max>2012-12-28T23:59:59</time_max>
    <rigidity_min>1.51</rigidity_min>
    <rigidity_max>1.71</rigidity_max>
    <flux>551.1</flux>
    <flux_statistical_error_low>1.2</flux_statistical_error_low>
    <flux_statistical_error_high>1.2</flux_statistical_error_high>
    <flux_systematical_error_low>14.4</flux_systematical_error_low>
    <flux_systematical_error_high>14.4</flux_systematical_error_high>
  </DATA>
  <DATA>
    <time_min>2012-12-29T00:00:00</time_min>
    <time_max>2013-01-24T23:59:59</time_max>
    <rigidity_min>1.51</rigidity_min>
    <rigidity_max>1.71</rigidity_max>
    <flux>583.7</flux>
    <flux_statistical_error_low>1.3</flux_statistical_error_low>
    <flux_statistical_error_high>1.3</flux_statistical_error_high>
    <flux_systematical_error_low>15.2</flux_systematical_error_low>
    <flux_systematical_error_high>15.2</flux_systematical_error_high>
  </DATA>
  <DATA>
    <time_min>2013-01-25T00:00:00</time_min>
    <time_max>2013-02-20T23:59:59</time_max>
    <rigidity_min>1.51</rigidity_min>
    <rigidity_max>1.71</rigidity_max>
    <flux>600.9</flux>
    <flux_statistical_error_low>1.3</flux_statistical_error_low>
    <flux_statistical_error_high>1.3</flux_statistical_error_high>
    <flux_systematical_error_low>15.7</flux_systematical_error_low>
    <flux_systematical_error_high>15.7</flux_systematical_error_high>
  </DATA>
  <DATA>
    <time_min>2013-02-21T00:00:00</time_min>
    <time_max>2013-03-19T23:59:59</time_max>
    <rigidity_min>1.51</rigidity_min>
    <rigidity_max>1.71</rigidity_max>
    <flux>603.9</flux>
    <flux_statistical_error_low>1.3</flux_statistical_error_low>
    <flux_statistical_error_high>1.3</flux_statistical_error_high>
    <flux_systematical_error_low>15.8</flux_systematical_error_low>
    <flux_systematical_error_high>15.8</flux_systematical_error_high>
  </DATA>
  <DATA>
    <time_min>2013-03-20T00:00:00</time_min>
    <time_max>2013-04-15T23:59:59</time_max>
    <rigidity_min>1.51</rigidity_min>
    <rigidity_max>1.71</rigidity_max>
    <flux>564.6</flux>
    <flux_statistical_error_low>1.3</flux_statistical_error_low>
    <flux_statistical_error_high>1.3</flux_statistical_error_high>
    <flux_systematical_error_low>14.7</flux_systematical_error_low>
    <flux_systematical_error_high>14.7</flux_systematical_error_high>
  </DATA>
  <DATA>
    <time_min>2013-04-16T00:00:00</time_min>
    <time_max>2013-05-12T23:59:59</time_max>
    <rigidity_min>1.51</rigidity_min>
    <rigidity_max>1.71</rigidity_max>
    <flux>565.9</flux>
    <flux_statistical_error_low>1.3</flux_statistical_error_low>
    <flux_statistical_error_high>1.3</flux_statistical_error_high>
    <flux_systematical_error_low>14.7</flux_systematical_error_low>
    <flux_systematical_error_high>14.7</flux_systematical_error_high>
  </DATA>
  <DATA>
    <time_min>2013-05-13T00:00:00</time_min>
    <time_max>2013-06-08T23:59:59</time_max>
    <rigidity_min>1.51</rigidity_min>
    <rigidity_max>1.71</rigidity_max>
    <flux>471.3</flux>
    <flux_statistical_error_low>1.2</flux_statistical_error_low>
    <flux_statistical_error_high>1.2</flux_statistical_error_high>
    <flux_systematical_error_low>12.4</flux_systematical_error_low>
    <flux_systematical_error_high>12.4</flux_systematical_error_high>
  </DATA>
  <DATA>
    <time_min>2013-06-09T00:00:00</time_min>
    <time_max>2013-07-05T23:59:59</time_max>
    <rigidity_min>1.51</rigidity_min>
    <rigidity_max>1.71</rigidity_max>
    <flux>459.5</flux>
    <flux_statistical_error_low>1.1</flux_statistical_error_low>
    <flux_statistical_error_high>1.1</flux_statistical_error_high>
    <flux_systematical_error_low>12.0</flux_systematical_error_low>
    <flux_systematical_error_high>12.0</flux_systematical_error_high>
  </DATA>
  <DATA>
    <time_min>2013-07-06T00:00:00</time_min>
    <time_max>2013-08-01T23:59:59</time_max>
    <rigidity_min>1.51</rigidity_min>
    <rigidity_max>1.71</rigidity_max>
    <flux>460.9</flux>
    <flux_statistical_error_low>1.1</flux_statistical_error_low>
    <flux_statistical_error_high>1.1</flux_statistical_error_high>
    <flux_systematical_error_low>12.0</flux_systematical_error_low>
    <flux_systematical_error_high>12.0</flux_systematical_error_high>
  </DATA>
  <DATA>
    <time_min>2013-08-02T00:00:00</time_min>
    <time_max>2013-08-28T23:59:59</time_max>
    <rigidity_min>1.51</rigidity_min>
    <rigidity_max>1.71</rigidity_max>
    <flux>459.3</flux>
    <flux_statistical_error_low>1.1</flux_statistical_error_low>
    <flux_statistical_error_high>1.1</flux_statistical_error_high>
    <flux_systematical_error_low>12.0</flux_systematical_error_low>
    <flux_systematical_error_high>12.0</flux_systematical_error_high>
  </DATA>
  <DATA>
    <time_min>2013-08-29T00:00:00</time_min>
    <time_max>2013-09-24T23:59:59</time_max>
    <rigidity_min>1.51</rigidity_min>
    <rigidity_max>1.71</rigidity_max>
    <flux>434.5</flux>
    <flux_statistical_error_low>1.1</flux_statistical_error_low>
    <flux_statistical_error_high>1.1</flux_statistical_error_high>
    <flux_systematical_error_low>11.4</flux_systematical_error_low>
    <flux_systematical_error_high>11.4</flux_systematical_error_high>
  </DATA>
  <DATA>
    <time_min>2013-09-25T00:00:00</time_min>
    <time_max>2013-10-21T23:59:59</time_max>
    <rigidity_min>1.51</rigidity_min>
    <rigidity_max>1.71</rigidity_max>
    <flux>445.1</flux>
    <flux_statistical_error_low>1.1</flux_statistical_error_low>
    <flux_statistical_error_high>1.1</flux_statistical_error_high>
    <flux_systematical_error_low>11.7</flux_systematical_error_low>
    <flux_systematical_error_high>11.7</flux_systematical_error_high>
  </DATA>
  <DATA>
    <time_min>2013-10-22T00:00:00</time_min>
    <time_max>2013-11-17T23:59:59</time_max>
    <rigidity_min>1.51</rigidity_min>
    <rigidity_max>1.71</rigidity_max>
    <flux>440.7</flux>
    <flux_statistical_error_low>1.2</flux_statistical_error_low>
    <flux_statistical_error_high>1.2</flux_statistical_error_high>
    <flux_systematical_error_low>11.6</flux_systematical_error_low>
    <flux_systematical_error_high>11.6</flux_systematical_error_high>
  </DATA>
  <DATA>
    <time_min>2013-11-18T00:00:00</time_min>
    <time_max>2013-12-14T23:59:59</time_max>
    <rigidity_min>1.51</rigidity_min>
    <rigidity_max>1.71</rigidity_max>
    <flux>432.2</flux>
    <flux_statistical_error_low>1.1</flux_statistical_error_low>
    <flux_statistical_error_high>1.1</flux_statistical_error_high>
    <flux_systematical_error_low>11.4</flux_systematical_error_low>
    <flux_systematical_error_high>11.4</flux_systematical_error_high>
  </DATA>
  <DATA>
    <time_min>2013-12-15T00:00:00</time_min>
    <time_max>2014-01-10T23:59:59</time_max>
    <rigidity_min>1.51</rigidity_min>
    <rigidity_max>1.71</rigidity_max>
    <flux>425.3</flux>
    <flux_statistical_error_low>1.1</flux_statistical_error_low>
    <flux_statistical_error_high>1.1</flux_statistical_error_high>
    <flux_systematical_error_low>11.2</flux_systematical_error_low>
    <flux_systematical_error_high>11.2</flux_systematical_error_high>
  </DATA>
  <DATA>
    <time_min>2014-01-11T00:00:00</time_min>
    <time_max>2014-02-06T23:59:59</time_max>
    <rigidity_min>1.51</rigidity_min>
    <rigidity_max>1.71</rigidity_max>
    <flux>433.2</flux>
    <flux_statistical_error_low>1.1</flux_statistical_error_low>
    <flux_statistical_error_high>1.1</flux_statistical_error_high>
    <flux_systematical_error_low>11.5</flux_systematical_error_low>
    <flux_systematical_error_high>11.5</flux_systematical_error_high>
  </DATA>
  <DATA>
    <time_min>2014-02-07T00:00:00</time_min>
    <time_max>2014-03-05T23:59:59</time_max>
    <rigidity_min>1.51</rigidity_min>
    <rigidity_max>1.71</rigidity_max>
    <flux>404.5</flux>
    <flux_statistical_error_low>1.0</flux_statistical_error_low>
    <flux_statistical_error_high>1.0</flux_statistical_error_high>
    <flux_systematical_error_low>10.7</flux_systematical_error_low>
    <flux_systematical_error_high>10.7</flux_systematical_error_high>
  </DATA>
  <DATA>
    <time_min>2014-03-06T00:00:00</time_min>
    <time_max>2014-04-01T23:59:59</time_max>
    <rigidity_min>1.51</rigidity_min>
    <rigidity_max>1.71</rigidity_max>
    <flux>411.7</flux>
    <flux_statistical_error_low>1.1</flux_statistical_error_low>
    <flux_statistical_error_high>1.1</flux_statistical_error_high>
    <flux_systematical_error_low>10.8</flux_systematical_error_low>
    <flux_systematical_error_high>10.8</flux_systematical_error_high>
  </DATA>
  <DATA>
    <time_min>2014-04-02T00:00:00</time_min>
    <time_max>2014-04-28T23:59:59</time_max>
    <rigidity_min>1.51</rigidity_min>
    <rigidity_max>1.71</rigidity_max>
    <flux>422.2</flux>
    <flux_statistical_error_low>1.1</flux_statistical_error_low>
    <flux_statistical_error_high>1.1</flux_statistical_error_high>
    <flux_systematical_error_low>11.0</flux_systematical_error_low>
    <flux_systematical_error_high>11.0</flux_systematical_error_high>
  </DATA>
  <DATA>
    <time_min>2014-04-29T00:00:00</time_min>
    <time_max>2014-05-25T23:59:59</time_max>
    <rigidity_min>1.51</rigidity_min>
    <rigidity_max>1.71</rigidity_max>
    <flux>453.5</flux>
    <flux_statistical_error_low>1.1</flux_statistical_error_low>
    <flux_statistical_error_high>1.1</flux_statistical_error_high>
    <flux_systematical_error_low>11.9</flux_systematical_error_low>
    <flux_systematical_error_high>11.9</flux_systematical_error_high>
  </DATA>
  <DATA>
    <time_min>2014-05-26T00:00:00</time_min>
    <time_max>2014-06-21T23:59:59</time_max>
    <rigidity_min>1.51</rigidity_min>
    <rigidity_max>1.71</rigidity_max>
    <flux>448.7</flux>
    <flux_statistical_error_low>1.1</flux_statistical_error_low>
    <flux_statistical_error_high>1.1</flux_statistical_error_high>
    <flux_systematical_error_low>11.7</flux_systematical_error_low>
    <flux_systematical_error_high>11.7</flux_systematical_error_high>
  </DATA>
  <DATA>
    <time_min>2014-06-22T00:00:00</time_min>
    <time_max>2014-07-18T23:59:59</time_max>
    <rigidity_min>1.51</rigidity_min>
    <rigidity_max>1.71</rigidity_max>
    <flux>433.2</flux>
    <flux_statistical_error_low>1.1</flux_statistical_error_low>
    <flux_statistical_error_high>1.1</flux_statistical_error_high>
    <flux_systematical_error_low>11.3</flux_systematical_error_low>
    <flux_systematical_error_high>11.3</flux_systematical_error_high>
  </DATA>
  <DATA>
    <time_min>2014-07-19T00:00:00</time_min>
    <time_max>2014-08-14T23:59:59</time_max>
    <rigidity_min>1.51</rigidity_min>
    <rigidity_max>1.71</rigidity_max>
    <flux>470.6</flux>
    <flux_statistical_error_low>1.1</flux_statistical_error_low>
    <flux_statistical_error_high>1.1</flux_statistical_error_high>
    <flux_systematical_error_low>12.3</flux_systematical_error_low>
    <flux_systematical_error_high>12.3</flux_systematical_error_high>
  </DATA>
  <DATA>
    <time_min>2014-08-15T00:00:00</time_min>
    <time_max>2014-09-10T23:59:59</time_max>
    <rigidity_min>1.51</rigidity_min>
    <rigidity_max>1.71</rigidity_max>
    <flux>516.9</flux>
    <flux_statistical_error_low>1.2</flux_statistical_error_low>
    <flux_statistical_error_high>1.2</flux_statistical_error_high>
    <flux_systematical_error_low>13.4</flux_systematical_error_low>
    <flux_systematical_error_high>13.4</flux_systematical_error_high>
  </DATA>
  <DATA>
    <time_min>2014-09-11T00:00:00</time_min>
    <time_max>2014-10-07T23:59:59</time_max>
    <rigidity_min>1.51</rigidity_min>
    <rigidity_max>1.71</rigidity_max>
    <flux>513.9</flux>
    <flux_statistical_error_low>1.4</flux_statistical_error_low>
    <flux_statistical_error_high>1.4</flux_statistical_error_high>
    <flux_systematical_error_low>13.5</flux_systematical_error_low>
    <flux_systematical_error_high>13.5</flux_systematical_error_high>
  </DATA>
  <DATA>
    <time_min>2014-12-01T00:00:00</time_min>
    <time_max>2014-12-27T23:59:59</time_max>
    <rigidity_min>1.51</rigidity_min>
    <rigidity_max>1.71</rigidity_max>
    <flux>530.3</flux>
    <flux_statistical_error_low>1.2</flux_statistical_error_low>
    <flux_statistical_error_high>1.2</flux_statistical_error_high>
    <flux_systematical_error_low>13.8</flux_systematical_error_low>
    <flux_systematical_error_high>13.8</flux_systematical_error_high>
  </DATA>
  <DATA>
    <time_min>2014-12-28T00:00:00</time_min>
    <time_max>2015-01-23T23:59:59</time_max>
    <rigidity_min>1.51</rigidity_min>
    <rigidity_max>1.71</rigidity_max>
    <flux>517.7</flux>
    <flux_statistical_error_low>1.2</flux_statistical_error_low>
    <flux_statistical_error_high>1.2</flux_statistical_error_high>
    <flux_systematical_error_low>13.4</flux_systematical_error_low>
    <flux_systematical_error_high>13.4</flux_systematical_error_high>
  </DATA>
  <DATA>
    <time_min>2015-01-24T00:00:00</time_min>
    <time_max>2015-02-19T23:59:59</time_max>
    <rigidity_min>1.51</rigidity_min>
    <rigidity_max>1.71</rigidity_max>
    <flux>519.5</flux>
    <flux_statistical_error_low>1.2</flux_statistical_error_low>
    <flux_statistical_error_high>1.2</flux_statistical_error_high>
    <flux_systematical_error_low>13.5</flux_systematical_error_low>
    <flux_systematical_error_high>13.5</flux_systematical_error_high>
  </DATA>
  <DATA>
    <time_min>2015-02-20T00:00:00</time_min>
    <time_max>2015-03-18T23:59:59</time_max>
    <rigidity_min>1.51</rigidity_min>
    <rigidity_max>1.71</rigidity_max>
    <flux>489.8</flux>
    <flux_statistical_error_low>1.2</flux_statistical_error_low>
    <flux_statistical_error_high>1.2</flux_statistical_error_high>
    <flux_systematical_error_low>12.8</flux_systematical_error_low>
    <flux_systematical_error_high>12.8</flux_systematical_error_high>
  </DATA>
  <DATA>
    <time_min>2015-03-19T00:00:00</time_min>
    <time_max>2015-04-14T23:59:59</time_max>
    <rigidity_min>1.51</rigidity_min>
    <rigidity_max>1.71</rigidity_max>
    <flux>445.0</flux>
    <flux_statistical_error_low>1.1</flux_statistical_error_low>
    <flux_statistical_error_high>1.1</flux_statistical_error_high>
    <flux_systematical_error_low>11.6</flux_systematical_error_low>
    <flux_systematical_error_high>11.6</flux_systematical_error_high>
  </DATA>
  <DATA>
    <time_min>2015-04-15T00:00:00</time_min>
    <time_max>2015-05-11T23:59:59</time_max>
    <rigidity_min>1.51</rigidity_min>
    <rigidity_max>1.71</rigidity_max>
    <flux>448.5</flux>
    <flux_statistical_error_low>1.1</flux_statistical_error_low>
    <flux_statistical_error_high>1.1</flux_statistical_error_high>
    <flux_systematical_error_low>11.9</flux_systematical_error_low>
    <flux_systematical_error_high>11.9</flux_systematical_error_high>
  </DATA>
  <DATA>
    <time_min>2015-05-12T00:00:00</time_min>
    <time_max>2015-06-07T23:59:59</time_max>
    <rigidity_min>1.51</rigidity_min>
    <rigidity_max>1.71</rigidity_max>
    <flux>503.8</flux>
    <flux_statistical_error_low>1.2</flux_statistical_error_low>
    <flux_statistical_error_high>1.2</flux_statistical_error_high>
    <flux_systematical_error_low>13.1</flux_systematical_error_low>
    <flux_systematical_error_high>13.1</flux_systematical_error_high>
  </DATA>
  <DATA>
    <time_min>2015-06-08T00:00:00</time_min>
    <time_max>2015-07-04T23:59:59</time_max>
    <rigidity_min>1.51</rigidity_min>
    <rigidity_max>1.71</rigidity_max>
    <flux>517.0</flux>
    <flux_statistical_error_low>1.2</flux_statistical_error_low>
    <flux_statistical_error_high>1.2</flux_statistical_error_high>
    <flux_systematical_error_low>13.4</flux_systematical_error_low>
    <flux_systematical_error_high>13.4</flux_systematical_error_high>
  </DATA>
  <DATA>
    <time_min>2015-07-05T00:00:00</time_min>
    <time_max>2015-07-31T23:59:59</time_max>
    <rigidity_min>1.51</rigidity_min>
    <rigidity_max>1.71</rigidity_max>
    <flux>555.7</flux>
    <flux_statistical_error_low>1.3</flux_statistical_error_low>
    <flux_statistical_error_high>1.3</flux_statistical_error_high>
    <flux_systematical_error_low>14.5</flux_systematical_error_low>
    <flux_systematical_error_high>14.5</flux_systematical_error_high>
  </DATA>
  <DATA>
    <time_min>2015-08-01T00:00:00</time_min>
    <time_max>2015-08-27T23:59:59</time_max>
    <rigidity_min>1.51</rigidity_min>
    <rigidity_max>1.71</rigidity_max>
    <flux>577.5</flux>
    <flux_statistical_error_low>1.3</flux_statistical_error_low>
    <flux_statistical_error_high>1.3</flux_statistical_error_high>
    <flux_systematical_error_low>15.0</flux_systematical_error_low>
    <flux_systematical_error_high>15.0</flux_systematical_error_high>
  </DATA>
  <DATA>
    <time_min>2015-08-28T00:00:00</time_min>
    <time_max>2015-09-23T23:59:59</time_max>
    <rigidity_min>1.51</rigidity_min>
    <rigidity_max>1.71</rigidity_max>
    <flux>583.7</flux>
    <flux_statistical_error_low>1.4</flux_statistical_error_low>
    <flux_statistical_error_high>1.4</flux_statistical_error_high>
    <flux_systematical_error_low>15.2</flux_systematical_error_low>
    <flux_systematical_error_high>15.2</flux_systematical_error_high>
  </DATA>
  <DATA>
    <time_min>2015-09-24T00:00:00</time_min>
    <time_max>2015-10-20T23:59:59</time_max>
    <rigidity_min>1.51</rigidity_min>
    <rigidity_max>1.71</rigidity_max>
    <flux>600.0</flux>
    <flux_statistical_error_low>1.4</flux_statistical_error_low>
    <flux_statistical_error_high>1.4</flux_statistical_error_high>
    <flux_systematical_error_low>15.6</flux_systematical_error_low>
    <flux_systematical_error_high>15.6</flux_systematical_error_high>
  </DATA>
  <DATA>
    <time_min>2015-10-21T00:00:00</time_min>
    <time_max>2015-11-16T23:59:59</time_max>
    <rigidity_min>1.51</rigidity_min>
    <rigidity_max>1.71</rigidity_max>
    <flux>612.2</flux>
    <flux_statistical_error_low>1.4</flux_statistical_error_low>
    <flux_statistical_error_high>1.4</flux_statistical_error_high>
    <flux_systematical_error_low>16.0</flux_systematical_error_low>
    <flux_systematical_error_high>16.0</flux_systematical_error_high>
  </DATA>
  <DATA>
    <time_min>2015-11-17T00:00:00</time_min>
    <time_max>2015-12-13T23:59:59</time_max>
    <rigidity_min>1.51</rigidity_min>
    <rigidity_max>1.71</rigidity_max>
    <flux>664.7</flux>
    <flux_statistical_error_low>1.4</flux_statistical_error_low>
    <flux_statistical_error_high>1.4</flux_statistical_error_high>
    <flux_systematical_error_low>17.2</flux_systematical_error_low>
    <flux_systematical_error_high>17.2</flux_systematical_error_high>
  </DATA>
  <DATA>
    <time_min>2015-12-14T00:00:00</time_min>
    <time_max>2016-01-09T23:59:59</time_max>
    <rigidity_min>1.51</rigidity_min>
    <rigidity_max>1.71</rigidity_max>
    <flux>696.4</flux>
    <flux_statistical_error_low>1.5</flux_statistical_error_low>
    <flux_statistical_error_high>1.5</flux_statistical_error_high>
    <flux_systematical_error_low>18.1</flux_systematical_error_low>
    <flux_systematical_error_high>18.1</flux_systematical_error_high>
  </DATA>
  <DATA>
    <time_min>2016-01-10T00:00:00</time_min>
    <time_max>2016-02-05T23:59:59</time_max>
    <rigidity_min>1.51</rigidity_min>
    <rigidity_max>1.71</rigidity_max>
    <flux>739.6</flux>
    <flux_statistical_error_low>1.5</flux_statistical_error_low>
    <flux_statistical_error_high>1.5</flux_statistical_error_high>
    <flux_systematical_error_low>19.2</flux_systematical_error_low>
    <flux_systematical_error_high>19.2</flux_systematical_error_high>
  </DATA>
  <DATA>
    <time_min>2016-02-06T00:00:00</time_min>
    <time_max>2016-03-03T23:59:59</time_max>
    <rigidity_min>1.51</rigidity_min>
    <rigidity_max>1.71</rigidity_max>
    <flux>765.1</flux>
    <flux_statistical_error_low>1.6</flux_statistical_error_low>
    <flux_statistical_error_high>1.6</flux_statistical_error_high>
    <flux_systematical_error_low>19.8</flux_systematical_error_low>
    <flux_systematical_error_high>19.8</flux_systematical_error_high>
  </DATA>
  <DATA>
    <time_min>2016-03-04T00:00:00</time_min>
    <time_max>2016-03-30T23:59:59</time_max>
    <rigidity_min>1.51</rigidity_min>
    <rigidity_max>1.71</rigidity_max>
    <flux>776.1</flux>
    <flux_statistical_error_low>1.6</flux_statistical_error_low>
    <flux_statistical_error_high>1.6</flux_statistical_error_high>
    <flux_systematical_error_low>20.3</flux_systematical_error_low>
    <flux_systematical_error_high>20.3</flux_systematical_error_high>
  </DATA>
  <DATA>
    <time_min>2016-03-31T00:00:00</time_min>
    <time_max>2016-04-26T23:59:59</time_max>
    <rigidity_min>1.51</rigidity_min>
    <rigidity_max>1.71</rigidity_max>
    <flux>781.5</flux>
    <flux_statistical_error_low>1.6</flux_statistical_error_low>
    <flux_statistical_error_high>1.6</flux_statistical_error_high>
    <flux_systematical_error_low>20.2</flux_systematical_error_low>
    <flux_systematical_error_high>20.2</flux_systematical_error_high>
  </DATA>
  <DATA>
    <time_min>2016-04-27T00:00:00</time_min>
    <time_max>2016-05-23T23:59:59</time_max>
    <rigidity_min>1.51</rigidity_min>
    <rigidity_max>1.71</rigidity_max>
    <flux>800.1</flux>
    <flux_statistical_error_low>1.7</flux_statistical_error_low>
    <flux_statistical_error_high>1.7</flux_statistical_error_high>
    <flux_systematical_error_low>20.8</flux_systematical_error_low>
    <flux_systematical_error_high>20.8</flux_systematical_error_high>
  </DATA>
  <DATA>
    <time_min>2016-05-24T00:00:00</time_min>
    <time_max>2016-06-19T23:59:59</time_max>
    <rigidity_min>1.51</rigidity_min>
    <rigidity_max>1.71</rigidity_max>
    <flux>835.8</flux>
    <flux_statistical_error_low>1.6</flux_statistical_error_low>
    <flux_statistical_error_high>1.6</flux_statistical_error_high>
    <flux_systematical_error_low>21.6</flux_systematical_error_low>
    <flux_systematical_error_high>21.6</flux_systematical_error_high>
  </DATA>
  <DATA>
    <time_min>2016-06-20T00:00:00</time_min>
    <time_max>2016-07-16T23:59:59</time_max>
    <rigidity_min>1.51</rigidity_min>
    <rigidity_max>1.71</rigidity_max>
    <flux>833.6</flux>
    <flux_statistical_error_low>1.6</flux_statistical_error_low>
    <flux_statistical_error_high>1.6</flux_statistical_error_high>
    <flux_systematical_error_low>21.6</flux_systematical_error_low>
    <flux_systematical_error_high>21.6</flux_systematical_error_high>
  </DATA>
  <DATA>
    <time_min>2016-07-17T00:00:00</time_min>
    <time_max>2016-08-12T23:59:59</time_max>
    <rigidity_min>1.51</rigidity_min>
    <rigidity_max>1.71</rigidity_max>
    <flux>836.2</flux>
    <flux_statistical_error_low>1.6</flux_statistical_error_low>
    <flux_statistical_error_high>1.6</flux_statistical_error_high>
    <flux_systematical_error_low>21.7</flux_systematical_error_low>
    <flux_systematical_error_high>21.7</flux_systematical_error_high>
  </DATA>
  <DATA>
    <time_min>2016-08-13T00:00:00</time_min>
    <time_max>2016-09-08T23:59:59</time_max>
    <rigidity_min>1.51</rigidity_min>
    <rigidity_max>1.71</rigidity_max>
    <flux>861.3</flux>
    <flux_statistical_error_low>1.7</flux_statistical_error_low>
    <flux_statistical_error_high>1.7</flux_statistical_error_high>
    <flux_systematical_error_low>22.2</flux_systematical_error_low>
    <flux_systematical_error_high>22.2</flux_systematical_error_high>
  </DATA>
  <DATA>
    <time_min>2016-09-09T00:00:00</time_min>
    <time_max>2016-10-05T23:59:59</time_max>
    <rigidity_min>1.51</rigidity_min>
    <rigidity_max>1.71</rigidity_max>
    <flux>891.0</flux>
    <flux_statistical_error_low>1.8</flux_statistical_error_low>
    <flux_statistical_error_high>1.8</flux_statistical_error_high>
    <flux_systematical_error_low>23.1</flux_systematical_error_low>
    <flux_systematical_error_high>23.1</flux_systematical_error_high>
  </DATA>
  <DATA>
    <time_min>2016-10-06T00:00:00</time_min>
    <time_max>2016-11-01T23:59:59</time_max>
    <rigidity_min>1.51</rigidity_min>
    <rigidity_max>1.71</rigidity_max>
    <flux>934.6</flux>
    <flux_statistical_error_low>1.9</flux_statistical_error_low>
    <flux_statistical_error_high>1.9</flux_statistical_error_high>
    <flux_systematical_error_low>24.3</flux_systematical_error_low>
    <flux_systematical_error_high>24.3</flux_systematical_error_high>
  </DATA>
  <DATA>
    <time_min>2016-11-02T00:00:00</time_min>
    <time_max>2016-11-28T23:59:59</time_max>
    <rigidity_min>1.51</rigidity_min>
    <rigidity_max>1.71</rigidity_max>
    <flux>976.9</flux>
    <flux_statistical_error_low>1.9</flux_statistical_error_low>
    <flux_statistical_error_high>1.9</flux_statistical_error_high>
    <flux_systematical_error_low>25.2</flux_systematical_error_low>
    <flux_systematical_error_high>25.2</flux_systematical_error_high>
  </DATA>
  <DATA>
    <time_min>2016-11-29T00:00:00</time_min>
    <time_max>2016-12-25T23:59:59</time_max>
    <rigidity_min>1.51</rigidity_min>
    <rigidity_max>1.71</rigidity_max>
    <flux>995.0</flux>
    <flux_statistical_error_low>1.9</flux_statistical_error_low>
    <flux_statistical_error_high>1.9</flux_statistical_error_high>
    <flux_systematical_error_low>25.7</flux_systematical_error_low>
    <flux_systematical_error_high>25.7</flux_systematical_error_high>
  </DATA>
  <DATA>
    <time_min>2016-12-26T00:00:00</time_min>
    <time_max>2017-01-21T23:59:59</time_max>
    <rigidity_min>1.51</rigidity_min>
    <rigidity_max>1.71</rigidity_max>
    <flux>1012.0</flux>
    <flux_statistical_error_low>1.9</flux_statistical_error_low>
    <flux_statistical_error_high>1.9</flux_statistical_error_high>
    <flux_systematical_error_low>26.2</flux_systematical_error_low>
    <flux_systematical_error_high>26.2</flux_systematical_error_high>
  </DATA>
  <DATA>
    <time_min>2017-01-22T00:00:00</time_min>
    <time_max>2017-02-17T23:59:59</time_max>
    <rigidity_min>1.51</rigidity_min>
    <rigidity_max>1.71</rigidity_max>
    <flux>1033.3</flux>
    <flux_statistical_error_low>1.9</flux_statistical_error_low>
    <flux_statistical_error_high>1.9</flux_statistical_error_high>
    <flux_systematical_error_low>26.7</flux_systematical_error_low>
    <flux_systematical_error_high>26.7</flux_systematical_error_high>
  </DATA>
  <DATA>
    <time_min>2017-02-18T00:00:00</time_min>
    <time_max>2017-03-16T23:59:59</time_max>
    <rigidity_min>1.51</rigidity_min>
    <rigidity_max>1.71</rigidity_max>
    <flux>1048.5</flux>
    <flux_statistical_error_low>2.2</flux_statistical_error_low>
    <flux_statistical_error_high>2.2</flux_statistical_error_high>
    <flux_systematical_error_low>27.1</flux_systematical_error_low>
    <flux_systematical_error_high>27.1</flux_systematical_error_high>
  </DATA>
  <DATA>
    <time_min>2017-03-17T00:00:00</time_min>
    <time_max>2017-04-12T23:59:59</time_max>
    <rigidity_min>1.51</rigidity_min>
    <rigidity_max>1.71</rigidity_max>
    <flux>1041.8</flux>
    <flux_statistical_error_low>2.1</flux_statistical_error_low>
    <flux_statistical_error_high>2.1</flux_statistical_error_high>
    <flux_systematical_error_low>26.8</flux_systematical_error_low>
    <flux_systematical_error_high>26.8</flux_systematical_error_high>
  </DATA>
  <DATA>
    <time_min>2017-04-13T00:00:00</time_min>
    <time_max>2017-05-09T23:59:59</time_max>
    <rigidity_min>1.51</rigidity_min>
    <rigidity_max>1.71</rigidity_max>
    <flux>1043.2</flux>
    <flux_statistical_error_low>2.1</flux_statistical_error_low>
    <flux_statistical_error_high>2.1</flux_statistical_error_high>
    <flux_systematical_error_low>27.2</flux_systematical_error_low>
    <flux_systematical_error_high>27.2</flux_systematical_error_high>
  </DATA>
</XML>
