<?xml version="1.0" encoding="UTF-8"?>
<XML>
  <!--Data from the SSDC Cosmic Ray Database www.ssdc.asi.it-->
  <!--Before using these data please consult the original publication-->
  <HEADER>
    <PARTICLE>p</PARTICLE>
    <MISSION>AMS-02</MISSION>
    <UNITS>
      <flux>(m^2 s sr GV)^(-1)</flux>
      <rigidity>GV</rigidity>
      <time>UTC</time>
    </UNITS>
    <DOI>10.1103/PhysRevLett.121.051101</DOI>
    <JOURNAL>PRL</JOURNAL>
    <YEAR>2018</YEAR>
    <VOLUME>121</VOLUME>
    <PAGE>051101</PAGE>
    <TITLE>Observation of Fine Time Structures in the Cosmic Proton and Helium Fluxes with the Alpha Magnetic Spectrometer on the International Space Station</TITLE>
    <AUTHORS>Aguilar M., et al.</AUTHORS>
    <!--Columns (variables) listed inside ORIGINAL_COLUMNS are reported in this file as in the original publication. Please always consult the original publication.-->
    <ORIGINAL_COLUMNS>time_min,time_max,rigidity_min,rigidity_max,flux,flux_statistical_error_low,flux_statistical_error_high,flux_systematical_error_low,flux_systematical_error_high</ORIGINAL_COLUMNS>
    <ADS_LINK>null</ADS_LINK>
  </HEADER>
  <DATA>
    <time_min>2011-05-15T00:00:00</time_min>
    <time_max>2011-06-10T23:59:59</time_max>
    <rigidity_min>1.92</rigidity_min>
    <rigidity_max>2.15</rigidity_max>
    <flux>617.9</flux>
    <flux_statistical_error_low>1.7</flux_statistical_error_low>
    <flux_statistical_error_high>1.7</flux_statistical_error_high>
    <flux_systematical_error_low>13.6</flux_systematical_error_low>
    <flux_systematical_error_high>13.6</flux_systematical_error_high>
  </DATA>
  <DATA>
    <time_min>2011-06-11T00:00:00</time_min>
    <time_max>2011-07-07T23:59:59</time_max>
    <rigidity_min>1.92</rigidity_min>
    <rigidity_max>2.15</rigidity_max>
    <flux>583.5</flux>
    <flux_statistical_error_low>1.2</flux_statistical_error_low>
    <flux_statistical_error_high>1.2</flux_statistical_error_high>
    <flux_systematical_error_low>12.6</flux_systematical_error_low>
    <flux_systematical_error_high>12.6</flux_systematical_error_high>
  </DATA>
  <DATA>
    <time_min>2011-07-08T00:00:00</time_min>
    <time_max>2011-08-03T23:59:59</time_max>
    <rigidity_min>1.92</rigidity_min>
    <rigidity_max>2.15</rigidity_max>
    <flux>592.5</flux>
    <flux_statistical_error_low>1.1</flux_statistical_error_low>
    <flux_statistical_error_high>1.1</flux_statistical_error_high>
    <flux_systematical_error_low>12.8</flux_systematical_error_low>
    <flux_systematical_error_high>12.8</flux_systematical_error_high>
  </DATA>
  <DATA>
    <time_min>2011-08-04T00:00:00</time_min>
    <time_max>2011-08-30T23:59:59</time_max>
    <rigidity_min>1.92</rigidity_min>
    <rigidity_max>2.15</rigidity_max>
    <flux>590.6</flux>
    <flux_statistical_error_low>1.1</flux_statistical_error_low>
    <flux_statistical_error_high>1.1</flux_statistical_error_high>
    <flux_systematical_error_low>12.7</flux_systematical_error_low>
    <flux_systematical_error_high>12.7</flux_systematical_error_high>
  </DATA>
  <DATA>
    <time_min>2011-08-31T00:00:00</time_min>
    <time_max>2011-09-26T23:59:59</time_max>
    <rigidity_min>1.92</rigidity_min>
    <rigidity_max>2.15</rigidity_max>
    <flux>597.4</flux>
    <flux_statistical_error_low>1.1</flux_statistical_error_low>
    <flux_statistical_error_high>1.1</flux_statistical_error_high>
    <flux_systematical_error_low>12.8</flux_systematical_error_low>
    <flux_systematical_error_high>12.8</flux_systematical_error_high>
  </DATA>
  <DATA>
    <time_min>2011-09-27T00:00:00</time_min>
    <time_max>2011-10-23T23:59:59</time_max>
    <rigidity_min>1.92</rigidity_min>
    <rigidity_max>2.15</rigidity_max>
    <flux>550.0</flux>
    <flux_statistical_error_low>1.0</flux_statistical_error_low>
    <flux_statistical_error_high>1.0</flux_statistical_error_high>
    <flux_systematical_error_low>11.9</flux_systematical_error_low>
    <flux_systematical_error_high>11.9</flux_systematical_error_high>
  </DATA>
  <DATA>
    <time_min>2011-10-24T00:00:00</time_min>
    <time_max>2011-11-19T23:59:59</time_max>
    <rigidity_min>1.92</rigidity_min>
    <rigidity_max>2.15</rigidity_max>
    <flux>587.8</flux>
    <flux_statistical_error_low>1.0</flux_statistical_error_low>
    <flux_statistical_error_high>1.0</flux_statistical_error_high>
    <flux_systematical_error_low>12.7</flux_systematical_error_low>
    <flux_systematical_error_high>12.7</flux_systematical_error_high>
  </DATA>
  <DATA>
    <time_min>2011-11-20T00:00:00</time_min>
    <time_max>2011-12-16T23:59:59</time_max>
    <rigidity_min>1.92</rigidity_min>
    <rigidity_max>2.15</rigidity_max>
    <flux>612.7</flux>
    <flux_statistical_error_low>1.1</flux_statistical_error_low>
    <flux_statistical_error_high>1.1</flux_statistical_error_high>
    <flux_systematical_error_low>13.2</flux_systematical_error_low>
    <flux_systematical_error_high>13.2</flux_systematical_error_high>
  </DATA>
  <DATA>
    <time_min>2011-12-17T00:00:00</time_min>
    <time_max>2012-01-12T23:59:59</time_max>
    <rigidity_min>1.92</rigidity_min>
    <rigidity_max>2.15</rigidity_max>
    <flux>616.6</flux>
    <flux_statistical_error_low>1.1</flux_statistical_error_low>
    <flux_statistical_error_high>1.1</flux_statistical_error_high>
    <flux_systematical_error_low>13.2</flux_systematical_error_low>
    <flux_systematical_error_high>13.2</flux_systematical_error_high>
  </DATA>
  <DATA>
    <time_min>2012-01-13T00:00:00</time_min>
    <time_max>2012-02-08T23:59:59</time_max>
    <rigidity_min>1.92</rigidity_min>
    <rigidity_max>2.15</rigidity_max>
    <flux>591.0</flux>
    <flux_statistical_error_low>1.1</flux_statistical_error_low>
    <flux_statistical_error_high>1.1</flux_statistical_error_high>
    <flux_systematical_error_low>12.7</flux_systematical_error_low>
    <flux_systematical_error_high>12.7</flux_systematical_error_high>
  </DATA>
  <DATA>
    <time_min>2012-02-09T00:00:00</time_min>
    <time_max>2012-03-06T23:59:59</time_max>
    <rigidity_min>1.92</rigidity_min>
    <rigidity_max>2.15</rigidity_max>
    <flux>579.1</flux>
    <flux_statistical_error_low>1.0</flux_statistical_error_low>
    <flux_statistical_error_high>1.0</flux_statistical_error_high>
    <flux_systematical_error_low>12.4</flux_systematical_error_low>
    <flux_systematical_error_high>12.4</flux_systematical_error_high>
  </DATA>
  <DATA>
    <time_min>2012-03-07T00:00:00</time_min>
    <time_max>2012-04-02T23:59:59</time_max>
    <rigidity_min>1.92</rigidity_min>
    <rigidity_max>2.15</rigidity_max>
    <flux>483.6</flux>
    <flux_statistical_error_low>1.0</flux_statistical_error_low>
    <flux_statistical_error_high>1.0</flux_statistical_error_high>
    <flux_systematical_error_low>10.5</flux_systematical_error_low>
    <flux_systematical_error_high>10.5</flux_systematical_error_high>
  </DATA>
  <DATA>
    <time_min>2012-04-03T00:00:00</time_min>
    <time_max>2012-04-29T23:59:59</time_max>
    <rigidity_min>1.92</rigidity_min>
    <rigidity_max>2.15</rigidity_max>
    <flux>548.7</flux>
    <flux_statistical_error_low>1.0</flux_statistical_error_low>
    <flux_statistical_error_high>1.0</flux_statistical_error_high>
    <flux_systematical_error_low>11.8</flux_systematical_error_low>
    <flux_systematical_error_high>11.8</flux_systematical_error_high>
  </DATA>
  <DATA>
    <time_min>2012-04-30T00:00:00</time_min>
    <time_max>2012-05-26T23:59:59</time_max>
    <rigidity_min>1.92</rigidity_min>
    <rigidity_max>2.15</rigidity_max>
    <flux>571.1</flux>
    <flux_statistical_error_low>1.1</flux_statistical_error_low>
    <flux_statistical_error_high>1.1</flux_statistical_error_high>
    <flux_systematical_error_low>12.3</flux_systematical_error_low>
    <flux_systematical_error_high>12.3</flux_systematical_error_high>
  </DATA>
  <DATA>
    <time_min>2012-05-27T00:00:00</time_min>
    <time_max>2012-06-22T23:59:59</time_max>
    <rigidity_min>1.92</rigidity_min>
    <rigidity_max>2.15</rigidity_max>
    <flux>531.5</flux>
    <flux_statistical_error_low>1.0</flux_statistical_error_low>
    <flux_statistical_error_high>1.0</flux_statistical_error_high>
    <flux_systematical_error_low>11.4</flux_systematical_error_low>
    <flux_systematical_error_high>11.4</flux_systematical_error_high>
  </DATA>
  <DATA>
    <time_min>2012-06-23T00:00:00</time_min>
    <time_max>2012-07-19T23:59:59</time_max>
    <rigidity_min>1.92</rigidity_min>
    <rigidity_max>2.15</rigidity_max>
    <flux>519.3</flux>
    <flux_statistical_error_low>1.0</flux_statistical_error_low>
    <flux_statistical_error_high>1.0</flux_statistical_error_high>
    <flux_systematical_error_low>11.2</flux_systematical_error_low>
    <flux_systematical_error_high>11.2</flux_systematical_error_high>
  </DATA>
  <DATA>
    <time_min>2012-07-20T00:00:00</time_min>
    <time_max>2012-08-15T23:59:59</time_max>
    <rigidity_min>1.92</rigidity_min>
    <rigidity_max>2.15</rigidity_max>
    <flux>444.6</flux>
    <flux_statistical_error_low>0.9</flux_statistical_error_low>
    <flux_statistical_error_high>0.9</flux_statistical_error_high>
    <flux_systematical_error_low>9.6</flux_systematical_error_low>
    <flux_systematical_error_high>9.6</flux_systematical_error_high>
  </DATA>
  <DATA>
    <time_min>2012-08-16T00:00:00</time_min>
    <time_max>2012-09-11T23:59:59</time_max>
    <rigidity_min>1.92</rigidity_min>
    <rigidity_max>2.15</rigidity_max>
    <flux>448.7</flux>
    <flux_statistical_error_low>0.9</flux_statistical_error_low>
    <flux_statistical_error_high>0.9</flux_statistical_error_high>
    <flux_systematical_error_low>9.7</flux_systematical_error_low>
    <flux_systematical_error_high>9.7</flux_systematical_error_high>
  </DATA>
  <DATA>
    <time_min>2012-09-12T00:00:00</time_min>
    <time_max>2012-10-08T23:59:59</time_max>
    <rigidity_min>1.92</rigidity_min>
    <rigidity_max>2.15</rigidity_max>
    <flux>474.6</flux>
    <flux_statistical_error_low>0.9</flux_statistical_error_low>
    <flux_statistical_error_high>0.9</flux_statistical_error_high>
    <flux_systematical_error_low>10.3</flux_systematical_error_low>
    <flux_systematical_error_high>10.3</flux_systematical_error_high>
  </DATA>
  <DATA>
    <time_min>2012-10-09T00:00:00</time_min>
    <time_max>2012-11-04T23:59:59</time_max>
    <rigidity_min>1.92</rigidity_min>
    <rigidity_max>2.15</rigidity_max>
    <flux>451.6</flux>
    <flux_statistical_error_low>0.9</flux_statistical_error_low>
    <flux_statistical_error_high>0.9</flux_statistical_error_high>
    <flux_systematical_error_low>9.8</flux_systematical_error_low>
    <flux_systematical_error_high>9.8</flux_systematical_error_high>
  </DATA>
  <DATA>
    <time_min>2012-11-05T00:00:00</time_min>
    <time_max>2012-12-01T23:59:59</time_max>
    <rigidity_min>1.92</rigidity_min>
    <rigidity_max>2.15</rigidity_max>
    <flux>460.1</flux>
    <flux_statistical_error_low>0.9</flux_statistical_error_low>
    <flux_statistical_error_high>0.9</flux_statistical_error_high>
    <flux_systematical_error_low>9.9</flux_systematical_error_low>
    <flux_systematical_error_high>9.9</flux_systematical_error_high>
  </DATA>
  <DATA>
    <time_min>2012-12-02T00:00:00</time_min>
    <time_max>2012-12-28T23:59:59</time_max>
    <rigidity_min>1.92</rigidity_min>
    <rigidity_max>2.15</rigidity_max>
    <flux>472.6</flux>
    <flux_statistical_error_low>0.9</flux_statistical_error_low>
    <flux_statistical_error_high>0.9</flux_statistical_error_high>
    <flux_systematical_error_low>10.2</flux_systematical_error_low>
    <flux_systematical_error_high>10.2</flux_systematical_error_high>
  </DATA>
  <DATA>
    <time_min>2012-12-29T00:00:00</time_min>
    <time_max>2013-01-24T23:59:59</time_max>
    <rigidity_min>1.92</rigidity_min>
    <rigidity_max>2.15</rigidity_max>
    <flux>498.1</flux>
    <flux_statistical_error_low>0.9</flux_statistical_error_low>
    <flux_statistical_error_high>0.9</flux_statistical_error_high>
    <flux_systematical_error_low>10.7</flux_systematical_error_low>
    <flux_systematical_error_high>10.7</flux_systematical_error_high>
  </DATA>
  <DATA>
    <time_min>2013-01-25T00:00:00</time_min>
    <time_max>2013-02-20T23:59:59</time_max>
    <rigidity_min>1.92</rigidity_min>
    <rigidity_max>2.15</rigidity_max>
    <flux>509.9</flux>
    <flux_statistical_error_low>0.9</flux_statistical_error_low>
    <flux_statistical_error_high>0.9</flux_statistical_error_high>
    <flux_systematical_error_low>11.0</flux_systematical_error_low>
    <flux_systematical_error_high>11.0</flux_systematical_error_high>
  </DATA>
  <DATA>
    <time_min>2013-02-21T00:00:00</time_min>
    <time_max>2013-03-19T23:59:59</time_max>
    <rigidity_min>1.92</rigidity_min>
    <rigidity_max>2.15</rigidity_max>
    <flux>508.5</flux>
    <flux_statistical_error_low>1.0</flux_statistical_error_low>
    <flux_statistical_error_high>1.0</flux_statistical_error_high>
    <flux_systematical_error_low>11.0</flux_systematical_error_low>
    <flux_systematical_error_high>11.0</flux_systematical_error_high>
  </DATA>
  <DATA>
    <time_min>2013-03-20T00:00:00</time_min>
    <time_max>2013-04-15T23:59:59</time_max>
    <rigidity_min>1.92</rigidity_min>
    <rigidity_max>2.15</rigidity_max>
    <flux>478.9</flux>
    <flux_statistical_error_low>0.9</flux_statistical_error_low>
    <flux_statistical_error_high>0.9</flux_statistical_error_high>
    <flux_systematical_error_low>10.3</flux_systematical_error_low>
    <flux_systematical_error_high>10.3</flux_systematical_error_high>
  </DATA>
  <DATA>
    <time_min>2013-04-16T00:00:00</time_min>
    <time_max>2013-05-12T23:59:59</time_max>
    <rigidity_min>1.92</rigidity_min>
    <rigidity_max>2.15</rigidity_max>
    <flux>479.6</flux>
    <flux_statistical_error_low>0.9</flux_statistical_error_low>
    <flux_statistical_error_high>0.9</flux_statistical_error_high>
    <flux_systematical_error_low>10.3</flux_systematical_error_low>
    <flux_systematical_error_high>10.3</flux_systematical_error_high>
  </DATA>
  <DATA>
    <time_min>2013-05-13T00:00:00</time_min>
    <time_max>2013-06-08T23:59:59</time_max>
    <rigidity_min>1.92</rigidity_min>
    <rigidity_max>2.15</rigidity_max>
    <flux>402.7</flux>
    <flux_statistical_error_low>0.9</flux_statistical_error_low>
    <flux_statistical_error_high>0.9</flux_statistical_error_high>
    <flux_systematical_error_low>8.7</flux_systematical_error_low>
    <flux_systematical_error_high>8.7</flux_systematical_error_high>
  </DATA>
  <DATA>
    <time_min>2013-06-09T00:00:00</time_min>
    <time_max>2013-07-05T23:59:59</time_max>
    <rigidity_min>1.92</rigidity_min>
    <rigidity_max>2.15</rigidity_max>
    <flux>399.4</flux>
    <flux_statistical_error_low>0.8</flux_statistical_error_low>
    <flux_statistical_error_high>0.8</flux_statistical_error_high>
    <flux_systematical_error_low>8.6</flux_systematical_error_low>
    <flux_systematical_error_high>8.6</flux_systematical_error_high>
  </DATA>
  <DATA>
    <time_min>2013-07-06T00:00:00</time_min>
    <time_max>2013-08-01T23:59:59</time_max>
    <rigidity_min>1.92</rigidity_min>
    <rigidity_max>2.15</rigidity_max>
    <flux>404.4</flux>
    <flux_statistical_error_low>0.8</flux_statistical_error_low>
    <flux_statistical_error_high>0.8</flux_statistical_error_high>
    <flux_systematical_error_low>8.7</flux_systematical_error_low>
    <flux_systematical_error_high>8.7</flux_systematical_error_high>
  </DATA>
  <DATA>
    <time_min>2013-08-02T00:00:00</time_min>
    <time_max>2013-08-28T23:59:59</time_max>
    <rigidity_min>1.92</rigidity_min>
    <rigidity_max>2.15</rigidity_max>
    <flux>406.3</flux>
    <flux_statistical_error_low>0.8</flux_statistical_error_low>
    <flux_statistical_error_high>0.8</flux_statistical_error_high>
    <flux_systematical_error_low>8.8</flux_systematical_error_low>
    <flux_systematical_error_high>8.8</flux_systematical_error_high>
  </DATA>
  <DATA>
    <time_min>2013-08-29T00:00:00</time_min>
    <time_max>2013-09-24T23:59:59</time_max>
    <rigidity_min>1.92</rigidity_min>
    <rigidity_max>2.15</rigidity_max>
    <flux>386.1</flux>
    <flux_statistical_error_low>0.8</flux_statistical_error_low>
    <flux_statistical_error_high>0.8</flux_statistical_error_high>
    <flux_systematical_error_low>8.4</flux_systematical_error_low>
    <flux_systematical_error_high>8.4</flux_systematical_error_high>
  </DATA>
  <DATA>
    <time_min>2013-09-25T00:00:00</time_min>
    <time_max>2013-10-21T23:59:59</time_max>
    <rigidity_min>1.92</rigidity_min>
    <rigidity_max>2.15</rigidity_max>
    <flux>397.8</flux>
    <flux_statistical_error_low>0.8</flux_statistical_error_low>
    <flux_statistical_error_high>0.8</flux_statistical_error_high>
    <flux_systematical_error_low>8.6</flux_systematical_error_low>
    <flux_systematical_error_high>8.6</flux_systematical_error_high>
  </DATA>
  <DATA>
    <time_min>2013-10-22T00:00:00</time_min>
    <time_max>2013-11-17T23:59:59</time_max>
    <rigidity_min>1.92</rigidity_min>
    <rigidity_max>2.15</rigidity_max>
    <flux>398.0</flux>
    <flux_statistical_error_low>0.9</flux_statistical_error_low>
    <flux_statistical_error_high>0.9</flux_statistical_error_high>
    <flux_systematical_error_low>8.7</flux_systematical_error_low>
    <flux_systematical_error_high>8.7</flux_systematical_error_high>
  </DATA>
  <DATA>
    <time_min>2013-11-18T00:00:00</time_min>
    <time_max>2013-12-14T23:59:59</time_max>
    <rigidity_min>1.92</rigidity_min>
    <rigidity_max>2.15</rigidity_max>
    <flux>391.1</flux>
    <flux_statistical_error_low>0.8</flux_statistical_error_low>
    <flux_statistical_error_high>0.8</flux_statistical_error_high>
    <flux_systematical_error_low>8.5</flux_systematical_error_low>
    <flux_systematical_error_high>8.5</flux_systematical_error_high>
  </DATA>
  <DATA>
    <time_min>2013-12-15T00:00:00</time_min>
    <time_max>2014-01-10T23:59:59</time_max>
    <rigidity_min>1.92</rigidity_min>
    <rigidity_max>2.15</rigidity_max>
    <flux>386.9</flux>
    <flux_statistical_error_low>0.8</flux_statistical_error_low>
    <flux_statistical_error_high>0.8</flux_statistical_error_high>
    <flux_systematical_error_low>8.4</flux_systematical_error_low>
    <flux_systematical_error_high>8.4</flux_systematical_error_high>
  </DATA>
  <DATA>
    <time_min>2014-01-11T00:00:00</time_min>
    <time_max>2014-02-06T23:59:59</time_max>
    <rigidity_min>1.92</rigidity_min>
    <rigidity_max>2.15</rigidity_max>
    <flux>395.1</flux>
    <flux_statistical_error_low>0.8</flux_statistical_error_low>
    <flux_statistical_error_high>0.8</flux_statistical_error_high>
    <flux_systematical_error_low>8.6</flux_systematical_error_low>
    <flux_systematical_error_high>8.6</flux_systematical_error_high>
  </DATA>
  <DATA>
    <time_min>2014-02-07T00:00:00</time_min>
    <time_max>2014-03-05T23:59:59</time_max>
    <rigidity_min>1.92</rigidity_min>
    <rigidity_max>2.15</rigidity_max>
    <flux>364.2</flux>
    <flux_statistical_error_low>0.8</flux_statistical_error_low>
    <flux_statistical_error_high>0.8</flux_statistical_error_high>
    <flux_systematical_error_low>7.9</flux_systematical_error_low>
    <flux_systematical_error_high>7.9</flux_systematical_error_high>
  </DATA>
  <DATA>
    <time_min>2014-03-06T00:00:00</time_min>
    <time_max>2014-04-01T23:59:59</time_max>
    <rigidity_min>1.92</rigidity_min>
    <rigidity_max>2.15</rigidity_max>
    <flux>376.5</flux>
    <flux_statistical_error_low>0.8</flux_statistical_error_low>
    <flux_statistical_error_high>0.8</flux_statistical_error_high>
    <flux_systematical_error_low>8.1</flux_systematical_error_low>
    <flux_systematical_error_high>8.1</flux_systematical_error_high>
  </DATA>
  <DATA>
    <time_min>2014-04-02T00:00:00</time_min>
    <time_max>2014-04-28T23:59:59</time_max>
    <rigidity_min>1.92</rigidity_min>
    <rigidity_max>2.15</rigidity_max>
    <flux>382.5</flux>
    <flux_statistical_error_low>0.8</flux_statistical_error_low>
    <flux_statistical_error_high>0.8</flux_statistical_error_high>
    <flux_systematical_error_low>8.2</flux_systematical_error_low>
    <flux_systematical_error_high>8.2</flux_systematical_error_high>
  </DATA>
  <DATA>
    <time_min>2014-04-29T00:00:00</time_min>
    <time_max>2014-05-25T23:59:59</time_max>
    <rigidity_min>1.92</rigidity_min>
    <rigidity_max>2.15</rigidity_max>
    <flux>410.5</flux>
    <flux_statistical_error_low>0.8</flux_statistical_error_low>
    <flux_statistical_error_high>0.8</flux_statistical_error_high>
    <flux_systematical_error_low>8.9</flux_systematical_error_low>
    <flux_systematical_error_high>8.9</flux_systematical_error_high>
  </DATA>
  <DATA>
    <time_min>2014-05-26T00:00:00</time_min>
    <time_max>2014-06-21T23:59:59</time_max>
    <rigidity_min>1.92</rigidity_min>
    <rigidity_max>2.15</rigidity_max>
    <flux>402.9</flux>
    <flux_statistical_error_low>0.8</flux_statistical_error_low>
    <flux_statistical_error_high>0.8</flux_statistical_error_high>
    <flux_systematical_error_low>8.7</flux_systematical_error_low>
    <flux_systematical_error_high>8.7</flux_systematical_error_high>
  </DATA>
  <DATA>
    <time_min>2014-06-22T00:00:00</time_min>
    <time_max>2014-07-18T23:59:59</time_max>
    <rigidity_min>1.92</rigidity_min>
    <rigidity_max>2.15</rigidity_max>
    <flux>388.8</flux>
    <flux_statistical_error_low>0.8</flux_statistical_error_low>
    <flux_statistical_error_high>0.8</flux_statistical_error_high>
    <flux_systematical_error_low>8.4</flux_systematical_error_low>
    <flux_systematical_error_high>8.4</flux_systematical_error_high>
  </DATA>
  <DATA>
    <time_min>2014-07-19T00:00:00</time_min>
    <time_max>2014-08-14T23:59:59</time_max>
    <rigidity_min>1.92</rigidity_min>
    <rigidity_max>2.15</rigidity_max>
    <flux>423.2</flux>
    <flux_statistical_error_low>0.9</flux_statistical_error_low>
    <flux_statistical_error_high>0.9</flux_statistical_error_high>
    <flux_systematical_error_low>9.1</flux_systematical_error_low>
    <flux_systematical_error_high>9.1</flux_systematical_error_high>
  </DATA>
  <DATA>
    <time_min>2014-08-15T00:00:00</time_min>
    <time_max>2014-09-10T23:59:59</time_max>
    <rigidity_min>1.92</rigidity_min>
    <rigidity_max>2.15</rigidity_max>
    <flux>452.9</flux>
    <flux_statistical_error_low>0.9</flux_statistical_error_low>
    <flux_statistical_error_high>0.9</flux_statistical_error_high>
    <flux_systematical_error_low>9.7</flux_systematical_error_low>
    <flux_systematical_error_high>9.7</flux_systematical_error_high>
  </DATA>
  <DATA>
    <time_min>2014-09-11T00:00:00</time_min>
    <time_max>2014-10-07T23:59:59</time_max>
    <rigidity_min>1.92</rigidity_min>
    <rigidity_max>2.15</rigidity_max>
    <flux>451.3</flux>
    <flux_statistical_error_low>1.1</flux_statistical_error_low>
    <flux_statistical_error_high>1.1</flux_statistical_error_high>
    <flux_systematical_error_low>9.8</flux_systematical_error_low>
    <flux_systematical_error_high>9.8</flux_systematical_error_high>
  </DATA>
  <DATA>
    <time_min>2014-12-01T00:00:00</time_min>
    <time_max>2014-12-27T23:59:59</time_max>
    <rigidity_min>1.92</rigidity_min>
    <rigidity_max>2.15</rigidity_max>
    <flux>451.4</flux>
    <flux_statistical_error_low>0.9</flux_statistical_error_low>
    <flux_statistical_error_high>0.9</flux_statistical_error_high>
    <flux_systematical_error_low>9.7</flux_systematical_error_low>
    <flux_systematical_error_high>9.7</flux_systematical_error_high>
  </DATA>
  <DATA>
    <time_min>2014-12-28T00:00:00</time_min>
    <time_max>2015-01-23T23:59:59</time_max>
    <rigidity_min>1.92</rigidity_min>
    <rigidity_max>2.15</rigidity_max>
    <flux>440.8</flux>
    <flux_statistical_error_low>0.9</flux_statistical_error_low>
    <flux_statistical_error_high>0.9</flux_statistical_error_high>
    <flux_systematical_error_low>9.5</flux_systematical_error_low>
    <flux_systematical_error_high>9.5</flux_systematical_error_high>
  </DATA>
  <DATA>
    <time_min>2015-01-24T00:00:00</time_min>
    <time_max>2015-02-19T23:59:59</time_max>
    <rigidity_min>1.92</rigidity_min>
    <rigidity_max>2.15</rigidity_max>
    <flux>442.8</flux>
    <flux_statistical_error_low>0.9</flux_statistical_error_low>
    <flux_statistical_error_high>0.9</flux_statistical_error_high>
    <flux_systematical_error_low>9.5</flux_systematical_error_low>
    <flux_systematical_error_high>9.5</flux_systematical_error_high>
  </DATA>
  <DATA>
    <time_min>2015-02-20T00:00:00</time_min>
    <time_max>2015-03-18T23:59:59</time_max>
    <rigidity_min>1.92</rigidity_min>
    <rigidity_max>2.15</rigidity_max>
    <flux>420.4</flux>
    <flux_statistical_error_low>0.9</flux_statistical_error_low>
    <flux_statistical_error_high>0.9</flux_statistical_error_high>
    <flux_systematical_error_low>9.0</flux_systematical_error_low>
    <flux_systematical_error_high>9.0</flux_systematical_error_high>
  </DATA>
  <DATA>
    <time_min>2015-03-19T00:00:00</time_min>
    <time_max>2015-04-14T23:59:59</time_max>
    <rigidity_min>1.92</rigidity_min>
    <rigidity_max>2.15</rigidity_max>
    <flux>386.8</flux>
    <flux_statistical_error_low>0.8</flux_statistical_error_low>
    <flux_statistical_error_high>0.8</flux_statistical_error_high>
    <flux_systematical_error_low>8.3</flux_systematical_error_low>
    <flux_systematical_error_high>8.3</flux_systematical_error_high>
  </DATA>
  <DATA>
    <time_min>2015-04-15T00:00:00</time_min>
    <time_max>2015-05-11T23:59:59</time_max>
    <rigidity_min>1.92</rigidity_min>
    <rigidity_max>2.15</rigidity_max>
    <flux>396.7</flux>
    <flux_statistical_error_low>0.8</flux_statistical_error_low>
    <flux_statistical_error_high>0.8</flux_statistical_error_high>
    <flux_systematical_error_low>8.6</flux_systematical_error_low>
    <flux_systematical_error_high>8.6</flux_systematical_error_high>
  </DATA>
  <DATA>
    <time_min>2015-05-12T00:00:00</time_min>
    <time_max>2015-06-07T23:59:59</time_max>
    <rigidity_min>1.92</rigidity_min>
    <rigidity_max>2.15</rigidity_max>
    <flux>445.0</flux>
    <flux_statistical_error_low>0.9</flux_statistical_error_low>
    <flux_statistical_error_high>0.9</flux_statistical_error_high>
    <flux_systematical_error_low>9.6</flux_systematical_error_low>
    <flux_systematical_error_high>9.6</flux_systematical_error_high>
  </DATA>
  <DATA>
    <time_min>2015-06-08T00:00:00</time_min>
    <time_max>2015-07-04T23:59:59</time_max>
    <rigidity_min>1.92</rigidity_min>
    <rigidity_max>2.15</rigidity_max>
    <flux>445.6</flux>
    <flux_statistical_error_low>0.9</flux_statistical_error_low>
    <flux_statistical_error_high>0.9</flux_statistical_error_high>
    <flux_systematical_error_low>9.6</flux_systematical_error_low>
    <flux_systematical_error_high>9.6</flux_systematical_error_high>
  </DATA>
  <DATA>
    <time_min>2015-07-05T00:00:00</time_min>
    <time_max>2015-07-31T23:59:59</time_max>
    <rigidity_min>1.92</rigidity_min>
    <rigidity_max>2.15</rigidity_max>
    <flux>474.0</flux>
    <flux_statistical_error_low>0.9</flux_statistical_error_low>
    <flux_statistical_error_high>0.9</flux_statistical_error_high>
    <flux_systematical_error_low>10.2</flux_systematical_error_low>
    <flux_systematical_error_high>10.2</flux_systematical_error_high>
  </DATA>
  <DATA>
    <time_min>2015-08-01T00:00:00</time_min>
    <time_max>2015-08-27T23:59:59</time_max>
    <rigidity_min>1.92</rigidity_min>
    <rigidity_max>2.15</rigidity_max>
    <flux>488.7</flux>
    <flux_statistical_error_low>1.0</flux_statistical_error_low>
    <flux_statistical_error_high>1.0</flux_statistical_error_high>
    <flux_systematical_error_low>10.5</flux_systematical_error_low>
    <flux_systematical_error_high>10.5</flux_systematical_error_high>
  </DATA>
  <DATA>
    <time_min>2015-08-28T00:00:00</time_min>
    <time_max>2015-09-23T23:59:59</time_max>
    <rigidity_min>1.92</rigidity_min>
    <rigidity_max>2.15</rigidity_max>
    <flux>493.1</flux>
    <flux_statistical_error_low>1.0</flux_statistical_error_low>
    <flux_statistical_error_high>1.0</flux_statistical_error_high>
    <flux_systematical_error_low>10.6</flux_systematical_error_low>
    <flux_systematical_error_high>10.6</flux_systematical_error_high>
  </DATA>
  <DATA>
    <time_min>2015-09-24T00:00:00</time_min>
    <time_max>2015-10-20T23:59:59</time_max>
    <rigidity_min>1.92</rigidity_min>
    <rigidity_max>2.15</rigidity_max>
    <flux>504.2</flux>
    <flux_statistical_error_low>1.0</flux_statistical_error_low>
    <flux_statistical_error_high>1.0</flux_statistical_error_high>
    <flux_systematical_error_low>10.9</flux_systematical_error_low>
    <flux_systematical_error_high>10.9</flux_systematical_error_high>
  </DATA>
  <DATA>
    <time_min>2015-10-21T00:00:00</time_min>
    <time_max>2015-11-16T23:59:59</time_max>
    <rigidity_min>1.92</rigidity_min>
    <rigidity_max>2.15</rigidity_max>
    <flux>512.3</flux>
    <flux_statistical_error_low>1.0</flux_statistical_error_low>
    <flux_statistical_error_high>1.0</flux_statistical_error_high>
    <flux_systematical_error_low>11.0</flux_systematical_error_low>
    <flux_systematical_error_high>11.0</flux_systematical_error_high>
  </DATA>
  <DATA>
    <time_min>2015-11-17T00:00:00</time_min>
    <time_max>2015-12-13T23:59:59</time_max>
    <rigidity_min>1.92</rigidity_min>
    <rigidity_max>2.15</rigidity_max>
    <flux>550.0</flux>
    <flux_statistical_error_low>1.0</flux_statistical_error_low>
    <flux_statistical_error_high>1.0</flux_statistical_error_high>
    <flux_systematical_error_low>11.8</flux_systematical_error_low>
    <flux_systematical_error_high>11.8</flux_systematical_error_high>
  </DATA>
  <DATA>
    <time_min>2015-12-14T00:00:00</time_min>
    <time_max>2016-01-09T23:59:59</time_max>
    <rigidity_min>1.92</rigidity_min>
    <rigidity_max>2.15</rigidity_max>
    <flux>568.4</flux>
    <flux_statistical_error_low>1.0</flux_statistical_error_low>
    <flux_statistical_error_high>1.0</flux_statistical_error_high>
    <flux_systematical_error_low>12.2</flux_systematical_error_low>
    <flux_systematical_error_high>12.2</flux_systematical_error_high>
  </DATA>
  <DATA>
    <time_min>2016-01-10T00:00:00</time_min>
    <time_max>2016-02-05T23:59:59</time_max>
    <rigidity_min>1.92</rigidity_min>
    <rigidity_max>2.15</rigidity_max>
    <flux>600.9</flux>
    <flux_statistical_error_low>1.1</flux_statistical_error_low>
    <flux_statistical_error_high>1.1</flux_statistical_error_high>
    <flux_systematical_error_low>12.9</flux_systematical_error_low>
    <flux_systematical_error_high>12.9</flux_systematical_error_high>
  </DATA>
  <DATA>
    <time_min>2016-02-06T00:00:00</time_min>
    <time_max>2016-03-03T23:59:59</time_max>
    <rigidity_min>1.92</rigidity_min>
    <rigidity_max>2.15</rigidity_max>
    <flux>617.3</flux>
    <flux_statistical_error_low>1.1</flux_statistical_error_low>
    <flux_statistical_error_high>1.1</flux_statistical_error_high>
    <flux_systematical_error_low>13.2</flux_systematical_error_low>
    <flux_systematical_error_high>13.2</flux_systematical_error_high>
  </DATA>
  <DATA>
    <time_min>2016-03-04T00:00:00</time_min>
    <time_max>2016-03-30T23:59:59</time_max>
    <rigidity_min>1.92</rigidity_min>
    <rigidity_max>2.15</rigidity_max>
    <flux>625.9</flux>
    <flux_statistical_error_low>1.1</flux_statistical_error_low>
    <flux_statistical_error_high>1.1</flux_statistical_error_high>
    <flux_systematical_error_low>13.5</flux_systematical_error_low>
    <flux_systematical_error_high>13.5</flux_systematical_error_high>
  </DATA>
  <DATA>
    <time_min>2016-03-31T00:00:00</time_min>
    <time_max>2016-04-26T23:59:59</time_max>
    <rigidity_min>1.92</rigidity_min>
    <rigidity_max>2.15</rigidity_max>
    <flux>630.1</flux>
    <flux_statistical_error_low>1.1</flux_statistical_error_low>
    <flux_statistical_error_high>1.1</flux_statistical_error_high>
    <flux_systematical_error_low>13.5</flux_systematical_error_low>
    <flux_systematical_error_high>13.5</flux_systematical_error_high>
  </DATA>
  <DATA>
    <time_min>2016-04-27T00:00:00</time_min>
    <time_max>2016-05-23T23:59:59</time_max>
    <rigidity_min>1.92</rigidity_min>
    <rigidity_max>2.15</rigidity_max>
    <flux>641.0</flux>
    <flux_statistical_error_low>1.2</flux_statistical_error_low>
    <flux_statistical_error_high>1.2</flux_statistical_error_high>
    <flux_systematical_error_low>13.8</flux_systematical_error_low>
    <flux_systematical_error_high>13.8</flux_systematical_error_high>
  </DATA>
  <DATA>
    <time_min>2016-05-24T00:00:00</time_min>
    <time_max>2016-06-19T23:59:59</time_max>
    <rigidity_min>1.92</rigidity_min>
    <rigidity_max>2.15</rigidity_max>
    <flux>668.3</flux>
    <flux_statistical_error_low>1.1</flux_statistical_error_low>
    <flux_statistical_error_high>1.1</flux_statistical_error_high>
    <flux_systematical_error_low>14.3</flux_systematical_error_low>
    <flux_systematical_error_high>14.3</flux_systematical_error_high>
  </DATA>
  <DATA>
    <time_min>2016-06-20T00:00:00</time_min>
    <time_max>2016-07-16T23:59:59</time_max>
    <rigidity_min>1.92</rigidity_min>
    <rigidity_max>2.15</rigidity_max>
    <flux>662.2</flux>
    <flux_statistical_error_low>1.1</flux_statistical_error_low>
    <flux_statistical_error_high>1.1</flux_statistical_error_high>
    <flux_systematical_error_low>14.2</flux_systematical_error_low>
    <flux_systematical_error_high>14.2</flux_systematical_error_high>
  </DATA>
  <DATA>
    <time_min>2016-07-17T00:00:00</time_min>
    <time_max>2016-08-12T23:59:59</time_max>
    <rigidity_min>1.92</rigidity_min>
    <rigidity_max>2.15</rigidity_max>
    <flux>661.5</flux>
    <flux_statistical_error_low>1.1</flux_statistical_error_low>
    <flux_statistical_error_high>1.1</flux_statistical_error_high>
    <flux_systematical_error_low>14.2</flux_systematical_error_low>
    <flux_systematical_error_high>14.2</flux_systematical_error_high>
  </DATA>
  <DATA>
    <time_min>2016-08-13T00:00:00</time_min>
    <time_max>2016-09-08T23:59:59</time_max>
    <rigidity_min>1.92</rigidity_min>
    <rigidity_max>2.15</rigidity_max>
    <flux>682.0</flux>
    <flux_statistical_error_low>1.2</flux_statistical_error_low>
    <flux_statistical_error_high>1.2</flux_statistical_error_high>
    <flux_systematical_error_low>14.5</flux_systematical_error_low>
    <flux_systematical_error_high>14.5</flux_systematical_error_high>
  </DATA>
  <DATA>
    <time_min>2016-09-09T00:00:00</time_min>
    <time_max>2016-10-05T23:59:59</time_max>
    <rigidity_min>1.92</rigidity_min>
    <rigidity_max>2.15</rigidity_max>
    <flux>698.9</flux>
    <flux_statistical_error_low>1.2</flux_statistical_error_low>
    <flux_statistical_error_high>1.2</flux_statistical_error_high>
    <flux_systematical_error_low>15.0</flux_systematical_error_low>
    <flux_systematical_error_high>15.0</flux_systematical_error_high>
  </DATA>
  <DATA>
    <time_min>2016-10-06T00:00:00</time_min>
    <time_max>2016-11-01T23:59:59</time_max>
    <rigidity_min>1.92</rigidity_min>
    <rigidity_max>2.15</rigidity_max>
    <flux>725.1</flux>
    <flux_statistical_error_low>1.3</flux_statistical_error_low>
    <flux_statistical_error_high>1.3</flux_statistical_error_high>
    <flux_systematical_error_low>15.6</flux_systematical_error_low>
    <flux_systematical_error_high>15.6</flux_systematical_error_high>
  </DATA>
  <DATA>
    <time_min>2016-11-02T00:00:00</time_min>
    <time_max>2016-11-28T23:59:59</time_max>
    <rigidity_min>1.92</rigidity_min>
    <rigidity_max>2.15</rigidity_max>
    <flux>751.8</flux>
    <flux_statistical_error_low>1.3</flux_statistical_error_low>
    <flux_statistical_error_high>1.3</flux_statistical_error_high>
    <flux_systematical_error_low>16.1</flux_systematical_error_low>
    <flux_systematical_error_high>16.1</flux_systematical_error_high>
  </DATA>
  <DATA>
    <time_min>2016-11-29T00:00:00</time_min>
    <time_max>2016-12-25T23:59:59</time_max>
    <rigidity_min>1.92</rigidity_min>
    <rigidity_max>2.15</rigidity_max>
    <flux>761.0</flux>
    <flux_statistical_error_low>1.3</flux_statistical_error_low>
    <flux_statistical_error_high>1.3</flux_statistical_error_high>
    <flux_systematical_error_low>16.3</flux_systematical_error_low>
    <flux_systematical_error_high>16.3</flux_systematical_error_high>
  </DATA>
  <DATA>
    <time_min>2016-12-26T00:00:00</time_min>
    <time_max>2017-01-21T23:59:59</time_max>
    <rigidity_min>1.92</rigidity_min>
    <rigidity_max>2.15</rigidity_max>
    <flux>769.5</flux>
    <flux_statistical_error_low>1.3</flux_statistical_error_low>
    <flux_statistical_error_high>1.3</flux_statistical_error_high>
    <flux_systematical_error_low>16.5</flux_systematical_error_low>
    <flux_systematical_error_high>16.5</flux_systematical_error_high>
  </DATA>
  <DATA>
    <time_min>2017-01-22T00:00:00</time_min>
    <time_max>2017-02-17T23:59:59</time_max>
    <rigidity_min>1.92</rigidity_min>
    <rigidity_max>2.15</rigidity_max>
    <flux>784.3</flux>
    <flux_statistical_error_low>1.3</flux_statistical_error_low>
    <flux_statistical_error_high>1.3</flux_statistical_error_high>
    <flux_systematical_error_low>16.8</flux_systematical_error_low>
    <flux_systematical_error_high>16.8</flux_systematical_error_high>
  </DATA>
  <DATA>
    <time_min>2017-02-18T00:00:00</time_min>
    <time_max>2017-03-16T23:59:59</time_max>
    <rigidity_min>1.92</rigidity_min>
    <rigidity_max>2.15</rigidity_max>
    <flux>793.3</flux>
    <flux_statistical_error_low>1.5</flux_statistical_error_low>
    <flux_statistical_error_high>1.5</flux_statistical_error_high>
    <flux_systematical_error_low>17.0</flux_systematical_error_low>
    <flux_systematical_error_high>17.0</flux_systematical_error_high>
  </DATA>
  <DATA>
    <time_min>2017-03-17T00:00:00</time_min>
    <time_max>2017-04-12T23:59:59</time_max>
    <rigidity_min>1.92</rigidity_min>
    <rigidity_max>2.15</rigidity_max>
    <flux>783.8</flux>
    <flux_statistical_error_low>1.4</flux_statistical_error_low>
    <flux_statistical_error_high>1.4</flux_statistical_error_high>
    <flux_systematical_error_low>16.7</flux_systematical_error_low>
    <flux_systematical_error_high>16.7</flux_systematical_error_high>
  </DATA>
  <DATA>
    <time_min>2017-04-13T00:00:00</time_min>
    <time_max>2017-05-09T23:59:59</time_max>
    <rigidity_min>1.92</rigidity_min>
    <rigidity_max>2.15</rigidity_max>
    <flux>782.3</flux>
    <flux_statistical_error_low>1.4</flux_statistical_error_low>
    <flux_statistical_error_high>1.4</flux_statistical_error_high>
    <flux_systematical_error_low>16.8</flux_systematical_error_low>
    <flux_systematical_error_high>16.8</flux_systematical_error_high>
  </DATA>
</XML>
