<?xml version="1.0" encoding="UTF-8"?>
<XML>
  <!--Data from the SSDC Cosmic Ray Database www.ssdc.asi.it-->
  <!--Before using these data please consult the original publication-->
  <HEADER>
    <PARTICLE>p</PARTICLE>
    <MISSION>AMS-02</MISSION>
    <UNITS>
      <flux>(m^2 s sr GV)^(-1)</flux>
      <rigidity>GV</rigidity>
      <time>UTC</time>
    </UNITS>
    <DOI>10.1103/PhysRevLett.121.051101</DOI>
    <JOURNAL>PRL</JOURNAL>
    <YEAR>2018</YEAR>
    <VOLUME>121</VOLUME>
    <PAGE>051101</PAGE>
    <TITLE>Observation of Fine Time Structures in the Cosmic Proton and Helium Fluxes with the Alpha Magnetic Spectrometer on the International Space Station</TITLE>
    <AUTHORS>Aguilar M., et al.</AUTHORS>
    <!--Columns (variables) listed inside ORIGINAL_COLUMNS are reported in this file as in the original publication. Please always consult the original publication.-->
    <ORIGINAL_COLUMNS>time_min,time_max,rigidity_min,rigidity_max,flux,flux_statistical_error_low,flux_statistical_error_high,flux_systematical_error_low,flux_systematical_error_high</ORIGINAL_COLUMNS>
    <ADS_LINK>null</ADS_LINK>
  </HEADER>
  <DATA>
    <time_min>2011-05-15T00:00:00</time_min>
    <time_max>2011-06-10T23:59:59</time_max>
    <rigidity_min>38.9</rigidity_min>
    <rigidity_max>41.9</rigidity_max>
    <flux>0.5775</flux>
    <flux_statistical_error_low>0.0033</flux_statistical_error_low>
    <flux_statistical_error_high>0.0033</flux_statistical_error_high>
    <flux_systematical_error_low>0.0094</flux_systematical_error_low>
    <flux_systematical_error_high>0.0094</flux_systematical_error_high>
  </DATA>
  <DATA>
    <time_min>2011-06-11T00:00:00</time_min>
    <time_max>2011-07-07T23:59:59</time_max>
    <rigidity_min>38.9</rigidity_min>
    <rigidity_max>41.9</rigidity_max>
    <flux>0.5796</flux>
    <flux_statistical_error_low>0.0026</flux_statistical_error_low>
    <flux_statistical_error_high>0.0026</flux_statistical_error_high>
    <flux_systematical_error_low>0.0092</flux_systematical_error_low>
    <flux_systematical_error_high>0.0092</flux_systematical_error_high>
  </DATA>
  <DATA>
    <time_min>2011-07-08T00:00:00</time_min>
    <time_max>2011-08-03T23:59:59</time_max>
    <rigidity_min>38.9</rigidity_min>
    <rigidity_max>41.9</rigidity_max>
    <flux>0.5763</flux>
    <flux_statistical_error_low>0.0024</flux_statistical_error_low>
    <flux_statistical_error_high>0.0024</flux_statistical_error_high>
    <flux_systematical_error_low>0.0092</flux_systematical_error_low>
    <flux_systematical_error_high>0.0092</flux_systematical_error_high>
  </DATA>
  <DATA>
    <time_min>2011-08-04T00:00:00</time_min>
    <time_max>2011-08-30T23:59:59</time_max>
    <rigidity_min>38.9</rigidity_min>
    <rigidity_max>41.9</rigidity_max>
    <flux>0.5782</flux>
    <flux_statistical_error_low>0.0023</flux_statistical_error_low>
    <flux_statistical_error_high>0.0023</flux_statistical_error_high>
    <flux_systematical_error_low>0.0091</flux_systematical_error_low>
    <flux_systematical_error_high>0.0091</flux_systematical_error_high>
  </DATA>
  <DATA>
    <time_min>2011-08-31T00:00:00</time_min>
    <time_max>2011-09-26T23:59:59</time_max>
    <rigidity_min>38.9</rigidity_min>
    <rigidity_max>41.9</rigidity_max>
    <flux>0.5784</flux>
    <flux_statistical_error_low>0.0022</flux_statistical_error_low>
    <flux_statistical_error_high>0.0022</flux_statistical_error_high>
    <flux_systematical_error_low>0.0090</flux_systematical_error_low>
    <flux_systematical_error_high>0.0090</flux_systematical_error_high>
  </DATA>
  <DATA>
    <time_min>2011-09-27T00:00:00</time_min>
    <time_max>2011-10-23T23:59:59</time_max>
    <rigidity_min>38.9</rigidity_min>
    <rigidity_max>41.9</rigidity_max>
    <flux>0.5744</flux>
    <flux_statistical_error_low>0.0022</flux_statistical_error_low>
    <flux_statistical_error_high>0.0022</flux_statistical_error_high>
    <flux_systematical_error_low>0.0090</flux_systematical_error_low>
    <flux_systematical_error_high>0.0090</flux_systematical_error_high>
  </DATA>
  <DATA>
    <time_min>2011-10-24T00:00:00</time_min>
    <time_max>2011-11-19T23:59:59</time_max>
    <rigidity_min>38.9</rigidity_min>
    <rigidity_max>41.9</rigidity_max>
    <flux>0.5755</flux>
    <flux_statistical_error_low>0.0022</flux_statistical_error_low>
    <flux_statistical_error_high>0.0022</flux_statistical_error_high>
    <flux_systematical_error_low>0.0090</flux_systematical_error_low>
    <flux_systematical_error_high>0.0090</flux_systematical_error_high>
  </DATA>
  <DATA>
    <time_min>2011-11-20T00:00:00</time_min>
    <time_max>2011-12-16T23:59:59</time_max>
    <rigidity_min>38.9</rigidity_min>
    <rigidity_max>41.9</rigidity_max>
    <flux>0.5801</flux>
    <flux_statistical_error_low>0.0023</flux_statistical_error_low>
    <flux_statistical_error_high>0.0023</flux_statistical_error_high>
    <flux_systematical_error_low>0.0091</flux_systematical_error_low>
    <flux_systematical_error_high>0.0091</flux_systematical_error_high>
  </DATA>
  <DATA>
    <time_min>2011-12-17T00:00:00</time_min>
    <time_max>2012-01-12T23:59:59</time_max>
    <rigidity_min>38.9</rigidity_min>
    <rigidity_max>41.9</rigidity_max>
    <flux>0.5782</flux>
    <flux_statistical_error_low>0.0023</flux_statistical_error_low>
    <flux_statistical_error_high>0.0023</flux_statistical_error_high>
    <flux_systematical_error_low>0.0090</flux_systematical_error_low>
    <flux_systematical_error_high>0.0090</flux_systematical_error_high>
  </DATA>
  <DATA>
    <time_min>2012-01-13T00:00:00</time_min>
    <time_max>2012-02-08T23:59:59</time_max>
    <rigidity_min>38.9</rigidity_min>
    <rigidity_max>41.9</rigidity_max>
    <flux>0.5744</flux>
    <flux_statistical_error_low>0.0023</flux_statistical_error_low>
    <flux_statistical_error_high>0.0023</flux_statistical_error_high>
    <flux_systematical_error_low>0.0089</flux_systematical_error_low>
    <flux_systematical_error_high>0.0089</flux_systematical_error_high>
  </DATA>
  <DATA>
    <time_min>2012-02-09T00:00:00</time_min>
    <time_max>2012-03-06T23:59:59</time_max>
    <rigidity_min>38.9</rigidity_min>
    <rigidity_max>41.9</rigidity_max>
    <flux>0.5761</flux>
    <flux_statistical_error_low>0.0023</flux_statistical_error_low>
    <flux_statistical_error_high>0.0023</flux_statistical_error_high>
    <flux_systematical_error_low>0.0089</flux_systematical_error_low>
    <flux_systematical_error_high>0.0089</flux_systematical_error_high>
  </DATA>
  <DATA>
    <time_min>2012-03-07T00:00:00</time_min>
    <time_max>2012-04-02T23:59:59</time_max>
    <rigidity_min>38.9</rigidity_min>
    <rigidity_max>41.9</rigidity_max>
    <flux>0.5732</flux>
    <flux_statistical_error_low>0.0023</flux_statistical_error_low>
    <flux_statistical_error_high>0.0023</flux_statistical_error_high>
    <flux_systematical_error_low>0.0091</flux_systematical_error_low>
    <flux_systematical_error_high>0.0091</flux_systematical_error_high>
  </DATA>
  <DATA>
    <time_min>2012-04-03T00:00:00</time_min>
    <time_max>2012-04-29T23:59:59</time_max>
    <rigidity_min>38.9</rigidity_min>
    <rigidity_max>41.9</rigidity_max>
    <flux>0.5788</flux>
    <flux_statistical_error_low>0.0023</flux_statistical_error_low>
    <flux_statistical_error_high>0.0023</flux_statistical_error_high>
    <flux_systematical_error_low>0.0090</flux_systematical_error_low>
    <flux_systematical_error_high>0.0090</flux_systematical_error_high>
  </DATA>
  <DATA>
    <time_min>2012-04-30T00:00:00</time_min>
    <time_max>2012-05-26T23:59:59</time_max>
    <rigidity_min>38.9</rigidity_min>
    <rigidity_max>41.9</rigidity_max>
    <flux>0.5789</flux>
    <flux_statistical_error_low>0.0023</flux_statistical_error_low>
    <flux_statistical_error_high>0.0023</flux_statistical_error_high>
    <flux_systematical_error_low>0.0091</flux_systematical_error_low>
    <flux_systematical_error_high>0.0091</flux_systematical_error_high>
  </DATA>
  <DATA>
    <time_min>2012-05-27T00:00:00</time_min>
    <time_max>2012-06-22T23:59:59</time_max>
    <rigidity_min>38.9</rigidity_min>
    <rigidity_max>41.9</rigidity_max>
    <flux>0.5787</flux>
    <flux_statistical_error_low>0.0023</flux_statistical_error_low>
    <flux_statistical_error_high>0.0023</flux_statistical_error_high>
    <flux_systematical_error_low>0.0091</flux_systematical_error_low>
    <flux_systematical_error_high>0.0091</flux_systematical_error_high>
  </DATA>
  <DATA>
    <time_min>2012-06-23T00:00:00</time_min>
    <time_max>2012-07-19T23:59:59</time_max>
    <rigidity_min>38.9</rigidity_min>
    <rigidity_max>41.9</rigidity_max>
    <flux>0.5728</flux>
    <flux_statistical_error_low>0.0023</flux_statistical_error_low>
    <flux_statistical_error_high>0.0023</flux_statistical_error_high>
    <flux_systematical_error_low>0.0089</flux_systematical_error_low>
    <flux_systematical_error_high>0.0089</flux_systematical_error_high>
  </DATA>
  <DATA>
    <time_min>2012-07-20T00:00:00</time_min>
    <time_max>2012-08-15T23:59:59</time_max>
    <rigidity_min>38.9</rigidity_min>
    <rigidity_max>41.9</rigidity_max>
    <flux>0.5769</flux>
    <flux_statistical_error_low>0.0023</flux_statistical_error_low>
    <flux_statistical_error_high>0.0023</flux_statistical_error_high>
    <flux_systematical_error_low>0.0089</flux_systematical_error_low>
    <flux_systematical_error_high>0.0089</flux_systematical_error_high>
  </DATA>
  <DATA>
    <time_min>2012-08-16T00:00:00</time_min>
    <time_max>2012-09-11T23:59:59</time_max>
    <rigidity_min>38.9</rigidity_min>
    <rigidity_max>41.9</rigidity_max>
    <flux>0.5778</flux>
    <flux_statistical_error_low>0.0023</flux_statistical_error_low>
    <flux_statistical_error_high>0.0023</flux_statistical_error_high>
    <flux_systematical_error_low>0.0091</flux_systematical_error_low>
    <flux_systematical_error_high>0.0091</flux_systematical_error_high>
  </DATA>
  <DATA>
    <time_min>2012-09-12T00:00:00</time_min>
    <time_max>2012-10-08T23:59:59</time_max>
    <rigidity_min>38.9</rigidity_min>
    <rigidity_max>41.9</rigidity_max>
    <flux>0.5787</flux>
    <flux_statistical_error_low>0.0023</flux_statistical_error_low>
    <flux_statistical_error_high>0.0023</flux_statistical_error_high>
    <flux_systematical_error_low>0.0090</flux_systematical_error_low>
    <flux_systematical_error_high>0.0090</flux_systematical_error_high>
  </DATA>
  <DATA>
    <time_min>2012-10-09T00:00:00</time_min>
    <time_max>2012-11-04T23:59:59</time_max>
    <rigidity_min>38.9</rigidity_min>
    <rigidity_max>41.9</rigidity_max>
    <flux>0.5754</flux>
    <flux_statistical_error_low>0.0023</flux_statistical_error_low>
    <flux_statistical_error_high>0.0023</flux_statistical_error_high>
    <flux_systematical_error_low>0.0090</flux_systematical_error_low>
    <flux_systematical_error_high>0.0090</flux_systematical_error_high>
  </DATA>
  <DATA>
    <time_min>2012-11-05T00:00:00</time_min>
    <time_max>2012-12-01T23:59:59</time_max>
    <rigidity_min>38.9</rigidity_min>
    <rigidity_max>41.9</rigidity_max>
    <flux>0.5774</flux>
    <flux_statistical_error_low>0.0023</flux_statistical_error_low>
    <flux_statistical_error_high>0.0023</flux_statistical_error_high>
    <flux_systematical_error_low>0.0091</flux_systematical_error_low>
    <flux_systematical_error_high>0.0091</flux_systematical_error_high>
  </DATA>
  <DATA>
    <time_min>2012-12-02T00:00:00</time_min>
    <time_max>2012-12-28T23:59:59</time_max>
    <rigidity_min>38.9</rigidity_min>
    <rigidity_max>41.9</rigidity_max>
    <flux>0.5762</flux>
    <flux_statistical_error_low>0.0023</flux_statistical_error_low>
    <flux_statistical_error_high>0.0023</flux_statistical_error_high>
    <flux_systematical_error_low>0.0091</flux_systematical_error_low>
    <flux_systematical_error_high>0.0091</flux_systematical_error_high>
  </DATA>
  <DATA>
    <time_min>2012-12-29T00:00:00</time_min>
    <time_max>2013-01-24T23:59:59</time_max>
    <rigidity_min>38.9</rigidity_min>
    <rigidity_max>41.9</rigidity_max>
    <flux>0.5754</flux>
    <flux_statistical_error_low>0.0023</flux_statistical_error_low>
    <flux_statistical_error_high>0.0023</flux_statistical_error_high>
    <flux_systematical_error_low>0.0090</flux_systematical_error_low>
    <flux_systematical_error_high>0.0090</flux_systematical_error_high>
  </DATA>
  <DATA>
    <time_min>2013-01-25T00:00:00</time_min>
    <time_max>2013-02-20T23:59:59</time_max>
    <rigidity_min>38.9</rigidity_min>
    <rigidity_max>41.9</rigidity_max>
    <flux>0.5784</flux>
    <flux_statistical_error_low>0.0023</flux_statistical_error_low>
    <flux_statistical_error_high>0.0023</flux_statistical_error_high>
    <flux_systematical_error_low>0.0090</flux_systematical_error_low>
    <flux_systematical_error_high>0.0090</flux_systematical_error_high>
  </DATA>
  <DATA>
    <time_min>2013-02-21T00:00:00</time_min>
    <time_max>2013-03-19T23:59:59</time_max>
    <rigidity_min>38.9</rigidity_min>
    <rigidity_max>41.9</rigidity_max>
    <flux>0.5778</flux>
    <flux_statistical_error_low>0.0023</flux_statistical_error_low>
    <flux_statistical_error_high>0.0023</flux_statistical_error_high>
    <flux_systematical_error_low>0.0091</flux_systematical_error_low>
    <flux_systematical_error_high>0.0091</flux_systematical_error_high>
  </DATA>
  <DATA>
    <time_min>2013-03-20T00:00:00</time_min>
    <time_max>2013-04-15T23:59:59</time_max>
    <rigidity_min>38.9</rigidity_min>
    <rigidity_max>41.9</rigidity_max>
    <flux>0.5775</flux>
    <flux_statistical_error_low>0.0023</flux_statistical_error_low>
    <flux_statistical_error_high>0.0023</flux_statistical_error_high>
    <flux_systematical_error_low>0.0090</flux_systematical_error_low>
    <flux_systematical_error_high>0.0090</flux_systematical_error_high>
  </DATA>
  <DATA>
    <time_min>2013-04-16T00:00:00</time_min>
    <time_max>2013-05-12T23:59:59</time_max>
    <rigidity_min>38.9</rigidity_min>
    <rigidity_max>41.9</rigidity_max>
    <flux>0.5736</flux>
    <flux_statistical_error_low>0.0023</flux_statistical_error_low>
    <flux_statistical_error_high>0.0023</flux_statistical_error_high>
    <flux_systematical_error_low>0.0089</flux_systematical_error_low>
    <flux_systematical_error_high>0.0089</flux_systematical_error_high>
  </DATA>
  <DATA>
    <time_min>2013-05-13T00:00:00</time_min>
    <time_max>2013-06-08T23:59:59</time_max>
    <rigidity_min>38.9</rigidity_min>
    <rigidity_max>41.9</rigidity_max>
    <flux>0.5733</flux>
    <flux_statistical_error_low>0.0023</flux_statistical_error_low>
    <flux_statistical_error_high>0.0023</flux_statistical_error_high>
    <flux_systematical_error_low>0.0091</flux_systematical_error_low>
    <flux_systematical_error_high>0.0091</flux_systematical_error_high>
  </DATA>
  <DATA>
    <time_min>2013-06-09T00:00:00</time_min>
    <time_max>2013-07-05T23:59:59</time_max>
    <rigidity_min>38.9</rigidity_min>
    <rigidity_max>41.9</rigidity_max>
    <flux>0.5738</flux>
    <flux_statistical_error_low>0.0023</flux_statistical_error_low>
    <flux_statistical_error_high>0.0023</flux_statistical_error_high>
    <flux_systematical_error_low>0.0090</flux_systematical_error_low>
    <flux_systematical_error_high>0.0090</flux_systematical_error_high>
  </DATA>
  <DATA>
    <time_min>2013-07-06T00:00:00</time_min>
    <time_max>2013-08-01T23:59:59</time_max>
    <rigidity_min>38.9</rigidity_min>
    <rigidity_max>41.9</rigidity_max>
    <flux>0.5744</flux>
    <flux_statistical_error_low>0.0023</flux_statistical_error_low>
    <flux_statistical_error_high>0.0023</flux_statistical_error_high>
    <flux_systematical_error_low>0.0089</flux_systematical_error_low>
    <flux_systematical_error_high>0.0089</flux_systematical_error_high>
  </DATA>
  <DATA>
    <time_min>2013-08-02T00:00:00</time_min>
    <time_max>2013-08-28T23:59:59</time_max>
    <rigidity_min>38.9</rigidity_min>
    <rigidity_max>41.9</rigidity_max>
    <flux>0.5721</flux>
    <flux_statistical_error_low>0.0023</flux_statistical_error_low>
    <flux_statistical_error_high>0.0023</flux_statistical_error_high>
    <flux_systematical_error_low>0.0089</flux_systematical_error_low>
    <flux_systematical_error_high>0.0089</flux_systematical_error_high>
  </DATA>
  <DATA>
    <time_min>2013-08-29T00:00:00</time_min>
    <time_max>2013-09-24T23:59:59</time_max>
    <rigidity_min>38.9</rigidity_min>
    <rigidity_max>41.9</rigidity_max>
    <flux>0.5775</flux>
    <flux_statistical_error_low>0.0023</flux_statistical_error_low>
    <flux_statistical_error_high>0.0023</flux_statistical_error_high>
    <flux_systematical_error_low>0.0090</flux_systematical_error_low>
    <flux_systematical_error_high>0.0090</flux_systematical_error_high>
  </DATA>
  <DATA>
    <time_min>2013-09-25T00:00:00</time_min>
    <time_max>2013-10-21T23:59:59</time_max>
    <rigidity_min>38.9</rigidity_min>
    <rigidity_max>41.9</rigidity_max>
    <flux>0.5757</flux>
    <flux_statistical_error_low>0.0023</flux_statistical_error_low>
    <flux_statistical_error_high>0.0023</flux_statistical_error_high>
    <flux_systematical_error_low>0.0090</flux_systematical_error_low>
    <flux_systematical_error_high>0.0090</flux_systematical_error_high>
  </DATA>
  <DATA>
    <time_min>2013-10-22T00:00:00</time_min>
    <time_max>2013-11-17T23:59:59</time_max>
    <rigidity_min>38.9</rigidity_min>
    <rigidity_max>41.9</rigidity_max>
    <flux>0.5826</flux>
    <flux_statistical_error_low>0.0025</flux_statistical_error_low>
    <flux_statistical_error_high>0.0025</flux_statistical_error_high>
    <flux_systematical_error_low>0.0092</flux_systematical_error_low>
    <flux_systematical_error_high>0.0092</flux_systematical_error_high>
  </DATA>
  <DATA>
    <time_min>2013-11-18T00:00:00</time_min>
    <time_max>2013-12-14T23:59:59</time_max>
    <rigidity_min>38.9</rigidity_min>
    <rigidity_max>41.9</rigidity_max>
    <flux>0.5751</flux>
    <flux_statistical_error_low>0.0023</flux_statistical_error_low>
    <flux_statistical_error_high>0.0023</flux_statistical_error_high>
    <flux_systematical_error_low>0.0091</flux_systematical_error_low>
    <flux_systematical_error_high>0.0091</flux_systematical_error_high>
  </DATA>
  <DATA>
    <time_min>2013-12-15T00:00:00</time_min>
    <time_max>2014-01-10T23:59:59</time_max>
    <rigidity_min>38.9</rigidity_min>
    <rigidity_max>41.9</rigidity_max>
    <flux>0.5752</flux>
    <flux_statistical_error_low>0.0022</flux_statistical_error_low>
    <flux_statistical_error_high>0.0022</flux_statistical_error_high>
    <flux_systematical_error_low>0.0090</flux_systematical_error_low>
    <flux_systematical_error_high>0.0090</flux_systematical_error_high>
  </DATA>
  <DATA>
    <time_min>2014-01-11T00:00:00</time_min>
    <time_max>2014-02-06T23:59:59</time_max>
    <rigidity_min>38.9</rigidity_min>
    <rigidity_max>41.9</rigidity_max>
    <flux>0.571</flux>
    <flux_statistical_error_low>0.0022</flux_statistical_error_low>
    <flux_statistical_error_high>0.0022</flux_statistical_error_high>
    <flux_systematical_error_low>0.0090</flux_systematical_error_low>
    <flux_systematical_error_high>0.0090</flux_systematical_error_high>
  </DATA>
  <DATA>
    <time_min>2014-02-07T00:00:00</time_min>
    <time_max>2014-03-05T23:59:59</time_max>
    <rigidity_min>38.9</rigidity_min>
    <rigidity_max>41.9</rigidity_max>
    <flux>0.5708</flux>
    <flux_statistical_error_low>0.0022</flux_statistical_error_low>
    <flux_statistical_error_high>0.0022</flux_statistical_error_high>
    <flux_systematical_error_low>0.0090</flux_systematical_error_low>
    <flux_systematical_error_high>0.0090</flux_systematical_error_high>
  </DATA>
  <DATA>
    <time_min>2014-03-06T00:00:00</time_min>
    <time_max>2014-04-01T23:59:59</time_max>
    <rigidity_min>38.9</rigidity_min>
    <rigidity_max>41.9</rigidity_max>
    <flux>0.5746</flux>
    <flux_statistical_error_low>0.0022</flux_statistical_error_low>
    <flux_statistical_error_high>0.0022</flux_statistical_error_high>
    <flux_systematical_error_low>0.0089</flux_systematical_error_low>
    <flux_systematical_error_high>0.0089</flux_systematical_error_high>
  </DATA>
  <DATA>
    <time_min>2014-04-02T00:00:00</time_min>
    <time_max>2014-04-28T23:59:59</time_max>
    <rigidity_min>38.9</rigidity_min>
    <rigidity_max>41.9</rigidity_max>
    <flux>0.5778</flux>
    <flux_statistical_error_low>0.0023</flux_statistical_error_low>
    <flux_statistical_error_high>0.0023</flux_statistical_error_high>
    <flux_systematical_error_low>0.0089</flux_systematical_error_low>
    <flux_systematical_error_high>0.0089</flux_systematical_error_high>
  </DATA>
  <DATA>
    <time_min>2014-04-29T00:00:00</time_min>
    <time_max>2014-05-25T23:59:59</time_max>
    <rigidity_min>38.9</rigidity_min>
    <rigidity_max>41.9</rigidity_max>
    <flux>0.5766</flux>
    <flux_statistical_error_low>0.0023</flux_statistical_error_low>
    <flux_statistical_error_high>0.0023</flux_statistical_error_high>
    <flux_systematical_error_low>0.0090</flux_systematical_error_low>
    <flux_systematical_error_high>0.0090</flux_systematical_error_high>
  </DATA>
  <DATA>
    <time_min>2014-05-26T00:00:00</time_min>
    <time_max>2014-06-21T23:59:59</time_max>
    <rigidity_min>38.9</rigidity_min>
    <rigidity_max>41.9</rigidity_max>
    <flux>0.5726</flux>
    <flux_statistical_error_low>0.0022</flux_statistical_error_low>
    <flux_statistical_error_high>0.0022</flux_statistical_error_high>
    <flux_systematical_error_low>0.0089</flux_systematical_error_low>
    <flux_systematical_error_high>0.0089</flux_systematical_error_high>
  </DATA>
  <DATA>
    <time_min>2014-06-22T00:00:00</time_min>
    <time_max>2014-07-18T23:59:59</time_max>
    <rigidity_min>38.9</rigidity_min>
    <rigidity_max>41.9</rigidity_max>
    <flux>0.5691</flux>
    <flux_statistical_error_low>0.0022</flux_statistical_error_low>
    <flux_statistical_error_high>0.0022</flux_statistical_error_high>
    <flux_systematical_error_low>0.0088</flux_systematical_error_low>
    <flux_systematical_error_high>0.0088</flux_systematical_error_high>
  </DATA>
  <DATA>
    <time_min>2014-07-19T00:00:00</time_min>
    <time_max>2014-08-14T23:59:59</time_max>
    <rigidity_min>38.9</rigidity_min>
    <rigidity_max>41.9</rigidity_max>
    <flux>0.5719</flux>
    <flux_statistical_error_low>0.0023</flux_statistical_error_low>
    <flux_statistical_error_high>0.0023</flux_statistical_error_high>
    <flux_systematical_error_low>0.0089</flux_systematical_error_low>
    <flux_systematical_error_high>0.0089</flux_systematical_error_high>
  </DATA>
  <DATA>
    <time_min>2014-08-15T00:00:00</time_min>
    <time_max>2014-09-10T23:59:59</time_max>
    <rigidity_min>38.9</rigidity_min>
    <rigidity_max>41.9</rigidity_max>
    <flux>0.5687</flux>
    <flux_statistical_error_low>0.0022</flux_statistical_error_low>
    <flux_statistical_error_high>0.0022</flux_statistical_error_high>
    <flux_systematical_error_low>0.0088</flux_systematical_error_low>
    <flux_systematical_error_high>0.0088</flux_systematical_error_high>
  </DATA>
  <DATA>
    <time_min>2014-09-11T00:00:00</time_min>
    <time_max>2014-10-07T23:59:59</time_max>
    <rigidity_min>38.9</rigidity_min>
    <rigidity_max>41.9</rigidity_max>
    <flux>0.5686</flux>
    <flux_statistical_error_low>0.0027</flux_statistical_error_low>
    <flux_statistical_error_high>0.0027</flux_statistical_error_high>
    <flux_systematical_error_low>0.0090</flux_systematical_error_low>
    <flux_systematical_error_high>0.0090</flux_systematical_error_high>
  </DATA>
  <DATA>
    <time_min>2014-12-01T00:00:00</time_min>
    <time_max>2014-12-27T23:59:59</time_max>
    <rigidity_min>38.9</rigidity_min>
    <rigidity_max>41.9</rigidity_max>
    <flux>0.5628</flux>
    <flux_statistical_error_low>0.0022</flux_statistical_error_low>
    <flux_statistical_error_high>0.0022</flux_statistical_error_high>
    <flux_systematical_error_low>0.0087</flux_systematical_error_low>
    <flux_systematical_error_high>0.0087</flux_systematical_error_high>
  </DATA>
  <DATA>
    <time_min>2014-12-28T00:00:00</time_min>
    <time_max>2015-01-23T23:59:59</time_max>
    <rigidity_min>38.9</rigidity_min>
    <rigidity_max>41.9</rigidity_max>
    <flux>0.5619</flux>
    <flux_statistical_error_low>0.0022</flux_statistical_error_low>
    <flux_statistical_error_high>0.0022</flux_statistical_error_high>
    <flux_systematical_error_low>0.0086</flux_systematical_error_low>
    <flux_systematical_error_high>0.0086</flux_systematical_error_high>
  </DATA>
  <DATA>
    <time_min>2015-01-24T00:00:00</time_min>
    <time_max>2015-02-19T23:59:59</time_max>
    <rigidity_min>38.9</rigidity_min>
    <rigidity_max>41.9</rigidity_max>
    <flux>0.5615</flux>
    <flux_statistical_error_low>0.0022</flux_statistical_error_low>
    <flux_statistical_error_high>0.0022</flux_statistical_error_high>
    <flux_systematical_error_low>0.0087</flux_systematical_error_low>
    <flux_systematical_error_high>0.0087</flux_systematical_error_high>
  </DATA>
  <DATA>
    <time_min>2015-02-20T00:00:00</time_min>
    <time_max>2015-03-18T23:59:59</time_max>
    <rigidity_min>38.9</rigidity_min>
    <rigidity_max>41.9</rigidity_max>
    <flux>0.5657</flux>
    <flux_statistical_error_low>0.0022</flux_statistical_error_low>
    <flux_statistical_error_high>0.0022</flux_statistical_error_high>
    <flux_systematical_error_low>0.0087</flux_systematical_error_low>
    <flux_systematical_error_high>0.0087</flux_systematical_error_high>
  </DATA>
  <DATA>
    <time_min>2015-03-19T00:00:00</time_min>
    <time_max>2015-04-14T23:59:59</time_max>
    <rigidity_min>38.9</rigidity_min>
    <rigidity_max>41.9</rigidity_max>
    <flux>0.5605</flux>
    <flux_statistical_error_low>0.0022</flux_statistical_error_low>
    <flux_statistical_error_high>0.0022</flux_statistical_error_high>
    <flux_systematical_error_low>0.0086</flux_systematical_error_low>
    <flux_systematical_error_high>0.0086</flux_systematical_error_high>
  </DATA>
  <DATA>
    <time_min>2015-04-15T00:00:00</time_min>
    <time_max>2015-05-11T23:59:59</time_max>
    <rigidity_min>38.9</rigidity_min>
    <rigidity_max>41.9</rigidity_max>
    <flux>0.5654</flux>
    <flux_statistical_error_low>0.0022</flux_statistical_error_low>
    <flux_statistical_error_high>0.0022</flux_statistical_error_high>
    <flux_systematical_error_low>0.0090</flux_systematical_error_low>
    <flux_systematical_error_high>0.0090</flux_systematical_error_high>
  </DATA>
  <DATA>
    <time_min>2015-05-12T00:00:00</time_min>
    <time_max>2015-06-07T23:59:59</time_max>
    <rigidity_min>38.9</rigidity_min>
    <rigidity_max>41.9</rigidity_max>
    <flux>0.5687</flux>
    <flux_statistical_error_low>0.0022</flux_statistical_error_low>
    <flux_statistical_error_high>0.0022</flux_statistical_error_high>
    <flux_systematical_error_low>0.0088</flux_systematical_error_low>
    <flux_systematical_error_high>0.0088</flux_systematical_error_high>
  </DATA>
  <DATA>
    <time_min>2015-06-08T00:00:00</time_min>
    <time_max>2015-07-04T23:59:59</time_max>
    <rigidity_min>38.9</rigidity_min>
    <rigidity_max>41.9</rigidity_max>
    <flux>0.5668</flux>
    <flux_statistical_error_low>0.0022</flux_statistical_error_low>
    <flux_statistical_error_high>0.0022</flux_statistical_error_high>
    <flux_systematical_error_low>0.0087</flux_systematical_error_low>
    <flux_systematical_error_high>0.0087</flux_systematical_error_high>
  </DATA>
  <DATA>
    <time_min>2015-07-05T00:00:00</time_min>
    <time_max>2015-07-31T23:59:59</time_max>
    <rigidity_min>38.9</rigidity_min>
    <rigidity_max>41.9</rigidity_max>
    <flux>0.5687</flux>
    <flux_statistical_error_low>0.0023</flux_statistical_error_low>
    <flux_statistical_error_high>0.0023</flux_statistical_error_high>
    <flux_systematical_error_low>0.0089</flux_systematical_error_low>
    <flux_systematical_error_high>0.0089</flux_systematical_error_high>
  </DATA>
  <DATA>
    <time_min>2015-08-01T00:00:00</time_min>
    <time_max>2015-08-27T23:59:59</time_max>
    <rigidity_min>38.9</rigidity_min>
    <rigidity_max>41.9</rigidity_max>
    <flux>0.5618</flux>
    <flux_statistical_error_low>0.0022</flux_statistical_error_low>
    <flux_statistical_error_high>0.0022</flux_statistical_error_high>
    <flux_systematical_error_low>0.0087</flux_systematical_error_low>
    <flux_systematical_error_high>0.0087</flux_systematical_error_high>
  </DATA>
  <DATA>
    <time_min>2015-08-28T00:00:00</time_min>
    <time_max>2015-09-23T23:59:59</time_max>
    <rigidity_min>38.9</rigidity_min>
    <rigidity_max>41.9</rigidity_max>
    <flux>0.5686</flux>
    <flux_statistical_error_low>0.0023</flux_statistical_error_low>
    <flux_statistical_error_high>0.0023</flux_statistical_error_high>
    <flux_systematical_error_low>0.0089</flux_systematical_error_low>
    <flux_systematical_error_high>0.0089</flux_systematical_error_high>
  </DATA>
  <DATA>
    <time_min>2015-09-24T00:00:00</time_min>
    <time_max>2015-10-20T23:59:59</time_max>
    <rigidity_min>38.9</rigidity_min>
    <rigidity_max>41.9</rigidity_max>
    <flux>0.5676</flux>
    <flux_statistical_error_low>0.0023</flux_statistical_error_low>
    <flux_statistical_error_high>0.0023</flux_statistical_error_high>
    <flux_systematical_error_low>0.0088</flux_systematical_error_low>
    <flux_systematical_error_high>0.0088</flux_systematical_error_high>
  </DATA>
  <DATA>
    <time_min>2015-10-21T00:00:00</time_min>
    <time_max>2015-11-16T23:59:59</time_max>
    <rigidity_min>38.9</rigidity_min>
    <rigidity_max>41.9</rigidity_max>
    <flux>0.5681</flux>
    <flux_statistical_error_low>0.0023</flux_statistical_error_low>
    <flux_statistical_error_high>0.0023</flux_statistical_error_high>
    <flux_systematical_error_low>0.0089</flux_systematical_error_low>
    <flux_systematical_error_high>0.0089</flux_systematical_error_high>
  </DATA>
  <DATA>
    <time_min>2015-11-17T00:00:00</time_min>
    <time_max>2015-12-13T23:59:59</time_max>
    <rigidity_min>38.9</rigidity_min>
    <rigidity_max>41.9</rigidity_max>
    <flux>0.5656</flux>
    <flux_statistical_error_low>0.0022</flux_statistical_error_low>
    <flux_statistical_error_high>0.0022</flux_statistical_error_high>
    <flux_systematical_error_low>0.0087</flux_systematical_error_low>
    <flux_systematical_error_high>0.0087</flux_systematical_error_high>
  </DATA>
  <DATA>
    <time_min>2015-12-14T00:00:00</time_min>
    <time_max>2016-01-09T23:59:59</time_max>
    <rigidity_min>38.9</rigidity_min>
    <rigidity_max>41.9</rigidity_max>
    <flux>0.5682</flux>
    <flux_statistical_error_low>0.0023</flux_statistical_error_low>
    <flux_statistical_error_high>0.0023</flux_statistical_error_high>
    <flux_systematical_error_low>0.0088</flux_systematical_error_low>
    <flux_systematical_error_high>0.0088</flux_systematical_error_high>
  </DATA>
  <DATA>
    <time_min>2016-01-10T00:00:00</time_min>
    <time_max>2016-02-05T23:59:59</time_max>
    <rigidity_min>38.9</rigidity_min>
    <rigidity_max>41.9</rigidity_max>
    <flux>0.5688</flux>
    <flux_statistical_error_low>0.0023</flux_statistical_error_low>
    <flux_statistical_error_high>0.0023</flux_statistical_error_high>
    <flux_systematical_error_low>0.0088</flux_systematical_error_low>
    <flux_systematical_error_high>0.0088</flux_systematical_error_high>
  </DATA>
  <DATA>
    <time_min>2016-02-06T00:00:00</time_min>
    <time_max>2016-03-03T23:59:59</time_max>
    <rigidity_min>38.9</rigidity_min>
    <rigidity_max>41.9</rigidity_max>
    <flux>0.5727</flux>
    <flux_statistical_error_low>0.0023</flux_statistical_error_low>
    <flux_statistical_error_high>0.0023</flux_statistical_error_high>
    <flux_systematical_error_low>0.0089</flux_systematical_error_low>
    <flux_systematical_error_high>0.0089</flux_systematical_error_high>
  </DATA>
  <DATA>
    <time_min>2016-03-04T00:00:00</time_min>
    <time_max>2016-03-30T23:59:59</time_max>
    <rigidity_min>38.9</rigidity_min>
    <rigidity_max>41.9</rigidity_max>
    <flux>0.5726</flux>
    <flux_statistical_error_low>0.0023</flux_statistical_error_low>
    <flux_statistical_error_high>0.0023</flux_statistical_error_high>
    <flux_systematical_error_low>0.0091</flux_systematical_error_low>
    <flux_systematical_error_high>0.0091</flux_systematical_error_high>
  </DATA>
  <DATA>
    <time_min>2016-03-31T00:00:00</time_min>
    <time_max>2016-04-26T23:59:59</time_max>
    <rigidity_min>38.9</rigidity_min>
    <rigidity_max>41.9</rigidity_max>
    <flux>0.5729</flux>
    <flux_statistical_error_low>0.0023</flux_statistical_error_low>
    <flux_statistical_error_high>0.0023</flux_statistical_error_high>
    <flux_systematical_error_low>0.0088</flux_systematical_error_low>
    <flux_systematical_error_high>0.0088</flux_systematical_error_high>
  </DATA>
  <DATA>
    <time_min>2016-04-27T00:00:00</time_min>
    <time_max>2016-05-23T23:59:59</time_max>
    <rigidity_min>38.9</rigidity_min>
    <rigidity_max>41.9</rigidity_max>
    <flux>0.574</flux>
    <flux_statistical_error_low>0.0023</flux_statistical_error_low>
    <flux_statistical_error_high>0.0023</flux_statistical_error_high>
    <flux_systematical_error_low>0.0089</flux_systematical_error_low>
    <flux_systematical_error_high>0.0089</flux_systematical_error_high>
  </DATA>
  <DATA>
    <time_min>2016-05-24T00:00:00</time_min>
    <time_max>2016-06-19T23:59:59</time_max>
    <rigidity_min>38.9</rigidity_min>
    <rigidity_max>41.9</rigidity_max>
    <flux>0.5732</flux>
    <flux_statistical_error_low>0.0023</flux_statistical_error_low>
    <flux_statistical_error_high>0.0023</flux_statistical_error_high>
    <flux_systematical_error_low>0.0088</flux_systematical_error_low>
    <flux_systematical_error_high>0.0088</flux_systematical_error_high>
  </DATA>
  <DATA>
    <time_min>2016-06-20T00:00:00</time_min>
    <time_max>2016-07-16T23:59:59</time_max>
    <rigidity_min>38.9</rigidity_min>
    <rigidity_max>41.9</rigidity_max>
    <flux>0.5706</flux>
    <flux_statistical_error_low>0.0023</flux_statistical_error_low>
    <flux_statistical_error_high>0.0023</flux_statistical_error_high>
    <flux_systematical_error_low>0.0088</flux_systematical_error_low>
    <flux_systematical_error_high>0.0088</flux_systematical_error_high>
  </DATA>
  <DATA>
    <time_min>2016-07-17T00:00:00</time_min>
    <time_max>2016-08-12T23:59:59</time_max>
    <rigidity_min>38.9</rigidity_min>
    <rigidity_max>41.9</rigidity_max>
    <flux>0.5717</flux>
    <flux_statistical_error_low>0.0023</flux_statistical_error_low>
    <flux_statistical_error_high>0.0023</flux_statistical_error_high>
    <flux_systematical_error_low>0.0089</flux_systematical_error_low>
    <flux_systematical_error_high>0.0089</flux_systematical_error_high>
  </DATA>
  <DATA>
    <time_min>2016-08-13T00:00:00</time_min>
    <time_max>2016-09-08T23:59:59</time_max>
    <rigidity_min>38.9</rigidity_min>
    <rigidity_max>41.9</rigidity_max>
    <flux>0.5719</flux>
    <flux_statistical_error_low>0.0023</flux_statistical_error_low>
    <flux_statistical_error_high>0.0023</flux_statistical_error_high>
    <flux_systematical_error_low>0.0087</flux_systematical_error_low>
    <flux_systematical_error_high>0.0087</flux_systematical_error_high>
  </DATA>
  <DATA>
    <time_min>2016-09-09T00:00:00</time_min>
    <time_max>2016-10-05T23:59:59</time_max>
    <rigidity_min>38.9</rigidity_min>
    <rigidity_max>41.9</rigidity_max>
    <flux>0.5732</flux>
    <flux_statistical_error_low>0.0023</flux_statistical_error_low>
    <flux_statistical_error_high>0.0023</flux_statistical_error_high>
    <flux_systematical_error_low>0.0089</flux_systematical_error_low>
    <flux_systematical_error_high>0.0089</flux_systematical_error_high>
  </DATA>
  <DATA>
    <time_min>2016-10-06T00:00:00</time_min>
    <time_max>2016-11-01T23:59:59</time_max>
    <rigidity_min>38.9</rigidity_min>
    <rigidity_max>41.9</rigidity_max>
    <flux>0.5739</flux>
    <flux_statistical_error_low>0.0023</flux_statistical_error_low>
    <flux_statistical_error_high>0.0023</flux_statistical_error_high>
    <flux_systematical_error_low>0.0089</flux_systematical_error_low>
    <flux_systematical_error_high>0.0089</flux_systematical_error_high>
  </DATA>
  <DATA>
    <time_min>2016-11-02T00:00:00</time_min>
    <time_max>2016-11-28T23:59:59</time_max>
    <rigidity_min>38.9</rigidity_min>
    <rigidity_max>41.9</rigidity_max>
    <flux>0.5713</flux>
    <flux_statistical_error_low>0.0023</flux_statistical_error_low>
    <flux_statistical_error_high>0.0023</flux_statistical_error_high>
    <flux_systematical_error_low>0.0088</flux_systematical_error_low>
    <flux_systematical_error_high>0.0088</flux_systematical_error_high>
  </DATA>
  <DATA>
    <time_min>2016-11-29T00:00:00</time_min>
    <time_max>2016-12-25T23:59:59</time_max>
    <rigidity_min>38.9</rigidity_min>
    <rigidity_max>41.9</rigidity_max>
    <flux>0.5718</flux>
    <flux_statistical_error_low>0.0023</flux_statistical_error_low>
    <flux_statistical_error_high>0.0023</flux_statistical_error_high>
    <flux_systematical_error_low>0.0089</flux_systematical_error_low>
    <flux_systematical_error_high>0.0089</flux_systematical_error_high>
  </DATA>
  <DATA>
    <time_min>2016-12-26T00:00:00</time_min>
    <time_max>2017-01-21T23:59:59</time_max>
    <rigidity_min>38.9</rigidity_min>
    <rigidity_max>41.9</rigidity_max>
    <flux>0.5773</flux>
    <flux_statistical_error_low>0.0023</flux_statistical_error_low>
    <flux_statistical_error_high>0.0023</flux_statistical_error_high>
    <flux_systematical_error_low>0.0091</flux_systematical_error_low>
    <flux_systematical_error_high>0.0091</flux_systematical_error_high>
  </DATA>
  <DATA>
    <time_min>2017-01-22T00:00:00</time_min>
    <time_max>2017-02-17T23:59:59</time_max>
    <rigidity_min>38.9</rigidity_min>
    <rigidity_max>41.9</rigidity_max>
    <flux>0.5753</flux>
    <flux_statistical_error_low>0.0023</flux_statistical_error_low>
    <flux_statistical_error_high>0.0023</flux_statistical_error_high>
    <flux_systematical_error_low>0.0090</flux_systematical_error_low>
    <flux_systematical_error_high>0.0090</flux_systematical_error_high>
  </DATA>
  <DATA>
    <time_min>2017-02-18T00:00:00</time_min>
    <time_max>2017-03-16T23:59:59</time_max>
    <rigidity_min>38.9</rigidity_min>
    <rigidity_max>41.9</rigidity_max>
    <flux>0.5726</flux>
    <flux_statistical_error_low>0.0025</flux_statistical_error_low>
    <flux_statistical_error_high>0.0025</flux_statistical_error_high>
    <flux_systematical_error_low>0.0089</flux_systematical_error_low>
    <flux_systematical_error_high>0.0089</flux_systematical_error_high>
  </DATA>
  <DATA>
    <time_min>2017-03-17T00:00:00</time_min>
    <time_max>2017-04-12T23:59:59</time_max>
    <rigidity_min>38.9</rigidity_min>
    <rigidity_max>41.9</rigidity_max>
    <flux>0.5742</flux>
    <flux_statistical_error_low>0.0023</flux_statistical_error_low>
    <flux_statistical_error_high>0.0023</flux_statistical_error_high>
    <flux_systematical_error_low>0.0088</flux_systematical_error_low>
    <flux_systematical_error_high>0.0088</flux_systematical_error_high>
  </DATA>
  <DATA>
    <time_min>2017-04-13T00:00:00</time_min>
    <time_max>2017-05-09T23:59:59</time_max>
    <rigidity_min>38.9</rigidity_min>
    <rigidity_max>41.9</rigidity_max>
    <flux>0.5723</flux>
    <flux_statistical_error_low>0.0023</flux_statistical_error_low>
    <flux_statistical_error_high>0.0023</flux_statistical_error_high>
    <flux_systematical_error_low>0.0090</flux_systematical_error_low>
    <flux_systematical_error_high>0.0090</flux_systematical_error_high>
  </DATA>
</XML>
