<?xml version="1.0" encoding="UTF-8"?>
<XML>
  <!--Data from the SSDC Cosmic Ray Database www.ssdc.asi.it-->
  <!--Before using these data please consult the original publication-->
  <HEADER>
    <PARTICLE>p</PARTICLE>
    <MISSION>AMS-02</MISSION>
    <UNITS>
      <flux>(m^2 s sr GV)^(-1)</flux>
      <rigidity>GV</rigidity>
      <time>UTC</time>
    </UNITS>
    <DOI>10.1103/PhysRevLett.121.051101</DOI>
    <JOURNAL>PRL</JOURNAL>
    <YEAR>2018</YEAR>
    <VOLUME>121</VOLUME>
    <PAGE>051101</PAGE>
    <TITLE>Observation of Fine Time Structures in the Cosmic Proton and Helium Fluxes with the Alpha Magnetic Spectrometer on the International Space Station</TITLE>
    <AUTHORS>Aguilar M., et al.</AUTHORS>
    <!--Columns (variables) listed inside ORIGINAL_COLUMNS are reported in this file as in the original publication. Please always consult the original publication.-->
    <ORIGINAL_COLUMNS>time_min,time_max,rigidity_min,rigidity_max,flux,flux_statistical_error_low,flux_statistical_error_high,flux_systematical_error_low,flux_systematical_error_high</ORIGINAL_COLUMNS>
    <ADS_LINK>null</ADS_LINK>
  </HEADER>
  <DATA>
    <time_min>2011-05-15T00:00:00</time_min>
    <time_max>2011-06-10T23:59:59</time_max>
    <rigidity_min>1.71</rigidity_min>
    <rigidity_max>1.92</rigidity_max>
    <flux>704.4</flux>
    <flux_statistical_error_low>2.0</flux_statistical_error_low>
    <flux_statistical_error_high>2.0</flux_statistical_error_high>
    <flux_systematical_error_low>17.1</flux_systematical_error_low>
    <flux_systematical_error_high>17.1</flux_systematical_error_high>
  </DATA>
  <DATA>
    <time_min>2011-06-11T00:00:00</time_min>
    <time_max>2011-07-07T23:59:59</time_max>
    <rigidity_min>1.71</rigidity_min>
    <rigidity_max>1.92</rigidity_max>
    <flux>665.9</flux>
    <flux_statistical_error_low>1.4</flux_statistical_error_low>
    <flux_statistical_error_high>1.4</flux_statistical_error_high>
    <flux_systematical_error_low>15.8</flux_systematical_error_low>
    <flux_systematical_error_high>15.8</flux_systematical_error_high>
  </DATA>
  <DATA>
    <time_min>2011-07-08T00:00:00</time_min>
    <time_max>2011-08-03T23:59:59</time_max>
    <rigidity_min>1.71</rigidity_min>
    <rigidity_max>1.92</rigidity_max>
    <flux>667.8</flux>
    <flux_statistical_error_low>1.4</flux_statistical_error_low>
    <flux_statistical_error_high>1.4</flux_statistical_error_high>
    <flux_systematical_error_low>15.9</flux_systematical_error_low>
    <flux_systematical_error_high>15.9</flux_systematical_error_high>
  </DATA>
  <DATA>
    <time_min>2011-08-04T00:00:00</time_min>
    <time_max>2011-08-30T23:59:59</time_max>
    <rigidity_min>1.71</rigidity_min>
    <rigidity_max>1.92</rigidity_max>
    <flux>671.2</flux>
    <flux_statistical_error_low>1.3</flux_statistical_error_low>
    <flux_statistical_error_high>1.3</flux_statistical_error_high>
    <flux_systematical_error_low>15.9</flux_systematical_error_low>
    <flux_systematical_error_high>15.9</flux_systematical_error_high>
  </DATA>
  <DATA>
    <time_min>2011-08-31T00:00:00</time_min>
    <time_max>2011-09-26T23:59:59</time_max>
    <rigidity_min>1.71</rigidity_min>
    <rigidity_max>1.92</rigidity_max>
    <flux>677.0</flux>
    <flux_statistical_error_low>1.3</flux_statistical_error_low>
    <flux_statistical_error_high>1.3</flux_statistical_error_high>
    <flux_systematical_error_low>15.9</flux_systematical_error_low>
    <flux_systematical_error_high>15.9</flux_systematical_error_high>
  </DATA>
  <DATA>
    <time_min>2011-09-27T00:00:00</time_min>
    <time_max>2011-10-23T23:59:59</time_max>
    <rigidity_min>1.71</rigidity_min>
    <rigidity_max>1.92</rigidity_max>
    <flux>619.7</flux>
    <flux_statistical_error_low>1.2</flux_statistical_error_low>
    <flux_statistical_error_high>1.2</flux_statistical_error_high>
    <flux_systematical_error_low>14.6</flux_systematical_error_low>
    <flux_systematical_error_high>14.6</flux_systematical_error_high>
  </DATA>
  <DATA>
    <time_min>2011-10-24T00:00:00</time_min>
    <time_max>2011-11-19T23:59:59</time_max>
    <rigidity_min>1.71</rigidity_min>
    <rigidity_max>1.92</rigidity_max>
    <flux>662.9</flux>
    <flux_statistical_error_low>1.3</flux_statistical_error_low>
    <flux_statistical_error_high>1.3</flux_statistical_error_high>
    <flux_systematical_error_low>15.6</flux_systematical_error_low>
    <flux_systematical_error_high>15.6</flux_systematical_error_high>
  </DATA>
  <DATA>
    <time_min>2011-11-20T00:00:00</time_min>
    <time_max>2011-12-16T23:59:59</time_max>
    <rigidity_min>1.71</rigidity_min>
    <rigidity_max>1.92</rigidity_max>
    <flux>692.1</flux>
    <flux_statistical_error_low>1.3</flux_statistical_error_low>
    <flux_statistical_error_high>1.3</flux_statistical_error_high>
    <flux_systematical_error_low>16.3</flux_systematical_error_low>
    <flux_systematical_error_high>16.3</flux_systematical_error_high>
  </DATA>
  <DATA>
    <time_min>2011-12-17T00:00:00</time_min>
    <time_max>2012-01-12T23:59:59</time_max>
    <rigidity_min>1.71</rigidity_min>
    <rigidity_max>1.92</rigidity_max>
    <flux>700.7</flux>
    <flux_statistical_error_low>1.3</flux_statistical_error_low>
    <flux_statistical_error_high>1.3</flux_statistical_error_high>
    <flux_systematical_error_low>16.5</flux_systematical_error_low>
    <flux_systematical_error_high>16.5</flux_systematical_error_high>
  </DATA>
  <DATA>
    <time_min>2012-01-13T00:00:00</time_min>
    <time_max>2012-02-08T23:59:59</time_max>
    <rigidity_min>1.71</rigidity_min>
    <rigidity_max>1.92</rigidity_max>
    <flux>667.4</flux>
    <flux_statistical_error_low>1.3</flux_statistical_error_low>
    <flux_statistical_error_high>1.3</flux_statistical_error_high>
    <flux_systematical_error_low>15.7</flux_systematical_error_low>
    <flux_systematical_error_high>15.7</flux_systematical_error_high>
  </DATA>
  <DATA>
    <time_min>2012-02-09T00:00:00</time_min>
    <time_max>2012-03-06T23:59:59</time_max>
    <rigidity_min>1.71</rigidity_min>
    <rigidity_max>1.92</rigidity_max>
    <flux>652.5</flux>
    <flux_statistical_error_low>1.3</flux_statistical_error_low>
    <flux_statistical_error_high>1.3</flux_statistical_error_high>
    <flux_systematical_error_low>15.3</flux_systematical_error_low>
    <flux_systematical_error_high>15.3</flux_systematical_error_high>
  </DATA>
  <DATA>
    <time_min>2012-03-07T00:00:00</time_min>
    <time_max>2012-04-02T23:59:59</time_max>
    <rigidity_min>1.71</rigidity_min>
    <rigidity_max>1.92</rigidity_max>
    <flux>541.2</flux>
    <flux_statistical_error_low>1.2</flux_statistical_error_low>
    <flux_statistical_error_high>1.2</flux_statistical_error_high>
    <flux_systematical_error_low>12.9</flux_systematical_error_low>
    <flux_systematical_error_high>12.9</flux_systematical_error_high>
  </DATA>
  <DATA>
    <time_min>2012-04-03T00:00:00</time_min>
    <time_max>2012-04-29T23:59:59</time_max>
    <rigidity_min>1.71</rigidity_min>
    <rigidity_max>1.92</rigidity_max>
    <flux>612.3</flux>
    <flux_statistical_error_low>1.2</flux_statistical_error_low>
    <flux_statistical_error_high>1.2</flux_statistical_error_high>
    <flux_systematical_error_low>14.4</flux_systematical_error_low>
    <flux_systematical_error_high>14.4</flux_systematical_error_high>
  </DATA>
  <DATA>
    <time_min>2012-04-30T00:00:00</time_min>
    <time_max>2012-05-26T23:59:59</time_max>
    <rigidity_min>1.71</rigidity_min>
    <rigidity_max>1.92</rigidity_max>
    <flux>638.8</flux>
    <flux_statistical_error_low>1.3</flux_statistical_error_low>
    <flux_statistical_error_high>1.3</flux_statistical_error_high>
    <flux_systematical_error_low>15.1</flux_systematical_error_low>
    <flux_systematical_error_high>15.1</flux_systematical_error_high>
  </DATA>
  <DATA>
    <time_min>2012-05-27T00:00:00</time_min>
    <time_max>2012-06-22T23:59:59</time_max>
    <rigidity_min>1.71</rigidity_min>
    <rigidity_max>1.92</rigidity_max>
    <flux>594.5</flux>
    <flux_statistical_error_low>1.2</flux_statistical_error_low>
    <flux_statistical_error_high>1.2</flux_statistical_error_high>
    <flux_systematical_error_low>14.0</flux_systematical_error_low>
    <flux_systematical_error_high>14.0</flux_systematical_error_high>
  </DATA>
  <DATA>
    <time_min>2012-06-23T00:00:00</time_min>
    <time_max>2012-07-19T23:59:59</time_max>
    <rigidity_min>1.71</rigidity_min>
    <rigidity_max>1.92</rigidity_max>
    <flux>577.8</flux>
    <flux_statistical_error_low>1.2</flux_statistical_error_low>
    <flux_statistical_error_high>1.2</flux_statistical_error_high>
    <flux_systematical_error_low>13.6</flux_systematical_error_low>
    <flux_systematical_error_high>13.6</flux_systematical_error_high>
  </DATA>
  <DATA>
    <time_min>2012-07-20T00:00:00</time_min>
    <time_max>2012-08-15T23:59:59</time_max>
    <rigidity_min>1.71</rigidity_min>
    <rigidity_max>1.92</rigidity_max>
    <flux>493.4</flux>
    <flux_statistical_error_low>1.1</flux_statistical_error_low>
    <flux_statistical_error_high>1.1</flux_statistical_error_high>
    <flux_systematical_error_low>11.6</flux_systematical_error_low>
    <flux_systematical_error_high>11.6</flux_systematical_error_high>
  </DATA>
  <DATA>
    <time_min>2012-08-16T00:00:00</time_min>
    <time_max>2012-09-11T23:59:59</time_max>
    <rigidity_min>1.71</rigidity_min>
    <rigidity_max>1.92</rigidity_max>
    <flux>490.9</flux>
    <flux_statistical_error_low>1.0</flux_statistical_error_low>
    <flux_statistical_error_high>1.0</flux_statistical_error_high>
    <flux_systematical_error_low>11.6</flux_systematical_error_low>
    <flux_systematical_error_high>11.6</flux_systematical_error_high>
  </DATA>
  <DATA>
    <time_min>2012-09-12T00:00:00</time_min>
    <time_max>2012-10-08T23:59:59</time_max>
    <rigidity_min>1.71</rigidity_min>
    <rigidity_max>1.92</rigidity_max>
    <flux>522.3</flux>
    <flux_statistical_error_low>1.1</flux_statistical_error_low>
    <flux_statistical_error_high>1.1</flux_statistical_error_high>
    <flux_systematical_error_low>12.3</flux_systematical_error_low>
    <flux_systematical_error_high>12.3</flux_systematical_error_high>
  </DATA>
  <DATA>
    <time_min>2012-10-09T00:00:00</time_min>
    <time_max>2012-11-04T23:59:59</time_max>
    <rigidity_min>1.71</rigidity_min>
    <rigidity_max>1.92</rigidity_max>
    <flux>493.3</flux>
    <flux_statistical_error_low>1.1</flux_statistical_error_low>
    <flux_statistical_error_high>1.1</flux_statistical_error_high>
    <flux_systematical_error_low>11.7</flux_systematical_error_low>
    <flux_systematical_error_high>11.7</flux_systematical_error_high>
  </DATA>
  <DATA>
    <time_min>2012-11-05T00:00:00</time_min>
    <time_max>2012-12-01T23:59:59</time_max>
    <rigidity_min>1.71</rigidity_min>
    <rigidity_max>1.92</rigidity_max>
    <flux>503.7</flux>
    <flux_statistical_error_low>1.1</flux_statistical_error_low>
    <flux_statistical_error_high>1.1</flux_statistical_error_high>
    <flux_systematical_error_low>11.9</flux_systematical_error_low>
    <flux_systematical_error_high>11.9</flux_systematical_error_high>
  </DATA>
  <DATA>
    <time_min>2012-12-02T00:00:00</time_min>
    <time_max>2012-12-28T23:59:59</time_max>
    <rigidity_min>1.71</rigidity_min>
    <rigidity_max>1.92</rigidity_max>
    <flux>516.9</flux>
    <flux_statistical_error_low>1.1</flux_statistical_error_low>
    <flux_statistical_error_high>1.1</flux_statistical_error_high>
    <flux_systematical_error_low>12.2</flux_systematical_error_low>
    <flux_systematical_error_high>12.2</flux_systematical_error_high>
  </DATA>
  <DATA>
    <time_min>2012-12-29T00:00:00</time_min>
    <time_max>2013-01-24T23:59:59</time_max>
    <rigidity_min>1.71</rigidity_min>
    <rigidity_max>1.92</rigidity_max>
    <flux>544.7</flux>
    <flux_statistical_error_low>1.1</flux_statistical_error_low>
    <flux_statistical_error_high>1.1</flux_statistical_error_high>
    <flux_systematical_error_low>12.9</flux_systematical_error_low>
    <flux_systematical_error_high>12.9</flux_systematical_error_high>
  </DATA>
  <DATA>
    <time_min>2013-01-25T00:00:00</time_min>
    <time_max>2013-02-20T23:59:59</time_max>
    <rigidity_min>1.71</rigidity_min>
    <rigidity_max>1.92</rigidity_max>
    <flux>559.9</flux>
    <flux_statistical_error_low>1.1</flux_statistical_error_low>
    <flux_statistical_error_high>1.1</flux_statistical_error_high>
    <flux_systematical_error_low>13.2</flux_systematical_error_low>
    <flux_systematical_error_high>13.2</flux_systematical_error_high>
  </DATA>
  <DATA>
    <time_min>2013-02-21T00:00:00</time_min>
    <time_max>2013-03-19T23:59:59</time_max>
    <rigidity_min>1.71</rigidity_min>
    <rigidity_max>1.92</rigidity_max>
    <flux>560.6</flux>
    <flux_statistical_error_low>1.1</flux_statistical_error_low>
    <flux_statistical_error_high>1.1</flux_statistical_error_high>
    <flux_systematical_error_low>13.3</flux_systematical_error_low>
    <flux_systematical_error_high>13.3</flux_systematical_error_high>
  </DATA>
  <DATA>
    <time_min>2013-03-20T00:00:00</time_min>
    <time_max>2013-04-15T23:59:59</time_max>
    <rigidity_min>1.71</rigidity_min>
    <rigidity_max>1.92</rigidity_max>
    <flux>525.5</flux>
    <flux_statistical_error_low>1.1</flux_statistical_error_low>
    <flux_statistical_error_high>1.1</flux_statistical_error_high>
    <flux_systematical_error_low>12.4</flux_systematical_error_low>
    <flux_systematical_error_high>12.4</flux_systematical_error_high>
  </DATA>
  <DATA>
    <time_min>2013-04-16T00:00:00</time_min>
    <time_max>2013-05-12T23:59:59</time_max>
    <rigidity_min>1.71</rigidity_min>
    <rigidity_max>1.92</rigidity_max>
    <flux>525.3</flux>
    <flux_statistical_error_low>1.1</flux_statistical_error_low>
    <flux_statistical_error_high>1.1</flux_statistical_error_high>
    <flux_systematical_error_low>12.4</flux_systematical_error_low>
    <flux_systematical_error_high>12.4</flux_systematical_error_high>
  </DATA>
  <DATA>
    <time_min>2013-05-13T00:00:00</time_min>
    <time_max>2013-06-08T23:59:59</time_max>
    <rigidity_min>1.71</rigidity_min>
    <rigidity_max>1.92</rigidity_max>
    <flux>442.1</flux>
    <flux_statistical_error_low>1.0</flux_statistical_error_low>
    <flux_statistical_error_high>1.0</flux_statistical_error_high>
    <flux_systematical_error_low>10.5</flux_systematical_error_low>
    <flux_systematical_error_high>10.5</flux_systematical_error_high>
  </DATA>
  <DATA>
    <time_min>2013-06-09T00:00:00</time_min>
    <time_max>2013-07-05T23:59:59</time_max>
    <rigidity_min>1.71</rigidity_min>
    <rigidity_max>1.92</rigidity_max>
    <flux>434.2</flux>
    <flux_statistical_error_low>1.0</flux_statistical_error_low>
    <flux_statistical_error_high>1.0</flux_statistical_error_high>
    <flux_systematical_error_low>10.3</flux_systematical_error_low>
    <flux_systematical_error_high>10.3</flux_systematical_error_high>
  </DATA>
  <DATA>
    <time_min>2013-07-06T00:00:00</time_min>
    <time_max>2013-08-01T23:59:59</time_max>
    <rigidity_min>1.71</rigidity_min>
    <rigidity_max>1.92</rigidity_max>
    <flux>436.4</flux>
    <flux_statistical_error_low>1.0</flux_statistical_error_low>
    <flux_statistical_error_high>1.0</flux_statistical_error_high>
    <flux_systematical_error_low>10.3</flux_systematical_error_low>
    <flux_systematical_error_high>10.3</flux_systematical_error_high>
  </DATA>
  <DATA>
    <time_min>2013-08-02T00:00:00</time_min>
    <time_max>2013-08-28T23:59:59</time_max>
    <rigidity_min>1.71</rigidity_min>
    <rigidity_max>1.92</rigidity_max>
    <flux>435.5</flux>
    <flux_statistical_error_low>1.0</flux_statistical_error_low>
    <flux_statistical_error_high>1.0</flux_statistical_error_high>
    <flux_systematical_error_low>10.3</flux_systematical_error_low>
    <flux_systematical_error_high>10.3</flux_systematical_error_high>
  </DATA>
  <DATA>
    <time_min>2013-08-29T00:00:00</time_min>
    <time_max>2013-09-24T23:59:59</time_max>
    <rigidity_min>1.71</rigidity_min>
    <rigidity_max>1.92</rigidity_max>
    <flux>412.4</flux>
    <flux_statistical_error_low>1.0</flux_statistical_error_low>
    <flux_statistical_error_high>1.0</flux_statistical_error_high>
    <flux_systematical_error_low>9.8</flux_systematical_error_low>
    <flux_systematical_error_high>9.8</flux_systematical_error_high>
  </DATA>
  <DATA>
    <time_min>2013-09-25T00:00:00</time_min>
    <time_max>2013-10-21T23:59:59</time_max>
    <rigidity_min>1.71</rigidity_min>
    <rigidity_max>1.92</rigidity_max>
    <flux>426.2</flux>
    <flux_statistical_error_low>1.0</flux_statistical_error_low>
    <flux_statistical_error_high>1.0</flux_statistical_error_high>
    <flux_systematical_error_low>10.1</flux_systematical_error_low>
    <flux_systematical_error_high>10.1</flux_systematical_error_high>
  </DATA>
  <DATA>
    <time_min>2013-10-22T00:00:00</time_min>
    <time_max>2013-11-17T23:59:59</time_max>
    <rigidity_min>1.71</rigidity_min>
    <rigidity_max>1.92</rigidity_max>
    <flux>424.7</flux>
    <flux_statistical_error_low>1.0</flux_statistical_error_low>
    <flux_statistical_error_high>1.0</flux_statistical_error_high>
    <flux_systematical_error_low>10.1</flux_systematical_error_low>
    <flux_systematical_error_high>10.1</flux_systematical_error_high>
  </DATA>
  <DATA>
    <time_min>2013-11-18T00:00:00</time_min>
    <time_max>2013-12-14T23:59:59</time_max>
    <rigidity_min>1.71</rigidity_min>
    <rigidity_max>1.92</rigidity_max>
    <flux>415.0</flux>
    <flux_statistical_error_low>0.9</flux_statistical_error_low>
    <flux_statistical_error_high>0.9</flux_statistical_error_high>
    <flux_systematical_error_low>9.9</flux_systematical_error_low>
    <flux_systematical_error_high>9.9</flux_systematical_error_high>
  </DATA>
  <DATA>
    <time_min>2013-12-15T00:00:00</time_min>
    <time_max>2014-01-10T23:59:59</time_max>
    <rigidity_min>1.71</rigidity_min>
    <rigidity_max>1.92</rigidity_max>
    <flux>410.2</flux>
    <flux_statistical_error_low>0.9</flux_statistical_error_low>
    <flux_statistical_error_high>0.9</flux_statistical_error_high>
    <flux_systematical_error_low>9.8</flux_systematical_error_low>
    <flux_systematical_error_high>9.8</flux_systematical_error_high>
  </DATA>
  <DATA>
    <time_min>2014-01-11T00:00:00</time_min>
    <time_max>2014-02-06T23:59:59</time_max>
    <rigidity_min>1.71</rigidity_min>
    <rigidity_max>1.92</rigidity_max>
    <flux>419.7</flux>
    <flux_statistical_error_low>1.0</flux_statistical_error_low>
    <flux_statistical_error_high>1.0</flux_statistical_error_high>
    <flux_systematical_error_low>10.0</flux_systematical_error_low>
    <flux_systematical_error_high>10.0</flux_systematical_error_high>
  </DATA>
  <DATA>
    <time_min>2014-02-07T00:00:00</time_min>
    <time_max>2014-03-05T23:59:59</time_max>
    <rigidity_min>1.71</rigidity_min>
    <rigidity_max>1.92</rigidity_max>
    <flux>388.2</flux>
    <flux_statistical_error_low>0.9</flux_statistical_error_low>
    <flux_statistical_error_high>0.9</flux_statistical_error_high>
    <flux_systematical_error_low>9.3</flux_systematical_error_low>
    <flux_systematical_error_high>9.3</flux_systematical_error_high>
  </DATA>
  <DATA>
    <time_min>2014-03-06T00:00:00</time_min>
    <time_max>2014-04-01T23:59:59</time_max>
    <rigidity_min>1.71</rigidity_min>
    <rigidity_max>1.92</rigidity_max>
    <flux>397.7</flux>
    <flux_statistical_error_low>0.9</flux_statistical_error_low>
    <flux_statistical_error_high>0.9</flux_statistical_error_high>
    <flux_systematical_error_low>9.4</flux_systematical_error_low>
    <flux_systematical_error_high>9.4</flux_systematical_error_high>
  </DATA>
  <DATA>
    <time_min>2014-04-02T00:00:00</time_min>
    <time_max>2014-04-28T23:59:59</time_max>
    <rigidity_min>1.71</rigidity_min>
    <rigidity_max>1.92</rigidity_max>
    <flux>407.3</flux>
    <flux_statistical_error_low>0.9</flux_statistical_error_low>
    <flux_statistical_error_high>0.9</flux_statistical_error_high>
    <flux_systematical_error_low>9.6</flux_systematical_error_low>
    <flux_systematical_error_high>9.6</flux_systematical_error_high>
  </DATA>
  <DATA>
    <time_min>2014-04-29T00:00:00</time_min>
    <time_max>2014-05-25T23:59:59</time_max>
    <rigidity_min>1.71</rigidity_min>
    <rigidity_max>1.92</rigidity_max>
    <flux>436.7</flux>
    <flux_statistical_error_low>1.0</flux_statistical_error_low>
    <flux_statistical_error_high>1.0</flux_statistical_error_high>
    <flux_systematical_error_low>10.3</flux_systematical_error_low>
    <flux_systematical_error_high>10.3</flux_systematical_error_high>
  </DATA>
  <DATA>
    <time_min>2014-05-26T00:00:00</time_min>
    <time_max>2014-06-21T23:59:59</time_max>
    <rigidity_min>1.71</rigidity_min>
    <rigidity_max>1.92</rigidity_max>
    <flux>432.9</flux>
    <flux_statistical_error_low>1.0</flux_statistical_error_low>
    <flux_statistical_error_high>1.0</flux_statistical_error_high>
    <flux_systematical_error_low>10.2</flux_systematical_error_low>
    <flux_systematical_error_high>10.2</flux_systematical_error_high>
  </DATA>
  <DATA>
    <time_min>2014-06-22T00:00:00</time_min>
    <time_max>2014-07-18T23:59:59</time_max>
    <rigidity_min>1.71</rigidity_min>
    <rigidity_max>1.92</rigidity_max>
    <flux>416.8</flux>
    <flux_statistical_error_low>1.0</flux_statistical_error_low>
    <flux_statistical_error_high>1.0</flux_statistical_error_high>
    <flux_systematical_error_low>9.9</flux_systematical_error_low>
    <flux_systematical_error_high>9.9</flux_systematical_error_high>
  </DATA>
  <DATA>
    <time_min>2014-07-19T00:00:00</time_min>
    <time_max>2014-08-14T23:59:59</time_max>
    <rigidity_min>1.71</rigidity_min>
    <rigidity_max>1.92</rigidity_max>
    <flux>452.5</flux>
    <flux_statistical_error_low>1.0</flux_statistical_error_low>
    <flux_statistical_error_high>1.0</flux_statistical_error_high>
    <flux_systematical_error_low>10.7</flux_systematical_error_low>
    <flux_systematical_error_high>10.7</flux_systematical_error_high>
  </DATA>
  <DATA>
    <time_min>2014-08-15T00:00:00</time_min>
    <time_max>2014-09-10T23:59:59</time_max>
    <rigidity_min>1.71</rigidity_min>
    <rigidity_max>1.92</rigidity_max>
    <flux>489.5</flux>
    <flux_statistical_error_low>1.1</flux_statistical_error_low>
    <flux_statistical_error_high>1.1</flux_statistical_error_high>
    <flux_systematical_error_low>11.5</flux_systematical_error_low>
    <flux_systematical_error_high>11.5</flux_systematical_error_high>
  </DATA>
  <DATA>
    <time_min>2014-09-11T00:00:00</time_min>
    <time_max>2014-10-07T23:59:59</time_max>
    <rigidity_min>1.71</rigidity_min>
    <rigidity_max>1.92</rigidity_max>
    <flux>486.5</flux>
    <flux_statistical_error_low>1.3</flux_statistical_error_low>
    <flux_statistical_error_high>1.3</flux_statistical_error_high>
    <flux_systematical_error_low>11.6</flux_systematical_error_low>
    <flux_systematical_error_high>11.6</flux_systematical_error_high>
  </DATA>
  <DATA>
    <time_min>2014-12-01T00:00:00</time_min>
    <time_max>2014-12-27T23:59:59</time_max>
    <rigidity_min>1.71</rigidity_min>
    <rigidity_max>1.92</rigidity_max>
    <flux>496.4</flux>
    <flux_statistical_error_low>1.0</flux_statistical_error_low>
    <flux_statistical_error_high>1.0</flux_statistical_error_high>
    <flux_systematical_error_low>11.7</flux_systematical_error_low>
    <flux_systematical_error_high>11.7</flux_systematical_error_high>
  </DATA>
  <DATA>
    <time_min>2014-12-28T00:00:00</time_min>
    <time_max>2015-01-23T23:59:59</time_max>
    <rigidity_min>1.71</rigidity_min>
    <rigidity_max>1.92</rigidity_max>
    <flux>484.1</flux>
    <flux_statistical_error_low>1.1</flux_statistical_error_low>
    <flux_statistical_error_high>1.1</flux_statistical_error_high>
    <flux_systematical_error_low>11.4</flux_systematical_error_low>
    <flux_systematical_error_high>11.4</flux_systematical_error_high>
  </DATA>
  <DATA>
    <time_min>2015-01-24T00:00:00</time_min>
    <time_max>2015-02-19T23:59:59</time_max>
    <rigidity_min>1.71</rigidity_min>
    <rigidity_max>1.92</rigidity_max>
    <flux>486.3</flux>
    <flux_statistical_error_low>1.0</flux_statistical_error_low>
    <flux_statistical_error_high>1.0</flux_statistical_error_high>
    <flux_systematical_error_low>11.4</flux_systematical_error_low>
    <flux_systematical_error_high>11.4</flux_systematical_error_high>
  </DATA>
  <DATA>
    <time_min>2015-02-20T00:00:00</time_min>
    <time_max>2015-03-18T23:59:59</time_max>
    <rigidity_min>1.71</rigidity_min>
    <rigidity_max>1.92</rigidity_max>
    <flux>459.6</flux>
    <flux_statistical_error_low>1.0</flux_statistical_error_low>
    <flux_statistical_error_high>1.0</flux_statistical_error_high>
    <flux_systematical_error_low>10.8</flux_systematical_error_low>
    <flux_systematical_error_high>10.8</flux_systematical_error_high>
  </DATA>
  <DATA>
    <time_min>2015-03-19T00:00:00</time_min>
    <time_max>2015-04-14T23:59:59</time_max>
    <rigidity_min>1.71</rigidity_min>
    <rigidity_max>1.92</rigidity_max>
    <flux>420.1</flux>
    <flux_statistical_error_low>1.0</flux_statistical_error_low>
    <flux_statistical_error_high>1.0</flux_statistical_error_high>
    <flux_systematical_error_low>9.9</flux_systematical_error_low>
    <flux_systematical_error_high>9.9</flux_systematical_error_high>
  </DATA>
  <DATA>
    <time_min>2015-04-15T00:00:00</time_min>
    <time_max>2015-05-11T23:59:59</time_max>
    <rigidity_min>1.71</rigidity_min>
    <rigidity_max>1.92</rigidity_max>
    <flux>425.3</flux>
    <flux_statistical_error_low>1.0</flux_statistical_error_low>
    <flux_statistical_error_high>1.0</flux_statistical_error_high>
    <flux_systematical_error_low>10.2</flux_systematical_error_low>
    <flux_systematical_error_high>10.2</flux_systematical_error_high>
  </DATA>
  <DATA>
    <time_min>2015-05-12T00:00:00</time_min>
    <time_max>2015-06-07T23:59:59</time_max>
    <rigidity_min>1.71</rigidity_min>
    <rigidity_max>1.92</rigidity_max>
    <flux>482.1</flux>
    <flux_statistical_error_low>1.0</flux_statistical_error_low>
    <flux_statistical_error_high>1.0</flux_statistical_error_high>
    <flux_systematical_error_low>11.3</flux_systematical_error_low>
    <flux_systematical_error_high>11.3</flux_systematical_error_high>
  </DATA>
  <DATA>
    <time_min>2015-06-08T00:00:00</time_min>
    <time_max>2015-07-04T23:59:59</time_max>
    <rigidity_min>1.71</rigidity_min>
    <rigidity_max>1.92</rigidity_max>
    <flux>486.3</flux>
    <flux_statistical_error_low>1.0</flux_statistical_error_low>
    <flux_statistical_error_high>1.0</flux_statistical_error_high>
    <flux_systematical_error_low>11.4</flux_systematical_error_low>
    <flux_systematical_error_high>11.4</flux_systematical_error_high>
  </DATA>
  <DATA>
    <time_min>2015-07-05T00:00:00</time_min>
    <time_max>2015-07-31T23:59:59</time_max>
    <rigidity_min>1.71</rigidity_min>
    <rigidity_max>1.92</rigidity_max>
    <flux>520.0</flux>
    <flux_statistical_error_low>1.1</flux_statistical_error_low>
    <flux_statistical_error_high>1.1</flux_statistical_error_high>
    <flux_systematical_error_low>12.3</flux_systematical_error_low>
    <flux_systematical_error_high>12.3</flux_systematical_error_high>
  </DATA>
  <DATA>
    <time_min>2015-08-01T00:00:00</time_min>
    <time_max>2015-08-27T23:59:59</time_max>
    <rigidity_min>1.71</rigidity_min>
    <rigidity_max>1.92</rigidity_max>
    <flux>538.7</flux>
    <flux_statistical_error_low>1.1</flux_statistical_error_low>
    <flux_statistical_error_high>1.1</flux_statistical_error_high>
    <flux_systematical_error_low>12.7</flux_systematical_error_low>
    <flux_systematical_error_high>12.7</flux_systematical_error_high>
  </DATA>
  <DATA>
    <time_min>2015-08-28T00:00:00</time_min>
    <time_max>2015-09-23T23:59:59</time_max>
    <rigidity_min>1.71</rigidity_min>
    <rigidity_max>1.92</rigidity_max>
    <flux>542.0</flux>
    <flux_statistical_error_low>1.2</flux_statistical_error_low>
    <flux_statistical_error_high>1.2</flux_statistical_error_high>
    <flux_systematical_error_low>12.8</flux_systematical_error_low>
    <flux_systematical_error_high>12.8</flux_systematical_error_high>
  </DATA>
  <DATA>
    <time_min>2015-09-24T00:00:00</time_min>
    <time_max>2015-10-20T23:59:59</time_max>
    <rigidity_min>1.71</rigidity_min>
    <rigidity_max>1.92</rigidity_max>
    <flux>557.8</flux>
    <flux_statistical_error_low>1.2</flux_statistical_error_low>
    <flux_statistical_error_high>1.2</flux_statistical_error_high>
    <flux_systematical_error_low>13.1</flux_systematical_error_low>
    <flux_systematical_error_high>13.1</flux_systematical_error_high>
  </DATA>
  <DATA>
    <time_min>2015-10-21T00:00:00</time_min>
    <time_max>2015-11-16T23:59:59</time_max>
    <rigidity_min>1.71</rigidity_min>
    <rigidity_max>1.92</rigidity_max>
    <flux>568.0</flux>
    <flux_statistical_error_low>1.2</flux_statistical_error_low>
    <flux_statistical_error_high>1.2</flux_statistical_error_high>
    <flux_systematical_error_low>13.4</flux_systematical_error_low>
    <flux_systematical_error_high>13.4</flux_systematical_error_high>
  </DATA>
  <DATA>
    <time_min>2015-11-17T00:00:00</time_min>
    <time_max>2015-12-13T23:59:59</time_max>
    <rigidity_min>1.71</rigidity_min>
    <rigidity_max>1.92</rigidity_max>
    <flux>612.1</flux>
    <flux_statistical_error_low>1.2</flux_statistical_error_low>
    <flux_statistical_error_high>1.2</flux_statistical_error_high>
    <flux_systematical_error_low>14.4</flux_systematical_error_low>
    <flux_systematical_error_high>14.4</flux_systematical_error_high>
  </DATA>
  <DATA>
    <time_min>2015-12-14T00:00:00</time_min>
    <time_max>2016-01-09T23:59:59</time_max>
    <rigidity_min>1.71</rigidity_min>
    <rigidity_max>1.92</rigidity_max>
    <flux>636.4</flux>
    <flux_statistical_error_low>1.2</flux_statistical_error_low>
    <flux_statistical_error_high>1.2</flux_statistical_error_high>
    <flux_systematical_error_low>15.0</flux_systematical_error_low>
    <flux_systematical_error_high>15.0</flux_systematical_error_high>
  </DATA>
  <DATA>
    <time_min>2016-01-10T00:00:00</time_min>
    <time_max>2016-02-05T23:59:59</time_max>
    <rigidity_min>1.71</rigidity_min>
    <rigidity_max>1.92</rigidity_max>
    <flux>674.5</flux>
    <flux_statistical_error_low>1.3</flux_statistical_error_low>
    <flux_statistical_error_high>1.3</flux_statistical_error_high>
    <flux_systematical_error_low>15.9</flux_systematical_error_low>
    <flux_systematical_error_high>15.9</flux_systematical_error_high>
  </DATA>
  <DATA>
    <time_min>2016-02-06T00:00:00</time_min>
    <time_max>2016-03-03T23:59:59</time_max>
    <rigidity_min>1.71</rigidity_min>
    <rigidity_max>1.92</rigidity_max>
    <flux>692.6</flux>
    <flux_statistical_error_low>1.3</flux_statistical_error_low>
    <flux_statistical_error_high>1.3</flux_statistical_error_high>
    <flux_systematical_error_low>16.3</flux_systematical_error_low>
    <flux_systematical_error_high>16.3</flux_systematical_error_high>
  </DATA>
  <DATA>
    <time_min>2016-03-04T00:00:00</time_min>
    <time_max>2016-03-30T23:59:59</time_max>
    <rigidity_min>1.71</rigidity_min>
    <rigidity_max>1.92</rigidity_max>
    <flux>705.9</flux>
    <flux_statistical_error_low>1.3</flux_statistical_error_low>
    <flux_statistical_error_high>1.3</flux_statistical_error_high>
    <flux_systematical_error_low>16.7</flux_systematical_error_low>
    <flux_systematical_error_high>16.7</flux_systematical_error_high>
  </DATA>
  <DATA>
    <time_min>2016-03-31T00:00:00</time_min>
    <time_max>2016-04-26T23:59:59</time_max>
    <rigidity_min>1.71</rigidity_min>
    <rigidity_max>1.92</rigidity_max>
    <flux>709.8</flux>
    <flux_statistical_error_low>1.3</flux_statistical_error_low>
    <flux_statistical_error_high>1.3</flux_statistical_error_high>
    <flux_systematical_error_low>16.6</flux_systematical_error_low>
    <flux_systematical_error_high>16.6</flux_systematical_error_high>
  </DATA>
  <DATA>
    <time_min>2016-04-27T00:00:00</time_min>
    <time_max>2016-05-23T23:59:59</time_max>
    <rigidity_min>1.71</rigidity_min>
    <rigidity_max>1.92</rigidity_max>
    <flux>725.5</flux>
    <flux_statistical_error_low>1.4</flux_statistical_error_low>
    <flux_statistical_error_high>1.4</flux_statistical_error_high>
    <flux_systematical_error_low>17.0</flux_systematical_error_low>
    <flux_systematical_error_high>17.0</flux_systematical_error_high>
  </DATA>
  <DATA>
    <time_min>2016-05-24T00:00:00</time_min>
    <time_max>2016-06-19T23:59:59</time_max>
    <rigidity_min>1.71</rigidity_min>
    <rigidity_max>1.92</rigidity_max>
    <flux>759.1</flux>
    <flux_statistical_error_low>1.4</flux_statistical_error_low>
    <flux_statistical_error_high>1.4</flux_statistical_error_high>
    <flux_systematical_error_low>17.7</flux_systematical_error_low>
    <flux_systematical_error_high>17.7</flux_systematical_error_high>
  </DATA>
  <DATA>
    <time_min>2016-06-20T00:00:00</time_min>
    <time_max>2016-07-16T23:59:59</time_max>
    <rigidity_min>1.71</rigidity_min>
    <rigidity_max>1.92</rigidity_max>
    <flux>750.9</flux>
    <flux_statistical_error_low>1.4</flux_statistical_error_low>
    <flux_statistical_error_high>1.4</flux_statistical_error_high>
    <flux_systematical_error_low>17.6</flux_systematical_error_low>
    <flux_systematical_error_high>17.6</flux_systematical_error_high>
  </DATA>
  <DATA>
    <time_min>2016-07-17T00:00:00</time_min>
    <time_max>2016-08-12T23:59:59</time_max>
    <rigidity_min>1.71</rigidity_min>
    <rigidity_max>1.92</rigidity_max>
    <flux>753.5</flux>
    <flux_statistical_error_low>1.4</flux_statistical_error_low>
    <flux_statistical_error_high>1.4</flux_statistical_error_high>
    <flux_systematical_error_low>17.7</flux_systematical_error_low>
    <flux_systematical_error_high>17.7</flux_systematical_error_high>
  </DATA>
  <DATA>
    <time_min>2016-08-13T00:00:00</time_min>
    <time_max>2016-09-08T23:59:59</time_max>
    <rigidity_min>1.71</rigidity_min>
    <rigidity_max>1.92</rigidity_max>
    <flux>773.9</flux>
    <flux_statistical_error_low>1.5</flux_statistical_error_low>
    <flux_statistical_error_high>1.5</flux_statistical_error_high>
    <flux_systematical_error_low>18.1</flux_systematical_error_low>
    <flux_systematical_error_high>18.1</flux_systematical_error_high>
  </DATA>
  <DATA>
    <time_min>2016-09-09T00:00:00</time_min>
    <time_max>2016-10-05T23:59:59</time_max>
    <rigidity_min>1.71</rigidity_min>
    <rigidity_max>1.92</rigidity_max>
    <flux>799.7</flux>
    <flux_statistical_error_low>1.5</flux_statistical_error_low>
    <flux_statistical_error_high>1.5</flux_statistical_error_high>
    <flux_systematical_error_low>18.8</flux_systematical_error_low>
    <flux_systematical_error_high>18.8</flux_systematical_error_high>
  </DATA>
  <DATA>
    <time_min>2016-10-06T00:00:00</time_min>
    <time_max>2016-11-01T23:59:59</time_max>
    <rigidity_min>1.71</rigidity_min>
    <rigidity_max>1.92</rigidity_max>
    <flux>834.0</flux>
    <flux_statistical_error_low>1.6</flux_statistical_error_low>
    <flux_statistical_error_high>1.6</flux_statistical_error_high>
    <flux_systematical_error_low>19.6</flux_systematical_error_low>
    <flux_systematical_error_high>19.6</flux_systematical_error_high>
  </DATA>
  <DATA>
    <time_min>2016-11-02T00:00:00</time_min>
    <time_max>2016-11-28T23:59:59</time_max>
    <rigidity_min>1.71</rigidity_min>
    <rigidity_max>1.92</rigidity_max>
    <flux>864.1</flux>
    <flux_statistical_error_low>1.6</flux_statistical_error_low>
    <flux_statistical_error_high>1.6</flux_statistical_error_high>
    <flux_systematical_error_low>20.2</flux_systematical_error_low>
    <flux_systematical_error_high>20.2</flux_systematical_error_high>
  </DATA>
  <DATA>
    <time_min>2016-11-29T00:00:00</time_min>
    <time_max>2016-12-25T23:59:59</time_max>
    <rigidity_min>1.71</rigidity_min>
    <rigidity_max>1.92</rigidity_max>
    <flux>877.9</flux>
    <flux_statistical_error_low>1.5</flux_statistical_error_low>
    <flux_statistical_error_high>1.5</flux_statistical_error_high>
    <flux_systematical_error_low>20.6</flux_systematical_error_low>
    <flux_systematical_error_high>20.6</flux_systematical_error_high>
  </DATA>
  <DATA>
    <time_min>2016-12-26T00:00:00</time_min>
    <time_max>2017-01-21T23:59:59</time_max>
    <rigidity_min>1.71</rigidity_min>
    <rigidity_max>1.92</rigidity_max>
    <flux>891.4</flux>
    <flux_statistical_error_low>1.6</flux_statistical_error_low>
    <flux_statistical_error_high>1.6</flux_statistical_error_high>
    <flux_systematical_error_low>20.9</flux_systematical_error_low>
    <flux_systematical_error_high>20.9</flux_systematical_error_high>
  </DATA>
  <DATA>
    <time_min>2017-01-22T00:00:00</time_min>
    <time_max>2017-02-17T23:59:59</time_max>
    <rigidity_min>1.71</rigidity_min>
    <rigidity_max>1.92</rigidity_max>
    <flux>908.5</flux>
    <flux_statistical_error_low>1.6</flux_statistical_error_low>
    <flux_statistical_error_high>1.6</flux_statistical_error_high>
    <flux_systematical_error_low>21.3</flux_systematical_error_low>
    <flux_systematical_error_high>21.3</flux_systematical_error_high>
  </DATA>
  <DATA>
    <time_min>2017-02-18T00:00:00</time_min>
    <time_max>2017-03-16T23:59:59</time_max>
    <rigidity_min>1.71</rigidity_min>
    <rigidity_max>1.92</rigidity_max>
    <flux>916.7</flux>
    <flux_statistical_error_low>1.8</flux_statistical_error_low>
    <flux_statistical_error_high>1.8</flux_statistical_error_high>
    <flux_systematical_error_low>21.5</flux_systematical_error_low>
    <flux_systematical_error_high>21.5</flux_systematical_error_high>
  </DATA>
  <DATA>
    <time_min>2017-03-17T00:00:00</time_min>
    <time_max>2017-04-12T23:59:59</time_max>
    <rigidity_min>1.71</rigidity_min>
    <rigidity_max>1.92</rigidity_max>
    <flux>915.0</flux>
    <flux_statistical_error_low>1.7</flux_statistical_error_low>
    <flux_statistical_error_high>1.7</flux_statistical_error_high>
    <flux_systematical_error_low>21.4</flux_systematical_error_low>
    <flux_systematical_error_high>21.4</flux_systematical_error_high>
  </DATA>
  <DATA>
    <time_min>2017-04-13T00:00:00</time_min>
    <time_max>2017-05-09T23:59:59</time_max>
    <rigidity_min>1.71</rigidity_min>
    <rigidity_max>1.92</rigidity_max>
    <flux>910.2</flux>
    <flux_statistical_error_low>1.7</flux_statistical_error_low>
    <flux_statistical_error_high>1.7</flux_statistical_error_high>
    <flux_systematical_error_low>21.5</flux_systematical_error_low>
    <flux_systematical_error_high>21.5</flux_systematical_error_high>
  </DATA>
</XML>
